[32m2025-07-20T18:26:27.042Z [INFO] Starting Gbotx Backtesting Module[39m
[32m2025-07-20T18:26:27.062Z [INFO] Strategy initialized with configuration: {[39m
[32m  "symbols": [[39m
[32m    "BTCUSDT",[39m
[32m    "ETHUSDT"[39m
[32m  ],[39m
[32m  "dataDirectory": "data",[39m
[32m  "initialCapital": 10000,[39m
[32m  "spread": 0.006,[39m
[32m  "riskPercent": 0.01,[39m
[32m  "atrPeriod": 14,[39m
[32m  "stopLossMultiplier": 3,[39m
[32m  "minTradeQuantity": 0.001,[39m
[32m  "maxQuantityCap": 1[39m
[32m}[39m
[33m2025-07-20T18:26:27.079Z [WARN] No data file for BTCUSDT found at data/historical_prices_btcusdt.json, initializing with empty dataset. {[39m
[33m  "error": {[39m
[33m    "errno": -2,[39m
[33m    "code": "ENOENT",[39m
[33m    "syscall": "open",[39m
[33m    "path": "data/historical_prices_btcusdt.json"[39m
[33m  }[39m
[33m}[39m
[33m2025-07-20T18:26:27.083Z [WARN] No data file for ETHUSDT found at data/historical_prices_ethusdt.json, initializing with empty dataset. {[39m
[33m  "error": {[39m
[33m    "errno": -2,[39m
[33m    "code": "ENOENT",[39m
[33m    "syscall": "open",[39m
[33m    "path": "data/historical_prices_ethusdt.json"[39m
[33m  }[39m
[33m}[39m
[33m2025-07-20T18:26:27.084Z [WARN] No historical data found for symbol: BTCUSDT. Skipping this symbol in backtest.[39m
[33m2025-07-20T18:26:27.084Z [WARN] No historical data found for symbol: ETHUSDT. Skipping this symbol in backtest.[39m
[31m2025-07-20T18:26:27.085Z [ERROR] No events to backtest. Ensure historical data files are populated.[39m
[32m2025-07-20T18:26:27.085Z [INFO] Backtest Results: {}[39m
[32m2025-07-20T18:58:41.162Z [INFO] Loaded historical data for TRUMPUSDT from data/historical_prices_trumpusdt.json[39m
[32m2025-07-20T18:58:41.186Z [INFO] Loaded historical data for BTCUSDT from data/historical_prices_btcusdt.json[39m
[32m2025-07-20T18:58:41.192Z [INFO] Starting backtest with 12 events across 2 symbols.[39m
[33m2025-07-20T18:58:41.202Z [WARN] Zero stop-loss distance for TRUMPUSDT. Cannot calculate order size. {[39m
[33m  "symbol": "TRUMPUSDT",[39m
[33m  "currentPrice": 10,[39m
[33m  "volatility": 0[39m
[33m}[39m
[32m2025-07-20T18:58:41.215Z [INFO] Equity updated {[39m
[32m  "totalCash": "10000.00",[39m
[32m  "positions": "{\"TRUMPUSDT\":0,\"BTCUSDT\":0}",[39m
[32m  "equity": "10000.00"[39m
[32m}[39m
[32m2025-07-20T18:58:41.220Z [INFO] Backtest Buy executed for TRUMPUSDT: 0.0000 at 9.97. Cash: 5000.00, Position: 0.0000[39m
[32m2025-07-20T18:58:41.223Z [INFO] Equity updated {[39m
[32m  "totalCash": "10000.00",[39m
[32m  "positions": "{\"TRUMPUSDT\":0,\"BTCUSDT\":0}",[39m
[32m  "equity": "10000.00"[39m
[32m}[39m
[32m2025-07-20T18:58:41.225Z [INFO] Backtest Sell executed for TRUMPUSDT: 0.0000 at 10.03. Cash: 5000.00, Position: 0.0000, Profit: 0.00[39m
[33m2025-07-20T18:58:41.228Z [WARN] Zero stop-loss distance for BTCUSDT. Cannot calculate order size. {[39m
[33m  "symbol": "BTCUSDT",[39m
[33m  "currentPrice": 50000,[39m
[33m  "volatility": 0[39m
[33m}[39m
[32m2025-07-20T18:58:41.232Z [INFO] Equity updated {[39m
[32m  "totalCash": "10000.00",[39m
[32m  "positions": "{\"TRUMPUSDT\":0,\"BTCUSDT\":0}",[39m
[32m  "equity": "10000.00"[39m
[32m}[39m
[32m2025-07-20T18:58:41.235Z [INFO] Backtest Buy executed for BTCUSDT: 0.0000 at 49850.00. Cash: 5000.00, Position: 0.0000[39m
[32m2025-07-20T18:58:41.237Z [INFO] Equity updated {[39m
[32m  "totalCash": "10000.00",[39m
[32m  "positions": "{\"TRUMPUSDT\":0,\"BTCUSDT\":0}",[39m
[32m  "equity": "10000.00"[39m
[32m}[39m
[32m2025-07-20T18:58:41.239Z [INFO] Backtest Sell executed for BTCUSDT: 0.0000 at 50150.00. Cash: 5000.00, Position: 0.0000, Profit: 0.00[39m
[32m2025-07-20T18:58:41.249Z [INFO] Equity updated {[39m
[32m  "totalCash": "9989.97",[39m
[32m  "positions": "{\"TRUMPUSDT\":1,\"BTCUSDT\":0}",[39m
[32m  "equity": "10000.02"[39m
[32m}[39m
[32m2025-07-20T18:58:41.251Z [INFO] Backtest Buy executed for TRUMPUSDT: 1.0000 at 10.02. Cash: 4989.97, Position: 1.0000[39m
[32m2025-07-20T18:58:41.254Z [INFO] Equity updated {[39m
[32m  "totalCash": "10000.04",[39m
[32m  "positions": "{\"TRUMPUSDT\":0,\"BTCUSDT\":0}",[39m
[32m  "equity": "10000.04"[39m
[32m}[39m
[32m2025-07-20T18:58:41.256Z [INFO] Backtest Sell executed for TRUMPUSDT: 1.0000 at 10.08. Cash: 5000.04, Position: 0.0000, Profit: 0.05[39m
[32m2025-07-20T18:58:41.267Z [INFO] Equity updated {[39m
[32m  "totalCash": "5009.05",[39m
[32m  "positions": "{\"TRUMPUSDT\":0,\"BTCUSDT\":0.09998}",[39m
[32m  "equity": "10009.05"[39m
[32m}[39m
[32m2025-07-20T18:58:41.272Z [INFO] Backtest Buy executed for BTCUSDT: 0.1000 at 49859.97. Cash: 9.02, Position: 0.1000[39m
[32m2025-07-20T18:58:41.274Z [INFO] Equity updated {[39m
[32m  "totalCash": "10018.04",[39m
[32m  "positions": "{\"TRUMPUSDT\":0,\"BTCUSDT\":0}",[39m
[32m  "equity": "10018.04"[39m
[32m}[39m
[32m2025-07-20T18:58:41.276Z [INFO] Backtest Sell executed for BTCUSDT: 0.1000 at 50160.03. Cash: 5018.00, Position: 0.0000, Profit: 23.98[39m
[32m2025-07-20T18:58:41.284Z [INFO] Equity updated {[39m
[32m  "totalCash": "10007.95",[39m
[32m  "positions": "{\"TRUMPUSDT\":1,\"BTCUSDT\":0}",[39m
[32m  "equity": "10018.05"[39m
[32m}[39m
[32m2025-07-20T18:58:41.286Z [INFO] Backtest Buy executed for TRUMPUSDT: 1.0000 at 10.07. Cash: 4989.95, Position: 1.0000[39m
[32m2025-07-20T18:58:41.289Z [INFO] Equity updated {[39m
[32m  "totalCash": "10018.07",[39m
[32m  "positions": "{\"TRUMPUSDT\":0,\"BTCUSDT\":0}",[39m
[32m  "equity": "10018.07"[39m
[32m}[39m
[32m2025-07-20T18:58:41.291Z [INFO] Backtest Sell executed for TRUMPUSDT: 1.0000 at 10.13. Cash: 5000.07, Position: 0.0000, Profit: 0.05[39m
[32m2025-07-20T18:58:41.295Z [INFO] Equity updated {[39m
[32m  "totalCash": "5009.12",[39m
[32m  "positions": "{\"TRUMPUSDT\":0,\"BTCUSDT\":0.10032}",[39m
[32m  "equity": "10027.12"[39m
[32m}[39m
[32m2025-07-20T18:58:41.298Z [INFO] Backtest Buy executed for BTCUSDT: 0.1003 at 49869.94. Cash: 9.04, Position: 0.1003[39m
[32m2025-07-20T18:58:41.299Z [INFO] Equity updated {[39m
[32m  "totalCash": "10036.14",[39m
[32m  "positions": "{\"TRUMPUSDT\":0,\"BTCUSDT\":0}",[39m
[32m  "equity": "10036.14"[39m
[32m}[39m
[32m2025-07-20T18:58:41.299Z [INFO] Backtest Sell executed for BTCUSDT: 0.1003 at 50170.06. Cash: 5036.06, Position: 0.0000, Profit: 24.07[39m
[32m2025-07-20T18:58:41.304Z [INFO] Equity updated {[39m
[32m  "totalCash": "10026.08",[39m
[32m  "positions": "{\"TRUMPUSDT\":1,\"BTCUSDT\":0}",[39m
[32m  "equity": "10036.16"[39m
[32m}[39m
[32m2025-07-20T18:58:41.305Z [INFO] Backtest Buy executed for TRUMPUSDT: 1.0000 at 10.05. Cash: 4990.01, Position: 1.0000[39m
[32m2025-07-20T18:58:41.305Z [INFO] Equity updated {[39m
[32m  "totalCash": "10036.17",[39m
[32m  "positions": "{\"TRUMPUSDT\":0,\"BTCUSDT\":0}",[39m
[32m  "equity": "10036.17"[39m
[32m}[39m
[32m2025-07-20T18:58:41.305Z [INFO] Backtest Sell executed for TRUMPUSDT: 1.0000 at 10.11. Cash: 5000.11, Position: 0.0000, Profit: 0.05[39m
[32m2025-07-20T18:58:41.307Z [INFO] Equity updated {[39m
[32m  "totalCash": "5009.20",[39m
[32m  "positions": "{\"TRUMPUSDT\":0,\"BTCUSDT\":0.100691}",[39m
[32m  "equity": "10045.26"[39m
[32m}[39m
[32m2025-07-20T18:58:41.309Z [INFO] Backtest Buy executed for BTCUSDT: 0.1007 at 49864.96. Cash: 9.09, Position: 0.1007[39m
[32m2025-07-20T18:58:41.309Z [INFO] Equity updated {[39m
[32m  "totalCash": "10054.30",[39m
[32m  "positions": "{\"TRUMPUSDT\":0,\"BTCUSDT\":0}",[39m
[32m  "equity": "10054.30"[39m
[32m}[39m
[32m2025-07-20T18:58:41.312Z [INFO] Backtest Sell executed for BTCUSDT: 0.1007 at 50165.04. Cash: 5054.19, Position: 0.0000, Profit: 24.15[39m
[32m2025-07-20T18:58:41.323Z [INFO] Equity updated {[39m
[32m  "totalCash": "10044.20",[39m
[32m  "positions": "{\"TRUMPUSDT\":1,\"BTCUSDT\":0}",[39m
[32m  "equity": "10054.32"[39m
[32m}[39m
[32m2025-07-20T18:58:41.323Z [INFO] Backtest Buy executed for TRUMPUSDT: 1.0000 at 10.09. Cash: 4990.01, Position: 1.0000[39m
[32m2025-07-20T18:58:41.323Z [INFO] Equity updated {[39m
[32m  "totalCash": "10054.34",[39m
[32m  "positions": "{\"TRUMPUSDT\":0,\"BTCUSDT\":0}",[39m
[32m  "equity": "10054.34"[39m
[32m}[39m
[32m2025-07-20T18:58:41.324Z [INFO] Backtest Sell executed for TRUMPUSDT: 1.0000 at 10.15. Cash: 5000.15, Position: 0.0000, Profit: 0.05[39m
[32m2025-07-20T18:58:41.325Z [INFO] Equity updated {[39m
[32m  "totalCash": "5009.28",[39m
[32m  "positions": "{\"TRUMPUSDT\":0,\"BTCUSDT\":0.101033}",[39m
[32m  "equity": "10063.46"[39m
[32m}[39m
[32m2025-07-20T18:58:41.325Z [INFO] Backtest Buy executed for BTCUSDT: 0.1010 at 49874.93. Cash: 9.13, Position: 0.1010[39m
[32m2025-07-20T18:58:41.326Z [INFO] Equity updated {[39m
[32m  "totalCash": "10072.53",[39m
[32m  "positions": "{\"TRUMPUSDT\":0,\"BTCUSDT\":0}",[39m
[32m  "equity": "10072.53"[39m
[32m}[39m
[32m2025-07-20T18:58:41.326Z [INFO] Backtest Sell executed for BTCUSDT: 0.1010 at 50175.07. Cash: 5072.39, Position: 0.0000, Profit: 24.24[39m
[32m2025-07-20T18:58:41.327Z [INFO] Equity updated {[39m
[32m  "totalCash": "10062.40",[39m
[32m  "positions": "{\"TRUMPUSDT\":1,\"BTCUSDT\":0}",[39m
[32m  "equity": "10072.55"[39m
[32m}[39m
[32m2025-07-20T18:58:41.330Z [INFO] Backtest Buy executed for TRUMPUSDT: 1.0000 at 10.12. Cash: 4990.01, Position: 1.0000[39m
[32m2025-07-20T18:58:41.332Z [INFO] Equity updated {[39m
[32m  "totalCash": "10072.57",[39m
[32m  "positions": "{\"TRUMPUSDT\":0,\"BTCUSDT\":0}",[39m
[32m  "equity": "10072.57"[39m
[32m}[39m
[32m2025-07-20T18:58:41.334Z [INFO] Backtest Sell executed for TRUMPUSDT: 1.0000 at 10.18. Cash: 5000.18, Position: 0.0000, Profit: 0.05[39m
[32m2025-07-20T18:58:41.338Z [INFO] Equity updated {[39m
[32m  "totalCash": "5009.33",[39m
[32m  "positions": "{\"TRUMPUSDT\":0,\"BTCUSDT\":0.101387}",[39m
[32m  "equity": "10081.72"[39m
[32m}[39m
[32m2025-07-20T18:58:41.343Z [INFO] Backtest Buy executed for BTCUSDT: 0.1014 at 49879.91. Cash: 9.15, Position: 0.1014[39m
[32m2025-07-20T18:58:41.343Z [INFO] Equity updated {[39m
[32m  "totalCash": "10090.83",[39m
[32m  "positions": "{\"TRUMPUSDT\":0,\"BTCUSDT\":0}",[39m
[32m  "equity": "10090.83"[39m
[32m}[39m
[32m2025-07-20T18:58:41.344Z [INFO] Backtest Sell executed for BTCUSDT: 0.1014 at 50180.09. Cash: 5090.65, Position: 0.0000, Profit: 24.33[39m
[32m2025-07-20T18:58:41.351Z [INFO] Backtest completed with multi-symbol support {[39m
[32m  "metrics": {[39m
[32m    "TRUMPUSDT": {[39m
[32m      "totalProfit": 0.48,[39m
[32m      "tradeCount": 12,[39m
[32m      "winRate": 83.33,[39m
[32m      "profitFactor": null,[39m
[32m      "averageTradeProfit": 0.0404,[39m
[32m      "sharpeRatio": 2.236,[39m
[32m      "sortinoRatio": 0,[39m
[32m      "maxDrawdown": 0.9,[39m
[32m      "calmarRatio": 0,[39m
[32m      "totalVolumeTraded": 101[39m
[32m    },[39m
[32m    "BTCUSDT": {[39m
[32m      "totalProfit": 241.55,[39m
[32m      "tradeCount": 12,[39m
[32m      "winRate": 83.33,[39m
[32m      "profitFactor": null,[39m
[32m      "averageTradeProfit": 20.1294,[39m
[32m      "sharpeRatio": 2.2359,[39m
[32m      "sortinoRatio": 0,[39m
[32m      "maxDrawdown": 0.9,[39m
[32m      "calmarRatio": 0,[39m
[32m      "totalVolumeTraded": 50361.27[39m
[32m    },[39m
[32m    "aggregate": {[39m
[32m      "sharpeRatio": 2.23595,[39m
[32m      "sortinoRatio": 0,[39m
[32m      "maxDrawdown": 0.9,[39m
[32m      "winRate": 83.33,[39m
[32m      "profitFactor": null,[39m
[32m      "calmarRatio": 0,[39m
[32m      "totalProfit": 242.03,[39m
[32m      "finalEquity": 10090.832082399997,[39m
[32m      "totalTradeCount": 24,[39m
[32m      "averageTradeProfit": 10.084583333333333,[39m
[32m      "totalVolumeTraded": 50462.27[39m
[32m    }[39m
[32m  }[39m
[32m}[39m
[32m2025-07-20T19:01:08.841Z [INFO] Loaded historical data for TRUMPUSDT from data/historical_prices_trumpusdt.json[39m
[32m2025-07-20T19:01:08.857Z [INFO] Loaded historical data for BTCUSDT from data/historical_prices_btcusdt.json[39m
[32m2025-07-20T19:01:08.862Z [INFO] Starting backtest with 12 events across 2 symbols.[39m
[33m2025-07-20T19:01:08.873Z [WARN] Zero stop-loss distance for TRUMPUSDT. Cannot calculate order size. {[39m
[33m  "symbol": "TRUMPUSDT",[39m
[33m  "currentPrice": 10,[39m
[33m  "volatility": 0[39m
[33m}[39m
[32m2025-07-20T19:01:08.877Z [INFO] Equity updated {[39m
[32m  "totalCash": "10000.00",[39m
[32m  "positions": "{\"TRUMPUSDT\":0,\"BTCUSDT\":0}",[39m
[32m  "equity": "10000.00"[39m
[32m}[39m
[32m2025-07-20T19:01:08.879Z [INFO] Backtest Buy executed for TRUMPUSDT: 0.0000 at 9.97. Cash: 5000.00, Position: 0.0000[39m
[32m2025-07-20T19:01:08.882Z [INFO] Equity updated {[39m
[32m  "totalCash": "10000.00",[39m
[32m  "positions": "{\"TRUMPUSDT\":0,\"BTCUSDT\":0}",[39m
[32m  "equity": "10000.00"[39m
[32m}[39m
[32m2025-07-20T19:01:08.883Z [INFO] Backtest Sell executed for TRUMPUSDT: 0.0000 at 10.03. Cash: 5000.00, Position: 0.0000, Profit: 0.00[39m
[33m2025-07-20T19:01:08.884Z [WARN] Zero stop-loss distance for BTCUSDT. Cannot calculate order size. {[39m
[33m  "symbol": "BTCUSDT",[39m
[33m  "currentPrice": 50000,[39m
[33m  "volatility": 0[39m
[33m}[39m
[32m2025-07-20T19:01:08.885Z [INFO] Equity updated {[39m
[32m  "totalCash": "10000.00",[39m
[32m  "positions": "{\"TRUMPUSDT\":0,\"BTCUSDT\":0}",[39m
[32m  "equity": "10000.00"[39m
[32m}[39m
[32m2025-07-20T19:01:08.886Z [INFO] Backtest Buy executed for BTCUSDT: 0.0000 at 49850.00. Cash: 5000.00, Position: 0.0000[39m
[32m2025-07-20T19:01:08.887Z [INFO] Equity updated {[39m
[32m  "totalCash": "10000.00",[39m
[32m  "positions": "{\"TRUMPUSDT\":0,\"BTCUSDT\":0}",[39m
[32m  "equity": "10000.00"[39m
[32m}[39m
[32m2025-07-20T19:01:08.887Z [INFO] Backtest Sell executed for BTCUSDT: 0.0000 at 50150.00. Cash: 5000.00, Position: 0.0000, Profit: 0.00[39m
[32m2025-07-20T19:01:08.890Z [INFO] Equity updated {[39m
[32m  "totalCash": "9989.97",[39m
[32m  "positions": "{\"TRUMPUSDT\":1,\"BTCUSDT\":0}",[39m
[32m  "equity": "10000.02"[39m
[32m}[39m
[32m2025-07-20T19:01:08.891Z [INFO] Backtest Buy executed for TRUMPUSDT: 1.0000 at 10.02. Cash: 4989.97, Position: 1.0000[39m
[32m2025-07-20T19:01:08.891Z [INFO] Equity updated {[39m
[32m  "totalCash": "10000.04",[39m
[32m  "positions": "{\"TRUMPUSDT\":0,\"BTCUSDT\":0}",[39m
[32m  "equity": "10000.04"[39m
[32m}[39m
[32m2025-07-20T19:01:08.892Z [INFO] Backtest Sell executed for TRUMPUSDT: 1.0000 at 10.08. Cash: 5000.04, Position: 0.0000, Profit: 0.05[39m
[32m2025-07-20T19:01:08.897Z [INFO] Equity updated {[39m
[32m  "totalCash": "5009.05",[39m
[32m  "positions": "{\"TRUMPUSDT\":0,\"BTCUSDT\":0.09998}",[39m
[32m  "equity": "10009.05"[39m
[32m}[39m
[32m2025-07-20T19:01:08.901Z [INFO] Backtest Buy executed for BTCUSDT: 0.1000 at 49859.97. Cash: 9.02, Position: 0.1000[39m
[32m2025-07-20T19:01:08.902Z [INFO] Equity updated {[39m
[32m  "totalCash": "10018.04",[39m
[32m  "positions": "{\"TRUMPUSDT\":0,\"BTCUSDT\":0}",[39m
[32m  "equity": "10018.04"[39m
[32m}[39m
[32m2025-07-20T19:01:08.902Z [INFO] Backtest Sell executed for BTCUSDT: 0.1000 at 50160.03. Cash: 5018.00, Position: 0.0000, Profit: 23.98[39m
[32m2025-07-20T19:01:08.907Z [INFO] Equity updated {[39m
[32m  "totalCash": "10007.95",[39m
[32m  "positions": "{\"TRUMPUSDT\":1,\"BTCUSDT\":0}",[39m
[32m  "equity": "10018.05"[39m
[32m}[39m
[32m2025-07-20T19:01:08.907Z [INFO] Backtest Buy executed for TRUMPUSDT: 1.0000 at 10.07. Cash: 4989.95, Position: 1.0000[39m
[32m2025-07-20T19:01:08.909Z [INFO] Equity updated {[39m
[32m  "totalCash": "10018.07",[39m
[32m  "positions": "{\"TRUMPUSDT\":0,\"BTCUSDT\":0}",[39m
[32m  "equity": "10018.07"[39m
[32m}[39m
[32m2025-07-20T19:01:08.910Z [INFO] Backtest Sell executed for TRUMPUSDT: 1.0000 at 10.13. Cash: 5000.07, Position: 0.0000, Profit: 0.05[39m
[32m2025-07-20T19:01:08.911Z [INFO] Equity updated {[39m
[32m  "totalCash": "5009.12",[39m
[32m  "positions": "{\"TRUMPUSDT\":0,\"BTCUSDT\":0.10032}",[39m
[32m  "equity": "10027.12"[39m
[32m}[39m
[32m2025-07-20T19:01:08.911Z [INFO] Backtest Buy executed for BTCUSDT: 0.1003 at 49869.94. Cash: 9.04, Position: 0.1003[39m
[32m2025-07-20T19:01:08.912Z [INFO] Equity updated {[39m
[32m  "totalCash": "10036.14",[39m
[32m  "positions": "{\"TRUMPUSDT\":0,\"BTCUSDT\":0}",[39m
[32m  "equity": "10036.14"[39m
[32m}[39m
[32m2025-07-20T19:01:08.912Z [INFO] Backtest Sell executed for BTCUSDT: 0.1003 at 50170.06. Cash: 5036.06, Position: 0.0000, Profit: 24.07[39m
[32m2025-07-20T19:01:08.913Z [INFO] Equity updated {[39m
[32m  "totalCash": "10026.08",[39m
[32m  "positions": "{\"TRUMPUSDT\":1,\"BTCUSDT\":0}",[39m
[32m  "equity": "10036.16"[39m
[32m}[39m
[32m2025-07-20T19:01:08.913Z [INFO] Backtest Buy executed for TRUMPUSDT: 1.0000 at 10.05. Cash: 4990.01, Position: 1.0000[39m
[32m2025-07-20T19:01:08.913Z [INFO] Equity updated {[39m
[32m  "totalCash": "10036.17",[39m
[32m  "positions": "{\"TRUMPUSDT\":0,\"BTCUSDT\":0}",[39m
[32m  "equity": "10036.17"[39m
[32m}[39m
[32m2025-07-20T19:01:08.914Z [INFO] Backtest Sell executed for TRUMPUSDT: 1.0000 at 10.11. Cash: 5000.11, Position: 0.0000, Profit: 0.05[39m
[32m2025-07-20T19:01:08.914Z [INFO] Equity updated {[39m
[32m  "totalCash": "5009.20",[39m
[32m  "positions": "{\"TRUMPUSDT\":0,\"BTCUSDT\":0.100691}",[39m
[32m  "equity": "10045.26"[39m
[32m}[39m
[32m2025-07-20T19:01:08.915Z [INFO] Backtest Buy executed for BTCUSDT: 0.1007 at 49864.96. Cash: 9.09, Position: 0.1007[39m
[32m2025-07-20T19:01:08.915Z [INFO] Equity updated {[39m
[32m  "totalCash": "10054.30",[39m
[32m  "positions": "{\"TRUMPUSDT\":0,\"BTCUSDT\":0}",[39m
[32m  "equity": "10054.30"[39m
[32m}[39m
[32m2025-07-20T19:01:08.916Z [INFO] Backtest Sell executed for BTCUSDT: 0.1007 at 50165.04. Cash: 5054.19, Position: 0.0000, Profit: 24.15[39m
[32m2025-07-20T19:01:08.921Z [INFO] Equity updated {[39m
[32m  "totalCash": "10044.20",[39m
[32m  "positions": "{\"TRUMPUSDT\":1,\"BTCUSDT\":0}",[39m
[32m  "equity": "10054.32"[39m
[32m}[39m
[32m2025-07-20T19:01:08.926Z [INFO] Backtest Buy executed for TRUMPUSDT: 1.0000 at 10.09. Cash: 4990.01, Position: 1.0000[39m
[32m2025-07-20T19:01:08.927Z [INFO] Equity updated {[39m
[32m  "totalCash": "10054.34",[39m
[32m  "positions": "{\"TRUMPUSDT\":0,\"BTCUSDT\":0}",[39m
[32m  "equity": "10054.34"[39m
[32m}[39m
[32m2025-07-20T19:01:08.927Z [INFO] Backtest Sell executed for TRUMPUSDT: 1.0000 at 10.15. Cash: 5000.15, Position: 0.0000, Profit: 0.05[39m
[32m2025-07-20T19:01:08.932Z [INFO] Equity updated {[39m
[32m  "totalCash": "5009.28",[39m
[32m  "positions": "{\"TRUMPUSDT\":0,\"BTCUSDT\":0.101033}",[39m
[32m  "equity": "10063.46"[39m
[32m}[39m
[32m2025-07-20T19:01:08.933Z [INFO] Backtest Buy executed for BTCUSDT: 0.1010 at 49874.93. Cash: 9.13, Position: 0.1010[39m
[32m2025-07-20T19:01:08.934Z [INFO] Equity updated {[39m
[32m  "totalCash": "10072.53",[39m
[32m  "positions": "{\"TRUMPUSDT\":0,\"BTCUSDT\":0}",[39m
[32m  "equity": "10072.53"[39m
[32m}[39m
[32m2025-07-20T19:01:08.934Z [INFO] Backtest Sell executed for BTCUSDT: 0.1010 at 50175.07. Cash: 5072.39, Position: 0.0000, Profit: 24.24[39m
[32m2025-07-20T19:01:08.938Z [INFO] Equity updated {[39m
[32m  "totalCash": "10062.40",[39m
[32m  "positions": "{\"TRUMPUSDT\":1,\"BTCUSDT\":0}",[39m
[32m  "equity": "10072.55"[39m
[32m}[39m
[32m2025-07-20T19:01:08.939Z [INFO] Backtest Buy executed for TRUMPUSDT: 1.0000 at 10.12. Cash: 4990.01, Position: 1.0000[39m
[32m2025-07-20T19:01:08.939Z [INFO] Equity updated {[39m
[32m  "totalCash": "10072.57",[39m
[32m  "positions": "{\"TRUMPUSDT\":0,\"BTCUSDT\":0}",[39m
[32m  "equity": "10072.57"[39m
[32m}[39m
[32m2025-07-20T19:01:08.940Z [INFO] Backtest Sell executed for TRUMPUSDT: 1.0000 at 10.18. Cash: 5000.18, Position: 0.0000, Profit: 0.05[39m
[32m2025-07-20T19:01:08.941Z [INFO] Equity updated {[39m
[32m  "totalCash": "5009.33",[39m
[32m  "positions": "{\"TRUMPUSDT\":0,\"BTCUSDT\":0.101387}",[39m
[32m  "equity": "10081.72"[39m
[32m}[39m
[32m2025-07-20T19:01:08.941Z [INFO] Backtest Buy executed for BTCUSDT: 0.1014 at 49879.91. Cash: 9.15, Position: 0.1014[39m
[32m2025-07-20T19:01:08.942Z [INFO] Equity updated {[39m
[32m  "totalCash": "10090.83",[39m
[32m  "positions": "{\"TRUMPUSDT\":0,\"BTCUSDT\":0}",[39m
[32m  "equity": "10090.83"[39m
[32m}[39m
[32m2025-07-20T19:01:08.942Z [INFO] Backtest Sell executed for BTCUSDT: 0.1014 at 50180.09. Cash: 5090.65, Position: 0.0000, Profit: 24.33[39m
[32m2025-07-20T19:01:08.946Z [INFO] Backtest completed with multi-symbol support {[39m
[32m  "metrics": {[39m
[32m    "TRUMPUSDT": {[39m
[32m      "totalProfit": 0.48,[39m
[32m      "tradeCount": 12,[39m
[32m      "winRate": 83.33,[39m
[32m      "profitFactor": null,[39m
[32m      "averageTradeProfit": 0.0404,[39m
[32m      "sharpeRatio": 2.236,[39m
[32m      "sortinoRatio": 0,[39m
[32m      "maxDrawdown": 0.9,[39m
[32m      "calmarRatio": 0,[39m
[32m      "totalVolumeTraded": 101[39m
[32m    },[39m
[32m    "BTCUSDT": {[39m
[32m      "totalProfit": 241.55,[39m
[32m      "tradeCount": 12,[39m
[32m      "winRate": 83.33,[39m
[32m      "profitFactor": null,[39m
[32m      "averageTradeProfit": 20.1294,[39m
[32m      "sharpeRatio": 2.2359,[39m
[32m      "sortinoRatio": 0,[39m
[32m      "maxDrawdown": 0.9,[39m
[32m      "calmarRatio": 0,[39m
[32m      "totalVolumeTraded": 50361.27[39m
[32m    },[39m
[32m    "aggregate": {[39m
[32m      "sharpeRatio": 2.23595,[39m
[32m      "sortinoRatio": 0,[39m
[32m      "maxDrawdown": 0.9,[39m
[32m      "winRate": 83.33,[39m
[32m      "profitFactor": null,[39m
[32m      "calmarRatio": 0,[39m
[32m      "totalProfit": 242.03,[39m
[32m      "finalEquity": 10090.832082399997,[39m
[32m      "totalTradeCount": 24,[39m
[32m      "averageTradeProfit": 10.084583333333333,[39m
[32m      "totalVolumeTraded": 50462.27[39m
[32m    }[39m
[32m  }[39m
[32m}[39m
[32m2025-07-20T19:12:53.623Z [INFO] Backtest completed with advanced metrics {[39m
[32m  "sharpeRatio": 0,[39m
[32m  "sortinoRatio": 0,[39m
[32m  "maxDrawdown": 0,[39m
[32m  "winRate": 0,[39m
[32m  "profitFactor": null,[39m
[32m  "calmarRatio": 0,[39m
[32m  "totalProfit": 0,[39m
[32m  "finalEquity": 10000,[39m
[32m  "tradeCount": 0[39m
[32m}[39m
[32m2025-07-20T19:12:53.749Z [INFO] Loaded historical data for TRUMPUSDT from data/historical_prices_trumpusdt.json[39m
[32m2025-07-20T19:12:53.763Z [INFO] Loaded historical data for BTCUSDT from data/historical_prices_btcusdt.json[39m
[32m2025-07-20T19:12:53.765Z [INFO] Starting backtest with 12 events across 2 symbols.[39m
[33m2025-07-20T19:12:53.769Z [WARN] Zero stop-loss distance for TRUMPUSDT. Cannot calculate order size. {[39m
[33m  "symbol": "TRUMPUSDT",[39m
[33m  "currentPrice": 10,[39m
[33m  "volatility": 0[39m
[33m}[39m
[32m2025-07-20T19:12:53.773Z [INFO] Equity updated {[39m
[32m  "totalCash": "10000.00",[39m
[32m  "positions": "{\"TRUMPUSDT\":0,\"BTCUSDT\":0}",[39m
[32m  "equity": "10000.00"[39m
[32m}[39m
[32m2025-07-20T19:12:53.775Z [INFO] Backtest Buy executed for TRUMPUSDT: 0.0000 at 9.97. Cash: 5000.00, Position: 0.0000[39m
[32m2025-07-20T19:12:53.776Z [INFO] Equity updated {[39m
[32m  "totalCash": "10000.00",[39m
[32m  "positions": "{\"TRUMPUSDT\":0,\"BTCUSDT\":0}",[39m
[32m  "equity": "10000.00"[39m
[32m}[39m
[32m2025-07-20T19:12:53.777Z [INFO] Backtest Sell executed for TRUMPUSDT: 0.0000 at 10.03. Cash: 5000.00, Position: 0.0000, Profit: 0.00[39m
[33m2025-07-20T19:12:53.778Z [WARN] Zero stop-loss distance for BTCUSDT. Cannot calculate order size. {[39m
[33m  "symbol": "BTCUSDT",[39m
[33m  "currentPrice": 50000,[39m
[33m  "volatility": 0[39m
[33m}[39m
[32m2025-07-20T19:12:53.780Z [INFO] Equity updated {[39m
[32m  "totalCash": "10000.00",[39m
[32m  "positions": "{\"TRUMPUSDT\":0,\"BTCUSDT\":0}",[39m
[32m  "equity": "10000.00"[39m
[32m}[39m
[32m2025-07-20T19:12:53.782Z [INFO] Backtest Buy executed for BTCUSDT: 0.0000 at 49850.00. Cash: 5000.00, Position: 0.0000[39m
[32m2025-07-20T19:12:53.782Z [INFO] Equity updated {[39m
[32m  "totalCash": "10000.00",[39m
[32m  "positions": "{\"TRUMPUSDT\":0,\"BTCUSDT\":0}",[39m
[32m  "equity": "10000.00"[39m
[32m}[39m
[32m2025-07-20T19:12:53.783Z [INFO] Backtest Sell executed for BTCUSDT: 0.0000 at 50150.00. Cash: 5000.00, Position: 0.0000, Profit: 0.00[39m
[32m2025-07-20T19:12:53.786Z [INFO] Equity updated {[39m
[32m  "totalCash": "9989.97",[39m
[32m  "positions": "{\"TRUMPUSDT\":1,\"BTCUSDT\":0}",[39m
[32m  "equity": "10000.02"[39m
[32m}[39m
[32m2025-07-20T19:12:53.787Z [INFO] Backtest Buy executed for TRUMPUSDT: 1.0000 at 10.02. Cash: 4989.97, Position: 1.0000[39m
[32m2025-07-20T19:12:53.788Z [INFO] Equity updated {[39m
[32m  "totalCash": "10000.04",[39m
[32m  "positions": "{\"TRUMPUSDT\":0,\"BTCUSDT\":0}",[39m
[32m  "equity": "10000.04"[39m
[32m}[39m
[32m2025-07-20T19:12:53.789Z [INFO] Backtest Sell executed for TRUMPUSDT: 1.0000 at 10.08. Cash: 5000.04, Position: 0.0000, Profit: 0.05[39m
[32m2025-07-20T19:12:53.790Z [INFO] Equity updated {[39m
[32m  "totalCash": "5009.05",[39m
[32m  "positions": "{\"TRUMPUSDT\":0,\"BTCUSDT\":0.09998}",[39m
[32m  "equity": "10009.05"[39m
[32m}[39m
[32m2025-07-20T19:12:53.790Z [INFO] Backtest Buy executed for BTCUSDT: 0.1000 at 49859.97. Cash: 9.02, Position: 0.1000[39m
[32m2025-07-20T19:12:53.791Z [INFO] Equity updated {[39m
[32m  "totalCash": "10018.04",[39m
[32m  "positions": "{\"TRUMPUSDT\":0,\"BTCUSDT\":0}",[39m
[32m  "equity": "10018.04"[39m
[32m}[39m
[32m2025-07-20T19:12:53.791Z [INFO] Backtest Sell executed for BTCUSDT: 0.1000 at 50160.03. Cash: 5018.00, Position: 0.0000, Profit: 23.98[39m
[32m2025-07-20T19:12:53.792Z [INFO] Equity updated {[39m
[32m  "totalCash": "10007.95",[39m
[32m  "positions": "{\"TRUMPUSDT\":1,\"BTCUSDT\":0}",[39m
[32m  "equity": "10018.05"[39m
[32m}[39m
[32m2025-07-20T19:12:53.793Z [INFO] Backtest Buy executed for TRUMPUSDT: 1.0000 at 10.07. Cash: 4989.95, Position: 1.0000[39m
[32m2025-07-20T19:12:53.793Z [INFO] Equity updated {[39m
[32m  "totalCash": "10018.07",[39m
[32m  "positions": "{\"TRUMPUSDT\":0,\"BTCUSDT\":0}",[39m
[32m  "equity": "10018.07"[39m
[32m}[39m
[32m2025-07-20T19:12:53.794Z [INFO] Backtest Sell executed for TRUMPUSDT: 1.0000 at 10.13. Cash: 5000.07, Position: 0.0000, Profit: 0.05[39m
[32m2025-07-20T19:12:53.795Z [INFO] Equity updated {[39m
[32m  "totalCash": "5009.12",[39m
[32m  "positions": "{\"TRUMPUSDT\":0,\"BTCUSDT\":0.10032}",[39m
[32m  "equity": "10027.12"[39m
[32m}[39m
[32m2025-07-20T19:12:53.795Z [INFO] Backtest Buy executed for BTCUSDT: 0.1003 at 49869.94. Cash: 9.04, Position: 0.1003[39m
[32m2025-07-20T19:12:53.796Z [INFO] Equity updated {[39m
[32m  "totalCash": "10036.14",[39m
[32m  "positions": "{\"TRUMPUSDT\":0,\"BTCUSDT\":0}",[39m
[32m  "equity": "10036.14"[39m
[32m}[39m
[32m2025-07-20T19:12:53.796Z [INFO] Backtest Sell executed for BTCUSDT: 0.1003 at 50170.06. Cash: 5036.06, Position: 0.0000, Profit: 24.07[39m
[32m2025-07-20T19:12:53.797Z [INFO] Equity updated {[39m
[32m  "totalCash": "10026.08",[39m
[32m  "positions": "{\"TRUMPUSDT\":1,\"BTCUSDT\":0}",[39m
[32m  "equity": "10036.16"[39m
[32m}[39m
[32m2025-07-20T19:12:53.798Z [INFO] Backtest Buy executed for TRUMPUSDT: 1.0000 at 10.05. Cash: 4990.01, Position: 1.0000[39m
[32m2025-07-20T19:12:53.798Z [INFO] Equity updated {[39m
[32m  "totalCash": "10036.17",[39m
[32m  "positions": "{\"TRUMPUSDT\":0,\"BTCUSDT\":0}",[39m
[32m  "equity": "10036.17"[39m
[32m}[39m
[32m2025-07-20T19:12:53.798Z [INFO] Backtest Sell executed for TRUMPUSDT: 1.0000 at 10.11. Cash: 5000.11, Position: 0.0000, Profit: 0.05[39m
[32m2025-07-20T19:12:53.799Z [INFO] Equity updated {[39m
[32m  "totalCash": "5009.20",[39m
[32m  "positions": "{\"TRUMPUSDT\":0,\"BTCUSDT\":0.100691}",[39m
[32m  "equity": "10045.26"[39m
[32m}[39m
[32m2025-07-20T19:12:53.799Z [INFO] Backtest Buy executed for BTCUSDT: 0.1007 at 49864.96. Cash: 9.09, Position: 0.1007[39m
[32m2025-07-20T19:12:53.800Z [INFO] Equity updated {[39m
[32m  "totalCash": "10054.30",[39m
[32m  "positions": "{\"TRUMPUSDT\":0,\"BTCUSDT\":0}",[39m
[32m  "equity": "10054.30"[39m
[32m}[39m
[32m2025-07-20T19:12:53.800Z [INFO] Backtest Sell executed for BTCUSDT: 0.1007 at 50165.04. Cash: 5054.19, Position: 0.0000, Profit: 24.15[39m
[32m2025-07-20T19:12:53.801Z [INFO] Equity updated {[39m
[32m  "totalCash": "10044.20",[39m
[32m  "positions": "{\"TRUMPUSDT\":1,\"BTCUSDT\":0}",[39m
[32m  "equity": "10054.32"[39m
[32m}[39m
[32m2025-07-20T19:12:53.801Z [INFO] Backtest Buy executed for TRUMPUSDT: 1.0000 at 10.09. Cash: 4990.01, Position: 1.0000[39m
[32m2025-07-20T19:12:53.802Z [INFO] Equity updated {[39m
[32m  "totalCash": "10054.34",[39m
[32m  "positions": "{\"TRUMPUSDT\":0,\"BTCUSDT\":0}",[39m
[32m  "equity": "10054.34"[39m
[32m}[39m
[32m2025-07-20T19:12:53.802Z [INFO] Backtest Sell executed for TRUMPUSDT: 1.0000 at 10.15. Cash: 5000.15, Position: 0.0000, Profit: 0.05[39m
[32m2025-07-20T19:12:53.803Z [INFO] Equity updated {[39m
[32m  "totalCash": "5009.28",[39m
[32m  "positions": "{\"TRUMPUSDT\":0,\"BTCUSDT\":0.101033}",[39m
[32m  "equity": "10063.46"[39m
[32m}[39m
[32m2025-07-20T19:12:53.804Z [INFO] Backtest Buy executed for BTCUSDT: 0.1010 at 49874.93. Cash: 9.13, Position: 0.1010[39m
[32m2025-07-20T19:12:53.804Z [INFO] Equity updated {[39m
[32m  "totalCash": "10072.53",[39m
[32m  "positions": "{\"TRUMPUSDT\":0,\"BTCUSDT\":0}",[39m
[32m  "equity": "10072.53"[39m
[32m}[39m
[32m2025-07-20T19:12:53.804Z [INFO] Backtest Sell executed for BTCUSDT: 0.1010 at 50175.07. Cash: 5072.39, Position: 0.0000, Profit: 24.24[39m
[32m2025-07-20T19:12:53.805Z [INFO] Equity updated {[39m
[32m  "totalCash": "10062.40",[39m
[32m  "positions": "{\"TRUMPUSDT\":1,\"BTCUSDT\":0}",[39m
[32m  "equity": "10072.55"[39m
[32m}[39m
[32m2025-07-20T19:12:53.805Z [INFO] Backtest Buy executed for TRUMPUSDT: 1.0000 at 10.12. Cash: 4990.01, Position: 1.0000[39m
[32m2025-07-20T19:12:53.806Z [INFO] Equity updated {[39m
[32m  "totalCash": "10072.57",[39m
[32m  "positions": "{\"TRUMPUSDT\":0,\"BTCUSDT\":0}",[39m
[32m  "equity": "10072.57"[39m
[32m}[39m
[32m2025-07-20T19:12:53.806Z [INFO] Backtest Sell executed for TRUMPUSDT: 1.0000 at 10.18. Cash: 5000.18, Position: 0.0000, Profit: 0.05[39m
[32m2025-07-20T19:12:53.807Z [INFO] Equity updated {[39m
[32m  "totalCash": "5009.33",[39m
[32m  "positions": "{\"TRUMPUSDT\":0,\"BTCUSDT\":0.101387}",[39m
[32m  "equity": "10081.72"[39m
[32m}[39m
[32m2025-07-20T19:12:53.808Z [INFO] Backtest Buy executed for BTCUSDT: 0.1014 at 49879.91. Cash: 9.15, Position: 0.1014[39m
[32m2025-07-20T19:12:53.808Z [INFO] Equity updated {[39m
[32m  "totalCash": "10090.83",[39m
[32m  "positions": "{\"TRUMPUSDT\":0,\"BTCUSDT\":0}",[39m
[32m  "equity": "10090.83"[39m
[32m}[39m
[32m2025-07-20T19:12:53.809Z [INFO] Backtest Sell executed for BTCUSDT: 0.1014 at 50180.09. Cash: 5090.65, Position: 0.0000, Profit: 24.33[39m
[32m2025-07-20T19:12:53.812Z [INFO] Backtest completed with multi-symbol support {[39m
[32m  "metrics": {[39m
[32m    "TRUMPUSDT": {[39m
[32m      "totalProfit": 0.48,[39m
[32m      "tradeCount": 12,[39m
[32m      "winRate": 83.33,[39m
[32m      "profitFactor": null,[39m
[32m      "averageTradeProfit": 0.0404,[39m
[32m      "sharpeRatio": 2.236,[39m
[32m      "sortinoRatio": 0,[39m
[32m      "maxDrawdown": 0.9,[39m
[32m      "calmarRatio": 0,[39m
[32m      "totalVolumeTraded": 101[39m
[32m    },[39m
[32m    "BTCUSDT": {[39m
[32m      "totalProfit": 241.55,[39m
[32m      "tradeCount": 12,[39m
[32m      "winRate": 83.33,[39m
[32m      "profitFactor": null,[39m
[32m      "averageTradeProfit": 20.1294,[39m
[32m      "sharpeRatio": 2.2359,[39m
[32m      "sortinoRatio": 0,[39m
[32m      "maxDrawdown": 0.9,[39m
[32m      "calmarRatio": 0,[39m
[32m      "totalVolumeTraded": 50361.27[39m
[32m    },[39m
[32m    "aggregate": {[39m
[32m      "sharpeRatio": 2.23595,[39m
[32m      "sortinoRatio": 0,[39m
[32m      "maxDrawdown": 0.9,[39m
[32m      "winRate": 83.33,[39m
[32m      "profitFactor": null,[39m
[32m      "calmarRatio": 0,[39m
[32m      "totalProfit": 242.03,[39m
[32m      "finalEquity": 10090.832082399997,[39m
[32m      "totalTradeCount": 24,[39m
[32m      "averageTradeProfit": 10.084583333333333,[39m
[32m      "totalVolumeTraded": 50462.27[39m
[32m    }[39m
[32m  }[39m
[32m}[39m
[32m2025-07-20T19:13:29.451Z [INFO] Backtest completed with advanced metrics {[39m
[32m  "sharpeRatio": 0,[39m
[32m  "sortinoRatio": 0,[39m
[32m  "maxDrawdown": 0,[39m
[32m  "winRate": 0,[39m
[32m  "profitFactor": null,[39m
[32m  "calmarRatio": 0,[39m
[32m  "totalProfit": 0,[39m
[32m  "finalEquity": 10000,[39m
[32m  "tradeCount": 0[39m
[32m}[39m
[32m2025-07-20T19:13:29.622Z [INFO] Loaded historical data for TRUMPUSDT from data/historical_prices_trumpusdt.json[39m
[32m2025-07-20T19:13:29.639Z [INFO] Loaded historical data for BTCUSDT from data/historical_prices_btcusdt.json[39m
[32m2025-07-20T19:13:29.642Z [INFO] Starting backtest with 12 events across 2 symbols.[39m
[33m2025-07-20T19:13:29.645Z [WARN] Zero stop-loss distance for TRUMPUSDT. Cannot calculate order size. {[39m
[33m  "symbol": "TRUMPUSDT",[39m
[33m  "currentPrice": 10,[39m
[33m  "volatility": 0[39m
[33m}[39m
[32m2025-07-20T19:13:29.656Z [INFO] Equity updated {[39m
[32m  "totalCash": "10000.00",[39m
[32m  "positions": "{\"TRUMPUSDT\":0,\"BTCUSDT\":0}",[39m
[32m  "equity": "10000.00"[39m
[32m}[39m
[32m2025-07-20T19:13:29.659Z [INFO] Backtest Buy executed for TRUMPUSDT: 0.0000 at 9.97. Cash: 5000.00, Position: 0.0000[39m
[32m2025-07-20T19:13:29.661Z [INFO] Equity updated {[39m
[32m  "totalCash": "10000.00",[39m
[32m  "positions": "{\"TRUMPUSDT\":0,\"BTCUSDT\":0}",[39m
[32m  "equity": "10000.00"[39m
[32m}[39m
[32m2025-07-20T19:13:29.662Z [INFO] Backtest Sell executed for TRUMPUSDT: 0.0000 at 10.03. Cash: 5000.00, Position: 0.0000, Profit: 0.00[39m
[33m2025-07-20T19:13:29.663Z [WARN] Zero stop-loss distance for BTCUSDT. Cannot calculate order size. {[39m
[33m  "symbol": "BTCUSDT",[39m
[33m  "currentPrice": 50000,[39m
[33m  "volatility": 0[39m
[33m}[39m
[32m2025-07-20T19:13:29.665Z [INFO] Equity updated {[39m
[32m  "totalCash": "10000.00",[39m
[32m  "positions": "{\"TRUMPUSDT\":0,\"BTCUSDT\":0}",[39m
[32m  "equity": "10000.00"[39m
[32m}[39m
[32m2025-07-20T19:13:29.666Z [INFO] Backtest Buy executed for BTCUSDT: 0.0000 at 49850.00. Cash: 5000.00, Position: 0.0000[39m
[32m2025-07-20T19:13:29.667Z [INFO] Equity updated {[39m
[32m  "totalCash": "10000.00",[39m
[32m  "positions": "{\"TRUMPUSDT\":0,\"BTCUSDT\":0}",[39m
[32m  "equity": "10000.00"[39m
[32m}[39m
[32m2025-07-20T19:13:29.668Z [INFO] Backtest Sell executed for BTCUSDT: 0.0000 at 50150.00. Cash: 5000.00, Position: 0.0000, Profit: 0.00[39m
[32m2025-07-20T19:13:29.683Z [INFO] Equity updated {[39m
[32m  "totalCash": "9989.97",[39m
[32m  "positions": "{\"TRUMPUSDT\":1,\"BTCUSDT\":0}",[39m
[32m  "equity": "10000.02"[39m
[32m}[39m
[32m2025-07-20T19:13:29.683Z [INFO] Backtest Buy executed for TRUMPUSDT: 1.0000 at 10.02. Cash: 4989.97, Position: 1.0000[39m
[32m2025-07-20T19:13:29.684Z [INFO] Equity updated {[39m
[32m  "totalCash": "10000.04",[39m
[32m  "positions": "{\"TRUMPUSDT\":0,\"BTCUSDT\":0}",[39m
[32m  "equity": "10000.04"[39m
[32m}[39m
[32m2025-07-20T19:13:29.684Z [INFO] Backtest Sell executed for TRUMPUSDT: 1.0000 at 10.08. Cash: 5000.04, Position: 0.0000, Profit: 0.05[39m
[32m2025-07-20T19:13:29.685Z [INFO] Equity updated {[39m
[32m  "totalCash": "5009.05",[39m
[32m  "positions": "{\"TRUMPUSDT\":0,\"BTCUSDT\":0.09998}",[39m
[32m  "equity": "10009.05"[39m
[32m}[39m
[32m2025-07-20T19:13:29.686Z [INFO] Backtest Buy executed for BTCUSDT: 0.1000 at 49859.97. Cash: 9.02, Position: 0.1000[39m
[32m2025-07-20T19:13:29.687Z [INFO] Equity updated {[39m
[32m  "totalCash": "10018.04",[39m
[32m  "positions": "{\"TRUMPUSDT\":0,\"BTCUSDT\":0}",[39m
[32m  "equity": "10018.04"[39m
[32m}[39m
[32m2025-07-20T19:13:29.687Z [INFO] Backtest Sell executed for BTCUSDT: 0.1000 at 50160.03. Cash: 5018.00, Position: 0.0000, Profit: 23.98[39m
[32m2025-07-20T19:13:29.689Z [INFO] Equity updated {[39m
[32m  "totalCash": "10007.95",[39m
[32m  "positions": "{\"TRUMPUSDT\":1,\"BTCUSDT\":0}",[39m
[32m  "equity": "10018.05"[39m
[32m}[39m
[32m2025-07-20T19:13:29.689Z [INFO] Backtest Buy executed for TRUMPUSDT: 1.0000 at 10.07. Cash: 4989.95, Position: 1.0000[39m
[32m2025-07-20T19:13:29.690Z [INFO] Equity updated {[39m
[32m  "totalCash": "10018.07",[39m
[32m  "positions": "{\"TRUMPUSDT\":0,\"BTCUSDT\":0}",[39m
[32m  "equity": "10018.07"[39m
[32m}[39m
[32m2025-07-20T19:13:29.691Z [INFO] Backtest Sell executed for TRUMPUSDT: 1.0000 at 10.13. Cash: 5000.07, Position: 0.0000, Profit: 0.05[39m
[32m2025-07-20T19:13:29.692Z [INFO] Equity updated {[39m
[32m  "totalCash": "5009.12",[39m
[32m  "positions": "{\"TRUMPUSDT\":0,\"BTCUSDT\":0.10032}",[39m
[32m  "equity": "10027.12"[39m
[32m}[39m
[32m2025-07-20T19:13:29.693Z [INFO] Backtest Buy executed for BTCUSDT: 0.1003 at 49869.94. Cash: 9.04, Position: 0.1003[39m
[32m2025-07-20T19:13:29.693Z [INFO] Equity updated {[39m
[32m  "totalCash": "10036.14",[39m
[32m  "positions": "{\"TRUMPUSDT\":0,\"BTCUSDT\":0}",[39m
[32m  "equity": "10036.14"[39m
[32m}[39m
[32m2025-07-20T19:13:29.694Z [INFO] Backtest Sell executed for BTCUSDT: 0.1003 at 50170.06. Cash: 5036.06, Position: 0.0000, Profit: 24.07[39m
[32m2025-07-20T19:13:29.694Z [INFO] Equity updated {[39m
[32m  "totalCash": "10026.08",[39m
[32m  "positions": "{\"TRUMPUSDT\":1,\"BTCUSDT\":0}",[39m
[32m  "equity": "10036.16"[39m
[32m}[39m
[32m2025-07-20T19:13:29.695Z [INFO] Backtest Buy executed for TRUMPUSDT: 1.0000 at 10.05. Cash: 4990.01, Position: 1.0000[39m
[32m2025-07-20T19:13:29.695Z [INFO] Equity updated {[39m
[32m  "totalCash": "10036.17",[39m
[32m  "positions": "{\"TRUMPUSDT\":0,\"BTCUSDT\":0}",[39m
[32m  "equity": "10036.17"[39m
[32m}[39m
[32m2025-07-20T19:13:29.696Z [INFO] Backtest Sell executed for TRUMPUSDT: 1.0000 at 10.11. Cash: 5000.11, Position: 0.0000, Profit: 0.05[39m
[32m2025-07-20T19:13:29.697Z [INFO] Equity updated {[39m
[32m  "totalCash": "5009.20",[39m
[32m  "positions": "{\"TRUMPUSDT\":0,\"BTCUSDT\":0.100691}",[39m
[32m  "equity": "10045.26"[39m
[32m}[39m
[32m2025-07-20T19:13:29.697Z [INFO] Backtest Buy executed for BTCUSDT: 0.1007 at 49864.96. Cash: 9.09, Position: 0.1007[39m
[32m2025-07-20T19:13:29.697Z [INFO] Equity updated {[39m
[32m  "totalCash": "10054.30",[39m
[32m  "positions": "{\"TRUMPUSDT\":0,\"BTCUSDT\":0}",[39m
[32m  "equity": "10054.30"[39m
[32m}[39m
[32m2025-07-20T19:13:29.698Z [INFO] Backtest Sell executed for BTCUSDT: 0.1007 at 50165.04. Cash: 5054.19, Position: 0.0000, Profit: 24.15[39m
[32m2025-07-20T19:13:29.700Z [INFO] Equity updated {[39m
[32m  "totalCash": "10044.20",[39m
[32m  "positions": "{\"TRUMPUSDT\":1,\"BTCUSDT\":0}",[39m
[32m  "equity": "10054.32"[39m
[32m}[39m
[32m2025-07-20T19:13:29.700Z [INFO] Backtest Buy executed for TRUMPUSDT: 1.0000 at 10.09. Cash: 4990.01, Position: 1.0000[39m
[32m2025-07-20T19:13:29.701Z [INFO] Equity updated {[39m
[32m  "totalCash": "10054.34",[39m
[32m  "positions": "{\"TRUMPUSDT\":0,\"BTCUSDT\":0}",[39m
[32m  "equity": "10054.34"[39m
[32m}[39m
[32m2025-07-20T19:13:29.701Z [INFO] Backtest Sell executed for TRUMPUSDT: 1.0000 at 10.15. Cash: 5000.15, Position: 0.0000, Profit: 0.05[39m
[32m2025-07-20T19:13:29.702Z [INFO] Equity updated {[39m
[32m  "totalCash": "5009.28",[39m
[32m  "positions": "{\"TRUMPUSDT\":0,\"BTCUSDT\":0.101033}",[39m
[32m  "equity": "10063.46"[39m
[32m}[39m
[32m2025-07-20T19:13:29.703Z [INFO] Backtest Buy executed for BTCUSDT: 0.1010 at 49874.93. Cash: 9.13, Position: 0.1010[39m
[32m2025-07-20T19:13:29.703Z [INFO] Equity updated {[39m
[32m  "totalCash": "10072.53",[39m
[32m  "positions": "{\"TRUMPUSDT\":0,\"BTCUSDT\":0}",[39m
[32m  "equity": "10072.53"[39m
[32m}[39m
[32m2025-07-20T19:13:29.703Z [INFO] Backtest Sell executed for BTCUSDT: 0.1010 at 50175.07. Cash: 5072.39, Position: 0.0000, Profit: 24.24[39m
[32m2025-07-20T19:13:29.704Z [INFO] Equity updated {[39m
[32m  "totalCash": "10062.40",[39m
[32m  "positions": "{\"TRUMPUSDT\":1,\"BTCUSDT\":0}",[39m
[32m  "equity": "10072.55"[39m
[32m}[39m
[32m2025-07-20T19:13:29.705Z [INFO] Backtest Buy executed for TRUMPUSDT: 1.0000 at 10.12. Cash: 4990.01, Position: 1.0000[39m
[32m2025-07-20T19:13:29.705Z [INFO] Equity updated {[39m
[32m  "totalCash": "10072.57",[39m
[32m  "positions": "{\"TRUMPUSDT\":0,\"BTCUSDT\":0}",[39m
[32m  "equity": "10072.57"[39m
[32m}[39m
[32m2025-07-20T19:13:29.705Z [INFO] Backtest Sell executed for TRUMPUSDT: 1.0000 at 10.18. Cash: 5000.18, Position: 0.0000, Profit: 0.05[39m
[32m2025-07-20T19:13:29.707Z [INFO] Equity updated {[39m
[32m  "totalCash": "5009.33",[39m
[32m  "positions": "{\"TRUMPUSDT\":0,\"BTCUSDT\":0.101387}",[39m
[32m  "equity": "10081.72"[39m
[32m}[39m
[32m2025-07-20T19:13:29.707Z [INFO] Backtest Buy executed for BTCUSDT: 0.1014 at 49879.91. Cash: 9.15, Position: 0.1014[39m
[32m2025-07-20T19:13:29.708Z [INFO] Equity updated {[39m
[32m  "totalCash": "10090.83",[39m
[32m  "positions": "{\"TRUMPUSDT\":0,\"BTCUSDT\":0}",[39m
[32m  "equity": "10090.83"[39m
[32m}[39m
[32m2025-07-20T19:13:29.708Z [INFO] Backtest Sell executed for BTCUSDT: 0.1014 at 50180.09. Cash: 5090.65, Position: 0.0000, Profit: 24.33[39m
[32m2025-07-20T19:13:29.712Z [INFO] Backtest completed with multi-symbol support {[39m
[32m  "metrics": {[39m
[32m    "TRUMPUSDT": {[39m
[32m      "totalProfit": 0.48,[39m
[32m      "tradeCount": 12,[39m
[32m      "winRate": 83.33,[39m
[32m      "profitFactor": null,[39m
[32m      "averageTradeProfit": 0.0404,[39m
[32m      "sharpeRatio": 2.236,[39m
[32m      "sortinoRatio": 0,[39m
[32m      "maxDrawdown": 0.9,[39m
[32m      "calmarRatio": 0,[39m
[32m      "totalVolumeTraded": 101[39m
[32m    },[39m
[32m    "BTCUSDT": {[39m
[32m      "totalProfit": 241.55,[39m
[32m      "tradeCount": 12,[39m
[32m      "winRate": 83.33,[39m
[32m      "profitFactor": null,[39m
[32m      "averageTradeProfit": 20.1294,[39m
[32m      "sharpeRatio": 2.2359,[39m
[32m      "sortinoRatio": 0,[39m
[32m      "maxDrawdown": 0.9,[39m
[32m      "calmarRatio": 0,[39m
[32m      "totalVolumeTraded": 50361.27[39m
[32m    },[39m
[32m    "aggregate": {[39m
[32m      "sharpeRatio": 2.23595,[39m
[32m      "sortinoRatio": 0,[39m
[32m      "maxDrawdown": 0.9,[39m
[32m      "winRate": 83.33,[39m
[32m      "profitFactor": null,[39m
[32m      "calmarRatio": 0,[39m
[32m      "totalProfit": 242.03,[39m
[32m      "finalEquity": 10090.832082399997,[39m
[32m      "totalTradeCount": 24,[39m
[32m      "averageTradeProfit": 10.084583333333333,[39m
[32m      "totalVolumeTraded": 50462.27[39m
[32m    }[39m
[32m  }[39m
[32m}[39m
[32m2025-07-20T19:14:09.539Z [INFO] Loaded historical data for TRUMPUSDT from data/historical_prices_trumpusdt.json[39m
[32m2025-07-20T19:14:09.552Z [INFO] Loaded historical data for BTCUSDT from data/historical_prices_btcusdt.json[39m
[32m2025-07-20T19:14:09.554Z [INFO] Starting backtest with 12 events across 2 symbols.[39m
[33m2025-07-20T19:14:09.558Z [WARN] Zero stop-loss distance for TRUMPUSDT. Cannot calculate order size. {[39m
[33m  "symbol": "TRUMPUSDT",[39m
[33m  "currentPrice": 10,[39m
[33m  "volatility": 0[39m
[33m}[39m
[32m2025-07-20T19:14:09.562Z [INFO] Equity updated {[39m
[32m  "totalCash": "10000.00",[39m
[32m  "positions": "{\"TRUMPUSDT\":0,\"BTCUSDT\":0}",[39m
[32m  "equity": "10000.00"[39m
[32m}[39m
[32m2025-07-20T19:14:09.564Z [INFO] Backtest Buy executed for TRUMPUSDT: 0.0000 at 9.97. Cash: 5000.00, Position: 0.0000[39m
[32m2025-07-20T19:14:09.565Z [INFO] Equity updated {[39m
[32m  "totalCash": "10000.00",[39m
[32m  "positions": "{\"TRUMPUSDT\":0,\"BTCUSDT\":0}",[39m
[32m  "equity": "10000.00"[39m
[32m}[39m
[32m2025-07-20T19:14:09.566Z [INFO] Backtest Sell executed for TRUMPUSDT: 0.0000 at 10.03. Cash: 5000.00, Position: 0.0000, Profit: 0.00[39m
[33m2025-07-20T19:14:09.567Z [WARN] Zero stop-loss distance for BTCUSDT. Cannot calculate order size. {[39m
[33m  "symbol": "BTCUSDT",[39m
[33m  "currentPrice": 50000,[39m
[33m  "volatility": 0[39m
[33m}[39m
[32m2025-07-20T19:14:09.568Z [INFO] Equity updated {[39m
[32m  "totalCash": "10000.00",[39m
[32m  "positions": "{\"TRUMPUSDT\":0,\"BTCUSDT\":0}",[39m
[32m  "equity": "10000.00"[39m
[32m}[39m
[32m2025-07-20T19:14:09.569Z [INFO] Backtest Buy executed for BTCUSDT: 0.0000 at 49850.00. Cash: 5000.00, Position: 0.0000[39m
[32m2025-07-20T19:14:09.570Z [INFO] Equity updated {[39m
[32m  "totalCash": "10000.00",[39m
[32m  "positions": "{\"TRUMPUSDT\":0,\"BTCUSDT\":0}",[39m
[32m  "equity": "10000.00"[39m
[32m}[39m
[32m2025-07-20T19:14:09.570Z [INFO] Backtest Sell executed for BTCUSDT: 0.0000 at 50150.00. Cash: 5000.00, Position: 0.0000, Profit: 0.00[39m
[32m2025-07-20T19:14:09.572Z [INFO] Equity updated {[39m
[32m  "totalCash": "9989.97",[39m
[32m  "positions": "{\"TRUMPUSDT\":1,\"BTCUSDT\":0}",[39m
[32m  "equity": "10000.02"[39m
[32m}[39m
[32m2025-07-20T19:14:09.573Z [INFO] Backtest Buy executed for TRUMPUSDT: 1.0000 at 10.02. Cash: 4989.97, Position: 1.0000[39m
[32m2025-07-20T19:14:09.574Z [INFO] Equity updated {[39m
[32m  "totalCash": "10000.04",[39m
[32m  "positions": "{\"TRUMPUSDT\":0,\"BTCUSDT\":0}",[39m
[32m  "equity": "10000.04"[39m
[32m}[39m
[32m2025-07-20T19:14:09.574Z [INFO] Backtest Sell executed for TRUMPUSDT: 1.0000 at 10.08. Cash: 5000.04, Position: 0.0000, Profit: 0.05[39m
[32m2025-07-20T19:14:09.575Z [INFO] Equity updated {[39m
[32m  "totalCash": "5009.05",[39m
[32m  "positions": "{\"TRUMPUSDT\":0,\"BTCUSDT\":0.09998}",[39m
[32m  "equity": "10009.05"[39m
[32m}[39m
[32m2025-07-20T19:14:09.576Z [INFO] Backtest Buy executed for BTCUSDT: 0.1000 at 49859.97. Cash: 9.02, Position: 0.1000[39m
[32m2025-07-20T19:14:09.576Z [INFO] Equity updated {[39m
[32m  "totalCash": "10018.04",[39m
[32m  "positions": "{\"TRUMPUSDT\":0,\"BTCUSDT\":0}",[39m
[32m  "equity": "10018.04"[39m
[32m}[39m
[32m2025-07-20T19:14:09.577Z [INFO] Backtest Sell executed for BTCUSDT: 0.1000 at 50160.03. Cash: 5018.00, Position: 0.0000, Profit: 23.98[39m
[32m2025-07-20T19:14:09.577Z [INFO] Equity updated {[39m
[32m  "totalCash": "10007.95",[39m
[32m  "positions": "{\"TRUMPUSDT\":1,\"BTCUSDT\":0}",[39m
[32m  "equity": "10018.05"[39m
[32m}[39m
[32m2025-07-20T19:14:09.578Z [INFO] Backtest Buy executed for TRUMPUSDT: 1.0000 at 10.07. Cash: 4989.95, Position: 1.0000[39m
[32m2025-07-20T19:14:09.579Z [INFO] Equity updated {[39m
[32m  "totalCash": "10018.07",[39m
[32m  "positions": "{\"TRUMPUSDT\":0,\"BTCUSDT\":0}",[39m
[32m  "equity": "10018.07"[39m
[32m}[39m
[32m2025-07-20T19:14:09.579Z [INFO] Backtest Sell executed for TRUMPUSDT: 1.0000 at 10.13. Cash: 5000.07, Position: 0.0000, Profit: 0.05[39m
[32m2025-07-20T19:14:09.580Z [INFO] Equity updated {[39m
[32m  "totalCash": "5009.12",[39m
[32m  "positions": "{\"TRUMPUSDT\":0,\"BTCUSDT\":0.10032}",[39m
[32m  "equity": "10027.12"[39m
[32m}[39m
[32m2025-07-20T19:14:09.580Z [INFO] Backtest Buy executed for BTCUSDT: 0.1003 at 49869.94. Cash: 9.04, Position: 0.1003[39m
[32m2025-07-20T19:14:09.581Z [INFO] Equity updated {[39m
[32m  "totalCash": "10036.14",[39m
[32m  "positions": "{\"TRUMPUSDT\":0,\"BTCUSDT\":0}",[39m
[32m  "equity": "10036.14"[39m
[32m}[39m
[32m2025-07-20T19:14:09.581Z [INFO] Backtest Sell executed for BTCUSDT: 0.1003 at 50170.06. Cash: 5036.06, Position: 0.0000, Profit: 24.07[39m
[32m2025-07-20T19:14:09.582Z [INFO] Equity updated {[39m
[32m  "totalCash": "10026.08",[39m
[32m  "positions": "{\"TRUMPUSDT\":1,\"BTCUSDT\":0}",[39m
[32m  "equity": "10036.16"[39m
[32m}[39m
[32m2025-07-20T19:14:09.582Z [INFO] Backtest Buy executed for TRUMPUSDT: 1.0000 at 10.05. Cash: 4990.01, Position: 1.0000[39m
[32m2025-07-20T19:14:09.583Z [INFO] Equity updated {[39m
[32m  "totalCash": "10036.17",[39m
[32m  "positions": "{\"TRUMPUSDT\":0,\"BTCUSDT\":0}",[39m
[32m  "equity": "10036.17"[39m
[32m}[39m
[32m2025-07-20T19:14:09.583Z [INFO] Backtest Sell executed for TRUMPUSDT: 1.0000 at 10.11. Cash: 5000.11, Position: 0.0000, Profit: 0.05[39m
[32m2025-07-20T19:14:09.583Z [INFO] Equity updated {[39m
[32m  "totalCash": "5009.20",[39m
[32m  "positions": "{\"TRUMPUSDT\":0,\"BTCUSDT\":0.100691}",[39m
[32m  "equity": "10045.26"[39m
[32m}[39m
[32m2025-07-20T19:14:09.584Z [INFO] Backtest Buy executed for BTCUSDT: 0.1007 at 49864.96. Cash: 9.09, Position: 0.1007[39m
[32m2025-07-20T19:14:09.584Z [INFO] Equity updated {[39m
[32m  "totalCash": "10054.30",[39m
[32m  "positions": "{\"TRUMPUSDT\":0,\"BTCUSDT\":0}",[39m
[32m  "equity": "10054.30"[39m
[32m}[39m
[32m2025-07-20T19:14:09.584Z [INFO] Backtest Sell executed for BTCUSDT: 0.1007 at 50165.04. Cash: 5054.19, Position: 0.0000, Profit: 24.15[39m
[32m2025-07-20T19:14:09.585Z [INFO] Equity updated {[39m
[32m  "totalCash": "10044.20",[39m
[32m  "positions": "{\"TRUMPUSDT\":1,\"BTCUSDT\":0}",[39m
[32m  "equity": "10054.32"[39m
[32m}[39m
[32m2025-07-20T19:14:09.586Z [INFO] Backtest Buy executed for TRUMPUSDT: 1.0000 at 10.09. Cash: 4990.01, Position: 1.0000[39m
[32m2025-07-20T19:14:09.586Z [INFO] Equity updated {[39m
[32m  "totalCash": "10054.34",[39m
[32m  "positions": "{\"TRUMPUSDT\":0,\"BTCUSDT\":0}",[39m
[32m  "equity": "10054.34"[39m
[32m}[39m
[32m2025-07-20T19:14:09.587Z [INFO] Backtest Sell executed for TRUMPUSDT: 1.0000 at 10.15. Cash: 5000.15, Position: 0.0000, Profit: 0.05[39m
[32m2025-07-20T19:14:09.587Z [INFO] Equity updated {[39m
[32m  "totalCash": "5009.28",[39m
[32m  "positions": "{\"TRUMPUSDT\":0,\"BTCUSDT\":0.101033}",[39m
[32m  "equity": "10063.46"[39m
[32m}[39m
[32m2025-07-20T19:14:09.588Z [INFO] Backtest Buy executed for BTCUSDT: 0.1010 at 49874.93. Cash: 9.13, Position: 0.1010[39m
[32m2025-07-20T19:14:09.588Z [INFO] Equity updated {[39m
[32m  "totalCash": "10072.53",[39m
[32m  "positions": "{\"TRUMPUSDT\":0,\"BTCUSDT\":0}",[39m
[32m  "equity": "10072.53"[39m
[32m}[39m
[32m2025-07-20T19:14:09.588Z [INFO] Backtest Sell executed for BTCUSDT: 0.1010 at 50175.07. Cash: 5072.39, Position: 0.0000, Profit: 24.24[39m
[32m2025-07-20T19:14:09.589Z [INFO] Equity updated {[39m
[32m  "totalCash": "10062.40",[39m
[32m  "positions": "{\"TRUMPUSDT\":1,\"BTCUSDT\":0}",[39m
[32m  "equity": "10072.55"[39m
[32m}[39m
[32m2025-07-20T19:14:09.589Z [INFO] Backtest Buy executed for TRUMPUSDT: 1.0000 at 10.12. Cash: 4990.01, Position: 1.0000[39m
[32m2025-07-20T19:14:09.590Z [INFO] Equity updated {[39m
[32m  "totalCash": "10072.57",[39m
[32m  "positions": "{\"TRUMPUSDT\":0,\"BTCUSDT\":0}",[39m
[32m  "equity": "10072.57"[39m
[32m}[39m
[32m2025-07-20T19:14:09.590Z [INFO] Backtest Sell executed for TRUMPUSDT: 1.0000 at 10.18. Cash: 5000.18, Position: 0.0000, Profit: 0.05[39m
[32m2025-07-20T19:14:09.591Z [INFO] Equity updated {[39m
[32m  "totalCash": "5009.33",[39m
[32m  "positions": "{\"TRUMPUSDT\":0,\"BTCUSDT\":0.101387}",[39m
[32m  "equity": "10081.72"[39m
[32m}[39m
[32m2025-07-20T19:14:09.592Z [INFO] Backtest Buy executed for BTCUSDT: 0.1014 at 49879.91. Cash: 9.15, Position: 0.1014[39m
[32m2025-07-20T19:14:09.592Z [INFO] Equity updated {[39m
[32m  "totalCash": "10090.83",[39m
[32m  "positions": "{\"TRUMPUSDT\":0,\"BTCUSDT\":0}",[39m
[32m  "equity": "10090.83"[39m
[32m}[39m
[32m2025-07-20T19:14:09.592Z [INFO] Backtest Sell executed for BTCUSDT: 0.1014 at 50180.09. Cash: 5090.65, Position: 0.0000, Profit: 24.33[39m
[32m2025-07-20T19:14:09.596Z [INFO] Backtest completed with multi-symbol support {[39m
[32m  "metrics": {[39m
[32m    "TRUMPUSDT": {[39m
[32m      "totalProfit": 0.48,[39m
[32m      "tradeCount": 12,[39m
[32m      "winRate": 83.33,[39m
[32m      "profitFactor": null,[39m
[32m      "averageTradeProfit": 0.0404,[39m
[32m      "sharpeRatio": 2.236,[39m
[32m      "sortinoRatio": 0,[39m
[32m      "maxDrawdown": 0.9,[39m
[32m      "calmarRatio": 0,[39m
[32m      "totalVolumeTraded": 101[39m
[32m    },[39m
[32m    "BTCUSDT": {[39m
[32m      "totalProfit": 241.55,[39m
[32m      "tradeCount": 12,[39m
[32m      "winRate": 83.33,[39m
[32m      "profitFactor": null,[39m
[32m      "averageTradeProfit": 20.1294,[39m
[32m      "sharpeRatio": 2.2359,[39m
[32m      "sortinoRatio": 0,[39m
[32m      "maxDrawdown": 0.9,[39m
[32m      "calmarRatio": 0,[39m
[32m      "totalVolumeTraded": 50361.27[39m
[32m    },[39m
[32m    "aggregate": {[39m
[32m      "sharpeRatio": 2.23595,[39m
[32m      "sortinoRatio": 0,[39m
[32m      "maxDrawdown": 0.9,[39m
[32m      "winRate": 83.33,[39m
[32m      "profitFactor": null,[39m
[32m      "calmarRatio": 0,[39m
[32m      "totalProfit": 242.03,[39m
[32m      "finalEquity": 10090.832082399997,[39m
[32m      "totalTradeCount": 24,[39m
[32m      "averageTradeProfit": 10.084583333333333,[39m
[32m      "totalVolumeTraded": 50462.27[39m
[32m    }[39m
[32m  }[39m
[32m}[39m
[32m2025-07-20T19:14:09.709Z [INFO] Backtest completed with advanced metrics {[39m
[32m  "sharpeRatio": 0,[39m
[32m  "sortinoRatio": 0,[39m
[32m  "maxDrawdown": 0,[39m
[32m  "winRate": 0,[39m
[32m  "profitFactor": null,[39m
[32m  "calmarRatio": 0,[39m
[32m  "totalProfit": 0,[39m
[32m  "finalEquity": 10000,[39m
[32m  "tradeCount": 0[39m
[32m}[39m
[32m2025-07-20T19:14:43.549Z [INFO] Backtest completed with advanced metrics {[39m
[32m  "sharpeRatio": 0,[39m
[32m  "sortinoRatio": 0,[39m
[32m  "maxDrawdown": 0,[39m
[32m  "winRate": 0,[39m
[32m  "profitFactor": null,[39m
[32m  "calmarRatio": 0,[39m
[32m  "totalProfit": 0,[39m
[32m  "finalEquity": 10000,[39m
[32m  "tradeCount": 0[39m
[32m}[39m
[32m2025-07-20T19:14:43.597Z [INFO] Loaded historical data for TRUMPUSDT from data/historical_prices_trumpusdt.json[39m
[32m2025-07-20T19:14:43.620Z [INFO] Loaded historical data for BTCUSDT from data/historical_prices_btcusdt.json[39m
[32m2025-07-20T19:14:43.623Z [INFO] Starting backtest with 12 events across 2 symbols.[39m
[33m2025-07-20T19:14:43.628Z [WARN] Zero stop-loss distance for TRUMPUSDT. Cannot calculate order size. {[39m
[33m  "symbol": "TRUMPUSDT",[39m
[33m  "currentPrice": 10,[39m
[33m  "volatility": 0[39m
[33m}[39m
[32m2025-07-20T19:14:43.632Z [INFO] Equity updated {[39m
[32m  "totalCash": "10000.00",[39m
[32m  "positions": "{\"TRUMPUSDT\":0,\"BTCUSDT\":0}",[39m
[32m  "equity": "10000.00"[39m
[32m}[39m
[32m2025-07-20T19:14:43.633Z [INFO] Backtest Buy executed for TRUMPUSDT: 0.0000 at 9.97. Cash: 5000.00, Position: 0.0000[39m
[32m2025-07-20T19:14:43.634Z [INFO] Equity updated {[39m
[32m  "totalCash": "10000.00",[39m
[32m  "positions": "{\"TRUMPUSDT\":0,\"BTCUSDT\":0}",[39m
[32m  "equity": "10000.00"[39m
[32m}[39m
[32m2025-07-20T19:14:43.635Z [INFO] Backtest Sell executed for TRUMPUSDT: 0.0000 at 10.03. Cash: 5000.00, Position: 0.0000, Profit: 0.00[39m
[33m2025-07-20T19:14:43.636Z [WARN] Zero stop-loss distance for BTCUSDT. Cannot calculate order size. {[39m
[33m  "symbol": "BTCUSDT",[39m
[33m  "currentPrice": 50000,[39m
[33m  "volatility": 0[39m
[33m}[39m
[32m2025-07-20T19:14:43.638Z [INFO] Equity updated {[39m
[32m  "totalCash": "10000.00",[39m
[32m  "positions": "{\"TRUMPUSDT\":0,\"BTCUSDT\":0}",[39m
[32m  "equity": "10000.00"[39m
[32m}[39m
[32m2025-07-20T19:14:43.640Z [INFO] Backtest Buy executed for BTCUSDT: 0.0000 at 49850.00. Cash: 5000.00, Position: 0.0000[39m
[32m2025-07-20T19:14:43.641Z [INFO] Equity updated {[39m
[32m  "totalCash": "10000.00",[39m
[32m  "positions": "{\"TRUMPUSDT\":0,\"BTCUSDT\":0}",[39m
[32m  "equity": "10000.00"[39m
[32m}[39m
[32m2025-07-20T19:14:43.641Z [INFO] Backtest Sell executed for BTCUSDT: 0.0000 at 50150.00. Cash: 5000.00, Position: 0.0000, Profit: 0.00[39m
[32m2025-07-20T19:14:43.643Z [INFO] Equity updated {[39m
[32m  "totalCash": "9989.97",[39m
[32m  "positions": "{\"TRUMPUSDT\":1,\"BTCUSDT\":0}",[39m
[32m  "equity": "10000.02"[39m
[32m}[39m
[32m2025-07-20T19:14:43.644Z [INFO] Backtest Buy executed for TRUMPUSDT: 1.0000 at 10.02. Cash: 4989.97, Position: 1.0000[39m
[32m2025-07-20T19:14:43.644Z [INFO] Equity updated {[39m
[32m  "totalCash": "10000.04",[39m
[32m  "positions": "{\"TRUMPUSDT\":0,\"BTCUSDT\":0}",[39m
[32m  "equity": "10000.04"[39m
[32m}[39m
[32m2025-07-20T19:14:43.645Z [INFO] Backtest Sell executed for TRUMPUSDT: 1.0000 at 10.08. Cash: 5000.04, Position: 0.0000, Profit: 0.05[39m
[32m2025-07-20T19:14:43.646Z [INFO] Equity updated {[39m
[32m  "totalCash": "5009.05",[39m
[32m  "positions": "{\"TRUMPUSDT\":0,\"BTCUSDT\":0.09998}",[39m
[32m  "equity": "10009.05"[39m
[32m}[39m
[32m2025-07-20T19:14:43.647Z [INFO] Backtest Buy executed for BTCUSDT: 0.1000 at 49859.97. Cash: 9.02, Position: 0.1000[39m
[32m2025-07-20T19:14:43.647Z [INFO] Equity updated {[39m
[32m  "totalCash": "10018.04",[39m
[32m  "positions": "{\"TRUMPUSDT\":0,\"BTCUSDT\":0}",[39m
[32m  "equity": "10018.04"[39m
[32m}[39m
[32m2025-07-20T19:14:43.647Z [INFO] Backtest Sell executed for BTCUSDT: 0.1000 at 50160.03. Cash: 5018.00, Position: 0.0000, Profit: 23.98[39m
[32m2025-07-20T19:14:43.648Z [INFO] Equity updated {[39m
[32m  "totalCash": "10007.95",[39m
[32m  "positions": "{\"TRUMPUSDT\":1,\"BTCUSDT\":0}",[39m
[32m  "equity": "10018.05"[39m
[32m}[39m
[32m2025-07-20T19:14:43.648Z [INFO] Backtest Buy executed for TRUMPUSDT: 1.0000 at 10.07. Cash: 4989.95, Position: 1.0000[39m
[32m2025-07-20T19:14:43.650Z [INFO] Equity updated {[39m
[32m  "totalCash": "10018.07",[39m
[32m  "positions": "{\"TRUMPUSDT\":0,\"BTCUSDT\":0}",[39m
[32m  "equity": "10018.07"[39m
[32m}[39m
[32m2025-07-20T19:14:43.651Z [INFO] Backtest Sell executed for TRUMPUSDT: 1.0000 at 10.13. Cash: 5000.07, Position: 0.0000, Profit: 0.05[39m
[32m2025-07-20T19:14:43.652Z [INFO] Equity updated {[39m
[32m  "totalCash": "5009.12",[39m
[32m  "positions": "{\"TRUMPUSDT\":0,\"BTCUSDT\":0.10032}",[39m
[32m  "equity": "10027.12"[39m
[32m}[39m
[32m2025-07-20T19:14:43.653Z [INFO] Backtest Buy executed for BTCUSDT: 0.1003 at 49869.94. Cash: 9.04, Position: 0.1003[39m
[32m2025-07-20T19:14:43.653Z [INFO] Equity updated {[39m
[32m  "totalCash": "10036.14",[39m
[32m  "positions": "{\"TRUMPUSDT\":0,\"BTCUSDT\":0}",[39m
[32m  "equity": "10036.14"[39m
[32m}[39m
[32m2025-07-20T19:14:43.653Z [INFO] Backtest Sell executed for BTCUSDT: 0.1003 at 50170.06. Cash: 5036.06, Position: 0.0000, Profit: 24.07[39m
[32m2025-07-20T19:14:43.654Z [INFO] Equity updated {[39m
[32m  "totalCash": "10026.08",[39m
[32m  "positions": "{\"TRUMPUSDT\":1,\"BTCUSDT\":0}",[39m
[32m  "equity": "10036.16"[39m
[32m}[39m
[32m2025-07-20T19:14:43.654Z [INFO] Backtest Buy executed for TRUMPUSDT: 1.0000 at 10.05. Cash: 4990.01, Position: 1.0000[39m
[32m2025-07-20T19:14:43.655Z [INFO] Equity updated {[39m
[32m  "totalCash": "10036.17",[39m
[32m  "positions": "{\"TRUMPUSDT\":0,\"BTCUSDT\":0}",[39m
[32m  "equity": "10036.17"[39m
[32m}[39m
[32m2025-07-20T19:14:43.655Z [INFO] Backtest Sell executed for TRUMPUSDT: 1.0000 at 10.11. Cash: 5000.11, Position: 0.0000, Profit: 0.05[39m
[32m2025-07-20T19:14:43.656Z [INFO] Equity updated {[39m
[32m  "totalCash": "5009.20",[39m
[32m  "positions": "{\"TRUMPUSDT\":0,\"BTCUSDT\":0.100691}",[39m
[32m  "equity": "10045.26"[39m
[32m}[39m
[32m2025-07-20T19:14:43.656Z [INFO] Backtest Buy executed for BTCUSDT: 0.1007 at 49864.96. Cash: 9.09, Position: 0.1007[39m
[32m2025-07-20T19:14:43.656Z [INFO] Equity updated {[39m
[32m  "totalCash": "10054.30",[39m
[32m  "positions": "{\"TRUMPUSDT\":0,\"BTCUSDT\":0}",[39m
[32m  "equity": "10054.30"[39m
[32m}[39m
[32m2025-07-20T19:14:43.657Z [INFO] Backtest Sell executed for BTCUSDT: 0.1007 at 50165.04. Cash: 5054.19, Position: 0.0000, Profit: 24.15[39m
[32m2025-07-20T19:14:43.658Z [INFO] Equity updated {[39m
[32m  "totalCash": "10044.20",[39m
[32m  "positions": "{\"TRUMPUSDT\":1,\"BTCUSDT\":0}",[39m
[32m  "equity": "10054.32"[39m
[32m}[39m
[32m2025-07-20T19:14:43.658Z [INFO] Backtest Buy executed for TRUMPUSDT: 1.0000 at 10.09. Cash: 4990.01, Position: 1.0000[39m
[32m2025-07-20T19:14:43.658Z [INFO] Equity updated {[39m
[32m  "totalCash": "10054.34",[39m
[32m  "positions": "{\"TRUMPUSDT\":0,\"BTCUSDT\":0}",[39m
[32m  "equity": "10054.34"[39m
[32m}[39m
[32m2025-07-20T19:14:43.659Z [INFO] Backtest Sell executed for TRUMPUSDT: 1.0000 at 10.15. Cash: 5000.15, Position: 0.0000, Profit: 0.05[39m
[32m2025-07-20T19:14:43.659Z [INFO] Equity updated {[39m
[32m  "totalCash": "5009.28",[39m
[32m  "positions": "{\"TRUMPUSDT\":0,\"BTCUSDT\":0.101033}",[39m
[32m  "equity": "10063.46"[39m
[32m}[39m
[32m2025-07-20T19:14:43.659Z [INFO] Backtest Buy executed for BTCUSDT: 0.1010 at 49874.93. Cash: 9.13, Position: 0.1010[39m
[32m2025-07-20T19:14:43.660Z [INFO] Equity updated {[39m
[32m  "totalCash": "10072.53",[39m
[32m  "positions": "{\"TRUMPUSDT\":0,\"BTCUSDT\":0}",[39m
[32m  "equity": "10072.53"[39m
[32m}[39m
[32m2025-07-20T19:14:43.660Z [INFO] Backtest Sell executed for BTCUSDT: 0.1010 at 50175.07. Cash: 5072.39, Position: 0.0000, Profit: 24.24[39m
[32m2025-07-20T19:14:43.662Z [INFO] Equity updated {[39m
[32m  "totalCash": "10062.40",[39m
[32m  "positions": "{\"TRUMPUSDT\":1,\"BTCUSDT\":0}",[39m
[32m  "equity": "10072.55"[39m
[32m}[39m
[32m2025-07-20T19:14:43.662Z [INFO] Backtest Buy executed for TRUMPUSDT: 1.0000 at 10.12. Cash: 4990.01, Position: 1.0000[39m
[32m2025-07-20T19:14:43.662Z [INFO] Equity updated {[39m
[32m  "totalCash": "10072.57",[39m
[32m  "positions": "{\"TRUMPUSDT\":0,\"BTCUSDT\":0}",[39m
[32m  "equity": "10072.57"[39m
[32m}[39m
[32m2025-07-20T19:14:43.663Z [INFO] Backtest Sell executed for TRUMPUSDT: 1.0000 at 10.18. Cash: 5000.18, Position: 0.0000, Profit: 0.05[39m
[32m2025-07-20T19:14:43.664Z [INFO] Equity updated {[39m
[32m  "totalCash": "5009.33",[39m
[32m  "positions": "{\"TRUMPUSDT\":0,\"BTCUSDT\":0.101387}",[39m
[32m  "equity": "10081.72"[39m
[32m}[39m
[32m2025-07-20T19:14:43.665Z [INFO] Backtest Buy executed for BTCUSDT: 0.1014 at 49879.91. Cash: 9.15, Position: 0.1014[39m
[32m2025-07-20T19:14:43.665Z [INFO] Equity updated {[39m
[32m  "totalCash": "10090.83",[39m
[32m  "positions": "{\"TRUMPUSDT\":0,\"BTCUSDT\":0}",[39m
[32m  "equity": "10090.83"[39m
[32m}[39m
[32m2025-07-20T19:14:43.666Z [INFO] Backtest Sell executed for BTCUSDT: 0.1014 at 50180.09. Cash: 5090.65, Position: 0.0000, Profit: 24.33[39m
[32m2025-07-20T19:14:43.672Z [INFO] Backtest completed with multi-symbol support {[39m
[32m  "metrics": {[39m
[32m    "TRUMPUSDT": {[39m
[32m      "totalProfit": 0.48,[39m
[32m      "tradeCount": 12,[39m
[32m      "winRate": 83.33,[39m
[32m      "profitFactor": null,[39m
[32m      "averageTradeProfit": 0.0404,[39m
[32m      "sharpeRatio": 2.236,[39m
[32m      "sortinoRatio": 0,[39m
[32m      "maxDrawdown": 0.9,[39m
[32m      "calmarRatio": 0,[39m
[32m      "totalVolumeTraded": 101[39m
[32m    },[39m
[32m    "BTCUSDT": {[39m
[32m      "totalProfit": 241.55,[39m
[32m      "tradeCount": 12,[39m
[32m      "winRate": 83.33,[39m
[32m      "profitFactor": null,[39m
[32m      "averageTradeProfit": 20.1294,[39m
[32m      "sharpeRatio": 2.2359,[39m
[32m      "sortinoRatio": 0,[39m
[32m      "maxDrawdown": 0.9,[39m
[32m      "calmarRatio": 0,[39m
[32m      "totalVolumeTraded": 50361.27[39m
[32m    },[39m
[32m    "aggregate": {[39m
[32m      "sharpeRatio": 2.23595,[39m
[32m      "sortinoRatio": 0,[39m
[32m      "maxDrawdown": 0.9,[39m
[32m      "winRate": 83.33,[39m
[32m      "profitFactor": null,[39m
[32m      "calmarRatio": 0,[39m
[32m      "totalProfit": 242.03,[39m
[32m      "finalEquity": 10090.832082399997,[39m
[32m      "totalTradeCount": 24,[39m
[32m      "averageTradeProfit": 10.084583333333333,[39m
[32m      "totalVolumeTraded": 50462.27[39m
[32m    }[39m
[32m  }[39m
[32m}[39m
[32m2025-07-20T19:15:40.954Z [INFO] Backtest completed with advanced metrics {[39m
[32m  "sharpeRatio": 0,[39m
[32m  "sortinoRatio": 0,[39m
[32m  "maxDrawdown": 0,[39m
[32m  "winRate": 0,[39m
[32m  "profitFactor": null,[39m
[32m  "calmarRatio": 0,[39m
[32m  "totalProfit": 0,[39m
[32m  "finalEquity": 10000,[39m
[32m  "tradeCount": 0[39m
[32m}[39m
[32m2025-07-20T19:15:41.180Z [INFO] Loaded historical data for TRUMPUSDT from data/historical_prices_trumpusdt.json[39m
[32m2025-07-20T19:15:41.192Z [INFO] Loaded historical data for BTCUSDT from data/historical_prices_btcusdt.json[39m
[32m2025-07-20T19:15:41.195Z [INFO] Starting backtest with 12 events across 2 symbols.[39m
[33m2025-07-20T19:15:41.197Z [WARN] Zero stop-loss distance for TRUMPUSDT. Cannot calculate order size. {[39m
[33m  "symbol": "TRUMPUSDT",[39m
[33m  "currentPrice": 10,[39m
[33m  "volatility": 0[39m
[33m}[39m
[32m2025-07-20T19:15:41.201Z [INFO] Equity updated {[39m
[32m  "totalCash": "10000.00",[39m
[32m  "positions": "{\"TRUMPUSDT\":0,\"BTCUSDT\":0}",[39m
[32m  "equity": "10000.00"[39m
[32m}[39m
[32m2025-07-20T19:15:41.202Z [INFO] Backtest Buy executed for TRUMPUSDT: 0.0000 at 9.97. Cash: 5000.00, Position: 0.0000[39m
[32m2025-07-20T19:15:41.203Z [INFO] Equity updated {[39m
[32m  "totalCash": "10000.00",[39m
[32m  "positions": "{\"TRUMPUSDT\":0,\"BTCUSDT\":0}",[39m
[32m  "equity": "10000.00"[39m
[32m}[39m
[32m2025-07-20T19:15:41.204Z [INFO] Backtest Sell executed for TRUMPUSDT: 0.0000 at 10.03. Cash: 5000.00, Position: 0.0000, Profit: 0.00[39m
[33m2025-07-20T19:15:41.204Z [WARN] Zero stop-loss distance for BTCUSDT. Cannot calculate order size. {[39m
[33m  "symbol": "BTCUSDT",[39m
[33m  "currentPrice": 50000,[39m
[33m  "volatility": 0[39m
[33m}[39m
[32m2025-07-20T19:15:41.206Z [INFO] Equity updated {[39m
[32m  "totalCash": "10000.00",[39m
[32m  "positions": "{\"TRUMPUSDT\":0,\"BTCUSDT\":0}",[39m
[32m  "equity": "10000.00"[39m
[32m}[39m
[32m2025-07-20T19:15:41.206Z [INFO] Backtest Buy executed for BTCUSDT: 0.0000 at 49850.00. Cash: 5000.00, Position: 0.0000[39m
[32m2025-07-20T19:15:41.207Z [INFO] Equity updated {[39m
[32m  "totalCash": "10000.00",[39m
[32m  "positions": "{\"TRUMPUSDT\":0,\"BTCUSDT\":0}",[39m
[32m  "equity": "10000.00"[39m
[32m}[39m
[32m2025-07-20T19:15:41.207Z [INFO] Backtest Sell executed for BTCUSDT: 0.0000 at 50150.00. Cash: 5000.00, Position: 0.0000, Profit: 0.00[39m
[32m2025-07-20T19:15:41.209Z [INFO] Equity updated {[39m
[32m  "totalCash": "9989.97",[39m
[32m  "positions": "{\"TRUMPUSDT\":1,\"BTCUSDT\":0}",[39m
[32m  "equity": "10000.02"[39m
[32m}[39m
[32m2025-07-20T19:15:41.210Z [INFO] Backtest Buy executed for TRUMPUSDT: 1.0000 at 10.02. Cash: 4989.97, Position: 1.0000[39m
[32m2025-07-20T19:15:41.210Z [INFO] Equity updated {[39m
[32m  "totalCash": "10000.04",[39m
[32m  "positions": "{\"TRUMPUSDT\":0,\"BTCUSDT\":0}",[39m
[32m  "equity": "10000.04"[39m
[32m}[39m
[32m2025-07-20T19:15:41.210Z [INFO] Backtest Sell executed for TRUMPUSDT: 1.0000 at 10.08. Cash: 5000.04, Position: 0.0000, Profit: 0.05[39m
[32m2025-07-20T19:15:41.211Z [INFO] Equity updated {[39m
[32m  "totalCash": "5009.05",[39m
[32m  "positions": "{\"TRUMPUSDT\":0,\"BTCUSDT\":0.09998}",[39m
[32m  "equity": "10009.05"[39m
[32m}[39m
[32m2025-07-20T19:15:41.212Z [INFO] Backtest Buy executed for BTCUSDT: 0.1000 at 49859.97. Cash: 9.02, Position: 0.1000[39m
[32m2025-07-20T19:15:41.212Z [INFO] Equity updated {[39m
[32m  "totalCash": "10018.04",[39m
[32m  "positions": "{\"TRUMPUSDT\":0,\"BTCUSDT\":0}",[39m
[32m  "equity": "10018.04"[39m
[32m}[39m
[32m2025-07-20T19:15:41.212Z [INFO] Backtest Sell executed for BTCUSDT: 0.1000 at 50160.03. Cash: 5018.00, Position: 0.0000, Profit: 23.98[39m
[32m2025-07-20T19:15:41.213Z [INFO] Equity updated {[39m
[32m  "totalCash": "10007.95",[39m
[32m  "positions": "{\"TRUMPUSDT\":1,\"BTCUSDT\":0}",[39m
[32m  "equity": "10018.05"[39m
[32m}[39m
[32m2025-07-20T19:15:41.213Z [INFO] Backtest Buy executed for TRUMPUSDT: 1.0000 at 10.07. Cash: 4989.95, Position: 1.0000[39m
[32m2025-07-20T19:15:41.214Z [INFO] Equity updated {[39m
[32m  "totalCash": "10018.07",[39m
[32m  "positions": "{\"TRUMPUSDT\":0,\"BTCUSDT\":0}",[39m
[32m  "equity": "10018.07"[39m
[32m}[39m
[32m2025-07-20T19:15:41.214Z [INFO] Backtest Sell executed for TRUMPUSDT: 1.0000 at 10.13. Cash: 5000.07, Position: 0.0000, Profit: 0.05[39m
[32m2025-07-20T19:15:41.215Z [INFO] Equity updated {[39m
[32m  "totalCash": "5009.12",[39m
[32m  "positions": "{\"TRUMPUSDT\":0,\"BTCUSDT\":0.10032}",[39m
[32m  "equity": "10027.12"[39m
[32m}[39m
[32m2025-07-20T19:15:41.215Z [INFO] Backtest Buy executed for BTCUSDT: 0.1003 at 49869.94. Cash: 9.04, Position: 0.1003[39m
[32m2025-07-20T19:15:41.216Z [INFO] Equity updated {[39m
[32m  "totalCash": "10036.14",[39m
[32m  "positions": "{\"TRUMPUSDT\":0,\"BTCUSDT\":0}",[39m
[32m  "equity": "10036.14"[39m
[32m}[39m
[32m2025-07-20T19:15:41.216Z [INFO] Backtest Sell executed for BTCUSDT: 0.1003 at 50170.06. Cash: 5036.06, Position: 0.0000, Profit: 24.07[39m
[32m2025-07-20T19:15:41.217Z [INFO] Equity updated {[39m
[32m  "totalCash": "10026.08",[39m
[32m  "positions": "{\"TRUMPUSDT\":1,\"BTCUSDT\":0}",[39m
[32m  "equity": "10036.16"[39m
[32m}[39m
[32m2025-07-20T19:15:41.217Z [INFO] Backtest Buy executed for TRUMPUSDT: 1.0000 at 10.05. Cash: 4990.01, Position: 1.0000[39m
[32m2025-07-20T19:15:41.217Z [INFO] Equity updated {[39m
[32m  "totalCash": "10036.17",[39m
[32m  "positions": "{\"TRUMPUSDT\":0,\"BTCUSDT\":0}",[39m
[32m  "equity": "10036.17"[39m
[32m}[39m
[32m2025-07-20T19:15:41.217Z [INFO] Backtest Sell executed for TRUMPUSDT: 1.0000 at 10.11. Cash: 5000.11, Position: 0.0000, Profit: 0.05[39m
[32m2025-07-20T19:15:41.218Z [INFO] Equity updated {[39m
[32m  "totalCash": "5009.20",[39m
[32m  "positions": "{\"TRUMPUSDT\":0,\"BTCUSDT\":0.100691}",[39m
[32m  "equity": "10045.26"[39m
[32m}[39m
[32m2025-07-20T19:15:41.218Z [INFO] Backtest Buy executed for BTCUSDT: 0.1007 at 49864.96. Cash: 9.09, Position: 0.1007[39m
[32m2025-07-20T19:15:41.218Z [INFO] Equity updated {[39m
[32m  "totalCash": "10054.30",[39m
[32m  "positions": "{\"TRUMPUSDT\":0,\"BTCUSDT\":0}",[39m
[32m  "equity": "10054.30"[39m
[32m}[39m
[32m2025-07-20T19:15:41.219Z [INFO] Backtest Sell executed for BTCUSDT: 0.1007 at 50165.04. Cash: 5054.19, Position: 0.0000, Profit: 24.15[39m
[32m2025-07-20T19:15:41.220Z [INFO] Equity updated {[39m
[32m  "totalCash": "10044.20",[39m
[32m  "positions": "{\"TRUMPUSDT\":1,\"BTCUSDT\":0}",[39m
[32m  "equity": "10054.32"[39m
[32m}[39m
[32m2025-07-20T19:15:41.220Z [INFO] Backtest Buy executed for TRUMPUSDT: 1.0000 at 10.09. Cash: 4990.01, Position: 1.0000[39m
[32m2025-07-20T19:15:41.220Z [INFO] Equity updated {[39m
[32m  "totalCash": "10054.34",[39m
[32m  "positions": "{\"TRUMPUSDT\":0,\"BTCUSDT\":0}",[39m
[32m  "equity": "10054.34"[39m
[32m}[39m
[32m2025-07-20T19:15:41.221Z [INFO] Backtest Sell executed for TRUMPUSDT: 1.0000 at 10.15. Cash: 5000.15, Position: 0.0000, Profit: 0.05[39m
[32m2025-07-20T19:15:41.221Z [INFO] Equity updated {[39m
[32m  "totalCash": "5009.28",[39m
[32m  "positions": "{\"TRUMPUSDT\":0,\"BTCUSDT\":0.101033}",[39m
[32m  "equity": "10063.46"[39m
[32m}[39m
[32m2025-07-20T19:15:41.222Z [INFO] Backtest Buy executed for BTCUSDT: 0.1010 at 49874.93. Cash: 9.13, Position: 0.1010[39m
[32m2025-07-20T19:15:41.222Z [INFO] Equity updated {[39m
[32m  "totalCash": "10072.53",[39m
[32m  "positions": "{\"TRUMPUSDT\":0,\"BTCUSDT\":0}",[39m
[32m  "equity": "10072.53"[39m
[32m}[39m
[32m2025-07-20T19:15:41.222Z [INFO] Backtest Sell executed for BTCUSDT: 0.1010 at 50175.07. Cash: 5072.39, Position: 0.0000, Profit: 24.24[39m
[32m2025-07-20T19:15:41.223Z [INFO] Equity updated {[39m
[32m  "totalCash": "10062.40",[39m
[32m  "positions": "{\"TRUMPUSDT\":1,\"BTCUSDT\":0}",[39m
[32m  "equity": "10072.55"[39m
[32m}[39m
[32m2025-07-20T19:15:41.223Z [INFO] Backtest Buy executed for TRUMPUSDT: 1.0000 at 10.12. Cash: 4990.01, Position: 1.0000[39m
[32m2025-07-20T19:15:41.223Z [INFO] Equity updated {[39m
[32m  "totalCash": "10072.57",[39m
[32m  "positions": "{\"TRUMPUSDT\":0,\"BTCUSDT\":0}",[39m
[32m  "equity": "10072.57"[39m
[32m}[39m
[32m2025-07-20T19:15:41.224Z [INFO] Backtest Sell executed for TRUMPUSDT: 1.0000 at 10.18. Cash: 5000.18, Position: 0.0000, Profit: 0.05[39m
[32m2025-07-20T19:15:41.225Z [INFO] Equity updated {[39m
[32m  "totalCash": "5009.33",[39m
[32m  "positions": "{\"TRUMPUSDT\":0,\"BTCUSDT\":0.101387}",[39m
[32m  "equity": "10081.72"[39m
[32m}[39m
[32m2025-07-20T19:15:41.225Z [INFO] Backtest Buy executed for BTCUSDT: 0.1014 at 49879.91. Cash: 9.15, Position: 0.1014[39m
[32m2025-07-20T19:15:41.225Z [INFO] Equity updated {[39m
[32m  "totalCash": "10090.83",[39m
[32m  "positions": "{\"TRUMPUSDT\":0,\"BTCUSDT\":0}",[39m
[32m  "equity": "10090.83"[39m
[32m}[39m
[32m2025-07-20T19:15:41.226Z [INFO] Backtest Sell executed for BTCUSDT: 0.1014 at 50180.09. Cash: 5090.65, Position: 0.0000, Profit: 24.33[39m
[32m2025-07-20T19:15:41.230Z [INFO] Backtest completed with multi-symbol support {[39m
[32m  "metrics": {[39m
[32m    "TRUMPUSDT": {[39m
[32m      "totalProfit": 0.48,[39m
[32m      "tradeCount": 12,[39m
[32m      "winRate": 83.33,[39m
[32m      "profitFactor": null,[39m
[32m      "averageTradeProfit": 0.0404,[39m
[32m      "sharpeRatio": 2.236,[39m
[32m      "sortinoRatio": 0,[39m
[32m      "maxDrawdown": 0.9,[39m
[32m      "calmarRatio": 0,[39m
[32m      "totalVolumeTraded": 101[39m
[32m    },[39m
[32m    "BTCUSDT": {[39m
[32m      "totalProfit": 241.55,[39m
[32m      "tradeCount": 12,[39m
[32m      "winRate": 83.33,[39m
[32m      "profitFactor": null,[39m
[32m      "averageTradeProfit": 20.1294,[39m
[32m      "sharpeRatio": 2.2359,[39m
[32m      "sortinoRatio": 0,[39m
[32m      "maxDrawdown": 0.9,[39m
[32m      "calmarRatio": 0,[39m
[32m      "totalVolumeTraded": 50361.27[39m
[32m    },[39m
[32m    "aggregate": {[39m
[32m      "sharpeRatio": 2.23595,[39m
[32m      "sortinoRatio": 0,[39m
[32m      "maxDrawdown": 0.9,[39m
[32m      "winRate": 83.33,[39m
[32m      "profitFactor": null,[39m
[32m      "calmarRatio": 0,[39m
[32m      "totalProfit": 242.03,[39m
[32m      "finalEquity": 10090.832082399997,[39m
[32m      "totalTradeCount": 24,[39m
[32m      "averageTradeProfit": 10.084583333333333,[39m
[32m      "totalVolumeTraded": 50462.27[39m
[32m    }[39m
[32m  }[39m
[32m}[39m
[32m2025-07-20T19:16:26.263Z [INFO] Loaded historical data for TRUMPUSDT from data/historical_prices_trumpusdt.json[39m
[32m2025-07-20T19:16:26.275Z [INFO] Loaded historical data for BTCUSDT from data/historical_prices_btcusdt.json[39m
[32m2025-07-20T19:16:26.279Z [INFO] Starting backtest with 12 events across 2 symbols.[39m
[33m2025-07-20T19:16:26.282Z [WARN] Zero stop-loss distance for TRUMPUSDT. Cannot calculate order size. {[39m
[33m  "symbol": "TRUMPUSDT",[39m
[33m  "currentPrice": 10,[39m
[33m  "volatility": 0[39m
[33m}[39m
[32m2025-07-20T19:16:26.285Z [INFO] Equity updated {[39m
[32m  "totalCash": "10000.00",[39m
[32m  "positions": "{\"TRUMPUSDT\":0,\"BTCUSDT\":0}",[39m
[32m  "equity": "10000.00"[39m
[32m}[39m
[32m2025-07-20T19:16:26.286Z [INFO] Backtest Buy executed for TRUMPUSDT: 0.0000 at 9.97. Cash: 5000.00, Position: 0.0000[39m
[32m2025-07-20T19:16:26.287Z [INFO] Equity updated {[39m
[32m  "totalCash": "10000.00",[39m
[32m  "positions": "{\"TRUMPUSDT\":0,\"BTCUSDT\":0}",[39m
[32m  "equity": "10000.00"[39m
[32m}[39m
[32m2025-07-20T19:16:26.288Z [INFO] Backtest Sell executed for TRUMPUSDT: 0.0000 at 10.03. Cash: 5000.00, Position: 0.0000, Profit: 0.00[39m
[33m2025-07-20T19:16:26.289Z [WARN] Zero stop-loss distance for BTCUSDT. Cannot calculate order size. {[39m
[33m  "symbol": "BTCUSDT",[39m
[33m  "currentPrice": 50000,[39m
[33m  "volatility": 0[39m
[33m}[39m
[32m2025-07-20T19:16:26.290Z [INFO] Equity updated {[39m
[32m  "totalCash": "10000.00",[39m
[32m  "positions": "{\"TRUMPUSDT\":0,\"BTCUSDT\":0}",[39m
[32m  "equity": "10000.00"[39m
[32m}[39m
[32m2025-07-20T19:16:26.291Z [INFO] Backtest Buy executed for BTCUSDT: 0.0000 at 49850.00. Cash: 5000.00, Position: 0.0000[39m
[32m2025-07-20T19:16:26.292Z [INFO] Equity updated {[39m
[32m  "totalCash": "10000.00",[39m
[32m  "positions": "{\"TRUMPUSDT\":0,\"BTCUSDT\":0}",[39m
[32m  "equity": "10000.00"[39m
[32m}[39m
[32m2025-07-20T19:16:26.292Z [INFO] Backtest Sell executed for BTCUSDT: 0.0000 at 50150.00. Cash: 5000.00, Position: 0.0000, Profit: 0.00[39m
[32m2025-07-20T19:16:26.294Z [INFO] Equity updated {[39m
[32m  "totalCash": "9989.97",[39m
[32m  "positions": "{\"TRUMPUSDT\":1,\"BTCUSDT\":0}",[39m
[32m  "equity": "10000.02"[39m
[32m}[39m
[32m2025-07-20T19:16:26.295Z [INFO] Backtest Buy executed for TRUMPUSDT: 1.0000 at 10.02. Cash: 4989.97, Position: 1.0000[39m
[32m2025-07-20T19:16:26.295Z [INFO] Equity updated {[39m
[32m  "totalCash": "10000.04",[39m
[32m  "positions": "{\"TRUMPUSDT\":0,\"BTCUSDT\":0}",[39m
[32m  "equity": "10000.04"[39m
[32m}[39m
[32m2025-07-20T19:16:26.295Z [INFO] Backtest Sell executed for TRUMPUSDT: 1.0000 at 10.08. Cash: 5000.04, Position: 0.0000, Profit: 0.05[39m
[32m2025-07-20T19:16:26.297Z [INFO] Equity updated {[39m
[32m  "totalCash": "5009.05",[39m
[32m  "positions": "{\"TRUMPUSDT\":0,\"BTCUSDT\":0.09998}",[39m
[32m  "equity": "10009.05"[39m
[32m}[39m
[32m2025-07-20T19:16:26.297Z [INFO] Backtest Buy executed for BTCUSDT: 0.1000 at 49859.97. Cash: 9.02, Position: 0.1000[39m
[32m2025-07-20T19:16:26.297Z [INFO] Equity updated {[39m
[32m  "totalCash": "10018.04",[39m
[32m  "positions": "{\"TRUMPUSDT\":0,\"BTCUSDT\":0}",[39m
[32m  "equity": "10018.04"[39m
[32m}[39m
[32m2025-07-20T19:16:26.298Z [INFO] Backtest Sell executed for BTCUSDT: 0.1000 at 50160.03. Cash: 5018.00, Position: 0.0000, Profit: 23.98[39m
[32m2025-07-20T19:16:26.299Z [INFO] Equity updated {[39m
[32m  "totalCash": "10007.95",[39m
[32m  "positions": "{\"TRUMPUSDT\":1,\"BTCUSDT\":0}",[39m
[32m  "equity": "10018.05"[39m
[32m}[39m
[32m2025-07-20T19:16:26.299Z [INFO] Backtest Buy executed for TRUMPUSDT: 1.0000 at 10.07. Cash: 4989.95, Position: 1.0000[39m
[32m2025-07-20T19:16:26.299Z [INFO] Equity updated {[39m
[32m  "totalCash": "10018.07",[39m
[32m  "positions": "{\"TRUMPUSDT\":0,\"BTCUSDT\":0}",[39m
[32m  "equity": "10018.07"[39m
[32m}[39m
[32m2025-07-20T19:16:26.300Z [INFO] Backtest Sell executed for TRUMPUSDT: 1.0000 at 10.13. Cash: 5000.07, Position: 0.0000, Profit: 0.05[39m
[32m2025-07-20T19:16:26.301Z [INFO] Equity updated {[39m
[32m  "totalCash": "5009.12",[39m
[32m  "positions": "{\"TRUMPUSDT\":0,\"BTCUSDT\":0.10032}",[39m
[32m  "equity": "10027.12"[39m
[32m}[39m
[32m2025-07-20T19:16:26.301Z [INFO] Backtest Buy executed for BTCUSDT: 0.1003 at 49869.94. Cash: 9.04, Position: 0.1003[39m
[32m2025-07-20T19:16:26.301Z [INFO] Equity updated {[39m
[32m  "totalCash": "10036.14",[39m
[32m  "positions": "{\"TRUMPUSDT\":0,\"BTCUSDT\":0}",[39m
[32m  "equity": "10036.14"[39m
[32m}[39m
[32m2025-07-20T19:16:26.302Z [INFO] Backtest Sell executed for BTCUSDT: 0.1003 at 50170.06. Cash: 5036.06, Position: 0.0000, Profit: 24.07[39m
[32m2025-07-20T19:16:26.302Z [INFO] Equity updated {[39m
[32m  "totalCash": "10026.08",[39m
[32m  "positions": "{\"TRUMPUSDT\":1,\"BTCUSDT\":0}",[39m
[32m  "equity": "10036.16"[39m
[32m}[39m
[32m2025-07-20T19:16:26.303Z [INFO] Backtest Buy executed for TRUMPUSDT: 1.0000 at 10.05. Cash: 4990.01, Position: 1.0000[39m
[32m2025-07-20T19:16:26.303Z [INFO] Equity updated {[39m
[32m  "totalCash": "10036.17",[39m
[32m  "positions": "{\"TRUMPUSDT\":0,\"BTCUSDT\":0}",[39m
[32m  "equity": "10036.17"[39m
[32m}[39m
[32m2025-07-20T19:16:26.303Z [INFO] Backtest Sell executed for TRUMPUSDT: 1.0000 at 10.11. Cash: 5000.11, Position: 0.0000, Profit: 0.05[39m
[32m2025-07-20T19:16:26.304Z [INFO] Equity updated {[39m
[32m  "totalCash": "5009.20",[39m
[32m  "positions": "{\"TRUMPUSDT\":0,\"BTCUSDT\":0.100691}",[39m
[32m  "equity": "10045.26"[39m
[32m}[39m
[32m2025-07-20T19:16:26.304Z [INFO] Backtest Buy executed for BTCUSDT: 0.1007 at 49864.96. Cash: 9.09, Position: 0.1007[39m
[32m2025-07-20T19:16:26.305Z [INFO] Equity updated {[39m
[32m  "totalCash": "10054.30",[39m
[32m  "positions": "{\"TRUMPUSDT\":0,\"BTCUSDT\":0}",[39m
[32m  "equity": "10054.30"[39m
[32m}[39m
[32m2025-07-20T19:16:26.305Z [INFO] Backtest Sell executed for BTCUSDT: 0.1007 at 50165.04. Cash: 5054.19, Position: 0.0000, Profit: 24.15[39m
[32m2025-07-20T19:16:26.306Z [INFO] Equity updated {[39m
[32m  "totalCash": "10044.20",[39m
[32m  "positions": "{\"TRUMPUSDT\":1,\"BTCUSDT\":0}",[39m
[32m  "equity": "10054.32"[39m
[32m}[39m
[32m2025-07-20T19:16:26.306Z [INFO] Backtest Buy executed for TRUMPUSDT: 1.0000 at 10.09. Cash: 4990.01, Position: 1.0000[39m
[32m2025-07-20T19:16:26.307Z [INFO] Equity updated {[39m
[32m  "totalCash": "10054.34",[39m
[32m  "positions": "{\"TRUMPUSDT\":0,\"BTCUSDT\":0}",[39m
[32m  "equity": "10054.34"[39m
[32m}[39m
[32m2025-07-20T19:16:26.307Z [INFO] Backtest Sell executed for TRUMPUSDT: 1.0000 at 10.15. Cash: 5000.15, Position: 0.0000, Profit: 0.05[39m
[32m2025-07-20T19:16:26.308Z [INFO] Equity updated {[39m
[32m  "totalCash": "5009.28",[39m
[32m  "positions": "{\"TRUMPUSDT\":0,\"BTCUSDT\":0.101033}",[39m
[32m  "equity": "10063.46"[39m
[32m}[39m
[32m2025-07-20T19:16:26.308Z [INFO] Backtest Buy executed for BTCUSDT: 0.1010 at 49874.93. Cash: 9.13, Position: 0.1010[39m
[32m2025-07-20T19:16:26.308Z [INFO] Equity updated {[39m
[32m  "totalCash": "10072.53",[39m
[32m  "positions": "{\"TRUMPUSDT\":0,\"BTCUSDT\":0}",[39m
[32m  "equity": "10072.53"[39m
[32m}[39m
[32m2025-07-20T19:16:26.309Z [INFO] Backtest Sell executed for BTCUSDT: 0.1010 at 50175.07. Cash: 5072.39, Position: 0.0000, Profit: 24.24[39m
[32m2025-07-20T19:16:26.310Z [INFO] Equity updated {[39m
[32m  "totalCash": "10062.40",[39m
[32m  "positions": "{\"TRUMPUSDT\":1,\"BTCUSDT\":0}",[39m
[32m  "equity": "10072.55"[39m
[32m}[39m
[32m2025-07-20T19:16:26.310Z [INFO] Backtest Buy executed for TRUMPUSDT: 1.0000 at 10.12. Cash: 4990.01, Position: 1.0000[39m
[32m2025-07-20T19:16:26.310Z [INFO] Equity updated {[39m
[32m  "totalCash": "10072.57",[39m
[32m  "positions": "{\"TRUMPUSDT\":0,\"BTCUSDT\":0}",[39m
[32m  "equity": "10072.57"[39m
[32m}[39m
[32m2025-07-20T19:16:26.310Z [INFO] Backtest Sell executed for TRUMPUSDT: 1.0000 at 10.18. Cash: 5000.18, Position: 0.0000, Profit: 0.05[39m
[32m2025-07-20T19:16:26.313Z [INFO] Equity updated {[39m
[32m  "totalCash": "5009.33",[39m
[32m  "positions": "{\"TRUMPUSDT\":0,\"BTCUSDT\":0.101387}",[39m
[32m  "equity": "10081.72"[39m
[32m}[39m
[32m2025-07-20T19:16:26.313Z [INFO] Backtest Buy executed for BTCUSDT: 0.1014 at 49879.91. Cash: 9.15, Position: 0.1014[39m
[32m2025-07-20T19:16:26.313Z [INFO] Equity updated {[39m
[32m  "totalCash": "10090.83",[39m
[32m  "positions": "{\"TRUMPUSDT\":0,\"BTCUSDT\":0}",[39m
[32m  "equity": "10090.83"[39m
[32m}[39m
[32m2025-07-20T19:16:26.314Z [INFO] Backtest Sell executed for BTCUSDT: 0.1014 at 50180.09. Cash: 5090.65, Position: 0.0000, Profit: 24.33[39m
[32m2025-07-20T19:16:26.318Z [INFO] Backtest completed with multi-symbol support {[39m
[32m  "metrics": {[39m
[32m    "TRUMPUSDT": {[39m
[32m      "totalProfit": 0.48,[39m
[32m      "tradeCount": 12,[39m
[32m      "winRate": 83.33,[39m
[32m      "profitFactor": null,[39m
[32m      "averageTradeProfit": 0.0404,[39m
[32m      "sharpeRatio": 2.236,[39m
[32m      "sortinoRatio": 0,[39m
[32m      "maxDrawdown": 0.9,[39m
[32m      "calmarRatio": 0,[39m
[32m      "totalVolumeTraded": 101[39m
[32m    },[39m
[32m    "BTCUSDT": {[39m
[32m      "totalProfit": 241.55,[39m
[32m      "tradeCount": 12,[39m
[32m      "winRate": 83.33,[39m
[32m      "profitFactor": null,[39m
[32m      "averageTradeProfit": 20.1294,[39m
[32m      "sharpeRatio": 2.2359,[39m
[32m      "sortinoRatio": 0,[39m
[32m      "maxDrawdown": 0.9,[39m
[32m      "calmarRatio": 0,[39m
[32m      "totalVolumeTraded": 50361.27[39m
[32m    },[39m
[32m    "aggregate": {[39m
[32m      "sharpeRatio": 2.23595,[39m
[32m      "sortinoRatio": 0,[39m
[32m      "maxDrawdown": 0.9,[39m
[32m      "winRate": 83.33,[39m
[32m      "profitFactor": null,[39m
[32m      "calmarRatio": 0,[39m
[32m      "totalProfit": 242.03,[39m
[32m      "finalEquity": 10090.832082399997,[39m
[32m      "totalTradeCount": 24,[39m
[32m      "averageTradeProfit": 10.084583333333333,[39m
[32m      "totalVolumeTraded": 50462.27[39m
[32m    }[39m
[32m  }[39m
[32m}[39m
[32m2025-07-20T19:17:01.522Z [INFO] Equity updated {[39m
[32m  "cash": 9500.25,[39m
[32m  "position": 0.01,[39m
[32m  "equity": 9505.25[39m
[32m}[39m
[32m2025-07-20T19:17:01.541Z [INFO] Loaded historical data for TRUMPUSDT from data/historical_prices_trumpusdt.json[39m
[32m2025-07-20T19:17:01.538Z [INFO] Equity updated {[39m
[32m  "cash": 10000.5,[39m
[32m  "position": 0,[39m
[32m  "equity": 10000.5[39m
[32m}[39m
[32m2025-07-20T19:17:01.539Z [INFO] Equity updated {[39m
[32m  "cash": 9499.75,[39m
[32m  "position": 0.01,[39m
[32m  "equity": 9504.76[39m
[32m}[39m
[32m2025-07-20T19:17:01.541Z [INFO] Equity updated {[39m
[32m  "cash": 10001,[39m
[32m  "position": 0,[39m
[32m  "equity": 10001[39m
[32m}[39m
[32m2025-07-20T19:17:01.544Z [INFO] Backtest completed with advanced metrics {[39m
[32m  "sharpeRatio": 0,[39m
[32m  "sortinoRatio": 0,[39m
[32m  "maxDrawdown": 4.961903809619036,[39m
[32m  "winRate": 100,[39m
[32m  "profitFactor": null,[39m
[32m  "calmarRatio": 0.0508123641056382,[39m
[32m  "totalProfit": 1,[39m
[32m  "finalEquity": 10001,[39m
[32m  "tradeCount": 2[39m
[32m}[39m
[32m2025-07-20T19:17:01.555Z [INFO] Loaded historical data for BTCUSDT from data/historical_prices_btcusdt.json[39m
[32m2025-07-20T19:17:01.557Z [INFO] Starting backtest with 12 events across 2 symbols.[39m
[33m2025-07-20T19:17:01.561Z [WARN] Zero stop-loss distance for TRUMPUSDT. Cannot calculate order size. {[39m
[33m  "symbol": "TRUMPUSDT",[39m
[33m  "currentPrice": 10,[39m
[33m  "volatility": 0[39m
[33m}[39m
[32m2025-07-20T19:17:01.569Z [INFO] Equity updated {[39m
[32m  "totalCash": "10000.00",[39m
[32m  "positions": "{\"TRUMPUSDT\":0,\"BTCUSDT\":0}",[39m
[32m  "equity": "10000.00"[39m
[32m}[39m
[32m2025-07-20T19:17:01.570Z [INFO] Backtest Buy executed for TRUMPUSDT: 0.0000 at 9.97. Cash: 5000.00, Position: 0.0000[39m
[32m2025-07-20T19:17:01.572Z [INFO] Equity updated {[39m
[32m  "totalCash": "10000.00",[39m
[32m  "positions": "{\"TRUMPUSDT\":0,\"BTCUSDT\":0}",[39m
[32m  "equity": "10000.00"[39m
[32m}[39m
[32m2025-07-20T19:17:01.573Z [INFO] Backtest Sell executed for TRUMPUSDT: 0.0000 at 10.03. Cash: 5000.00, Position: 0.0000, Profit: 0.00[39m
[33m2025-07-20T19:17:01.574Z [WARN] Zero stop-loss distance for BTCUSDT. Cannot calculate order size. {[39m
[33m  "symbol": "BTCUSDT",[39m
[33m  "currentPrice": 50000,[39m
[33m  "volatility": 0[39m
[33m}[39m
[32m2025-07-20T19:17:01.576Z [INFO] Equity updated {[39m
[32m  "totalCash": "10000.00",[39m
[32m  "positions": "{\"TRUMPUSDT\":0,\"BTCUSDT\":0}",[39m
[32m  "equity": "10000.00"[39m
[32m}[39m
[32m2025-07-20T19:17:01.577Z [INFO] Backtest Buy executed for BTCUSDT: 0.0000 at 49850.00. Cash: 5000.00, Position: 0.0000[39m
[32m2025-07-20T19:17:01.578Z [INFO] Equity updated {[39m
[32m  "totalCash": "10000.00",[39m
[32m  "positions": "{\"TRUMPUSDT\":0,\"BTCUSDT\":0}",[39m
[32m  "equity": "10000.00"[39m
[32m}[39m
[32m2025-07-20T19:17:01.579Z [INFO] Backtest Sell executed for BTCUSDT: 0.0000 at 50150.00. Cash: 5000.00, Position: 0.0000, Profit: 0.00[39m
[32m2025-07-20T19:17:01.581Z [INFO] Equity updated {[39m
[32m  "totalCash": "9989.97",[39m
[32m  "positions": "{\"TRUMPUSDT\":1,\"BTCUSDT\":0}",[39m
[32m  "equity": "10000.02"[39m
[32m}[39m
[32m2025-07-20T19:17:01.582Z [INFO] Backtest Buy executed for TRUMPUSDT: 1.0000 at 10.02. Cash: 4989.97, Position: 1.0000[39m
[32m2025-07-20T19:17:01.582Z [INFO] Equity updated {[39m
[32m  "totalCash": "10000.04",[39m
[32m  "positions": "{\"TRUMPUSDT\":0,\"BTCUSDT\":0}",[39m
[32m  "equity": "10000.04"[39m
[32m}[39m
[32m2025-07-20T19:17:01.583Z [INFO] Backtest Sell executed for TRUMPUSDT: 1.0000 at 10.08. Cash: 5000.04, Position: 0.0000, Profit: 0.05[39m
[32m2025-07-20T19:17:01.584Z [INFO] Equity updated {[39m
[32m  "totalCash": "5009.05",[39m
[32m  "positions": "{\"TRUMPUSDT\":0,\"BTCUSDT\":0.09998}",[39m
[32m  "equity": "10009.05"[39m
[32m}[39m
[32m2025-07-20T19:17:01.585Z [INFO] Backtest Buy executed for BTCUSDT: 0.1000 at 49859.97. Cash: 9.02, Position: 0.1000[39m
[32m2025-07-20T19:17:01.585Z [INFO] Equity updated {[39m
[32m  "totalCash": "10018.04",[39m
[32m  "positions": "{\"TRUMPUSDT\":0,\"BTCUSDT\":0}",[39m
[32m  "equity": "10018.04"[39m
[32m}[39m
[32m2025-07-20T19:17:01.586Z [INFO] Backtest Sell executed for BTCUSDT: 0.1000 at 50160.03. Cash: 5018.00, Position: 0.0000, Profit: 23.98[39m
[32m2025-07-20T19:17:01.589Z [INFO] Equity updated {[39m
[32m  "totalCash": "10007.95",[39m
[32m  "positions": "{\"TRUMPUSDT\":1,\"BTCUSDT\":0}",[39m
[32m  "equity": "10018.05"[39m
[32m}[39m
[32m2025-07-20T19:17:01.590Z [INFO] Backtest Buy executed for TRUMPUSDT: 1.0000 at 10.07. Cash: 4989.95, Position: 1.0000[39m
[32m2025-07-20T19:17:01.592Z [INFO] Equity updated {[39m
[32m  "totalCash": "10018.07",[39m
[32m  "positions": "{\"TRUMPUSDT\":0,\"BTCUSDT\":0}",[39m
[32m  "equity": "10018.07"[39m
[32m}[39m
[32m2025-07-20T19:17:01.594Z [INFO] Backtest Sell executed for TRUMPUSDT: 1.0000 at 10.13. Cash: 5000.07, Position: 0.0000, Profit: 0.05[39m
[32m2025-07-20T19:17:01.596Z [INFO] Equity updated {[39m
[32m  "totalCash": "5009.12",[39m
[32m  "positions": "{\"TRUMPUSDT\":0,\"BTCUSDT\":0.10032}",[39m
[32m  "equity": "10027.12"[39m
[32m}[39m
[32m2025-07-20T19:17:01.597Z [INFO] Backtest Buy executed for BTCUSDT: 0.1003 at 49869.94. Cash: 9.04, Position: 0.1003[39m
[32m2025-07-20T19:17:01.597Z [INFO] Equity updated {[39m
[32m  "totalCash": "10036.14",[39m
[32m  "positions": "{\"TRUMPUSDT\":0,\"BTCUSDT\":0}",[39m
[32m  "equity": "10036.14"[39m
[32m}[39m
[32m2025-07-20T19:17:01.597Z [INFO] Backtest Sell executed for BTCUSDT: 0.1003 at 50170.06. Cash: 5036.06, Position: 0.0000, Profit: 24.07[39m
[32m2025-07-20T19:17:01.598Z [INFO] Equity updated {[39m
[32m  "totalCash": "10026.08",[39m
[32m  "positions": "{\"TRUMPUSDT\":1,\"BTCUSDT\":0}",[39m
[32m  "equity": "10036.16"[39m
[32m}[39m
[32m2025-07-20T19:17:01.599Z [INFO] Backtest Buy executed for TRUMPUSDT: 1.0000 at 10.05. Cash: 4990.01, Position: 1.0000[39m
[32m2025-07-20T19:17:01.599Z [INFO] Equity updated {[39m
[32m  "totalCash": "10036.17",[39m
[32m  "positions": "{\"TRUMPUSDT\":0,\"BTCUSDT\":0}",[39m
[32m  "equity": "10036.17"[39m
[32m}[39m
[32m2025-07-20T19:17:01.599Z [INFO] Backtest Sell executed for TRUMPUSDT: 1.0000 at 10.11. Cash: 5000.11, Position: 0.0000, Profit: 0.05[39m
[32m2025-07-20T19:17:01.600Z [INFO] Equity updated {[39m
[32m  "totalCash": "5009.20",[39m
[32m  "positions": "{\"TRUMPUSDT\":0,\"BTCUSDT\":0.100691}",[39m
[32m  "equity": "10045.26"[39m
[32m}[39m
[32m2025-07-20T19:17:01.600Z [INFO] Backtest Buy executed for BTCUSDT: 0.1007 at 49864.96. Cash: 9.09, Position: 0.1007[39m
[32m2025-07-20T19:17:01.601Z [INFO] Equity updated {[39m
[32m  "totalCash": "10054.30",[39m
[32m  "positions": "{\"TRUMPUSDT\":0,\"BTCUSDT\":0}",[39m
[32m  "equity": "10054.30"[39m
[32m}[39m
[32m2025-07-20T19:17:01.601Z [INFO] Backtest Sell executed for BTCUSDT: 0.1007 at 50165.04. Cash: 5054.19, Position: 0.0000, Profit: 24.15[39m
[32m2025-07-20T19:17:01.602Z [INFO] Equity updated {[39m
[32m  "totalCash": "10044.20",[39m
[32m  "positions": "{\"TRUMPUSDT\":1,\"BTCUSDT\":0}",[39m
[32m  "equity": "10054.32"[39m
[32m}[39m
[32m2025-07-20T19:17:01.602Z [INFO] Backtest Buy executed for TRUMPUSDT: 1.0000 at 10.09. Cash: 4990.01, Position: 1.0000[39m
[32m2025-07-20T19:17:01.603Z [INFO] Equity updated {[39m
[32m  "totalCash": "10054.34",[39m
[32m  "positions": "{\"TRUMPUSDT\":0,\"BTCUSDT\":0}",[39m
[32m  "equity": "10054.34"[39m
[32m}[39m
[32m2025-07-20T19:17:01.603Z [INFO] Backtest Sell executed for TRUMPUSDT: 1.0000 at 10.15. Cash: 5000.15, Position: 0.0000, Profit: 0.05[39m
[32m2025-07-20T19:17:01.604Z [INFO] Equity updated {[39m
[32m  "totalCash": "5009.28",[39m
[32m  "positions": "{\"TRUMPUSDT\":0,\"BTCUSDT\":0.101033}",[39m
[32m  "equity": "10063.46"[39m
[32m}[39m
[32m2025-07-20T19:17:01.605Z [INFO] Backtest Buy executed for BTCUSDT: 0.1010 at 49874.93. Cash: 9.13, Position: 0.1010[39m
[32m2025-07-20T19:17:01.605Z [INFO] Equity updated {[39m
[32m  "totalCash": "10072.53",[39m
[32m  "positions": "{\"TRUMPUSDT\":0,\"BTCUSDT\":0}",[39m
[32m  "equity": "10072.53"[39m
[32m}[39m
[32m2025-07-20T19:17:01.606Z [INFO] Backtest Sell executed for BTCUSDT: 0.1010 at 50175.07. Cash: 5072.39, Position: 0.0000, Profit: 24.24[39m
[32m2025-07-20T19:17:01.607Z [INFO] Equity updated {[39m
[32m  "totalCash": "10062.40",[39m
[32m  "positions": "{\"TRUMPUSDT\":1,\"BTCUSDT\":0}",[39m
[32m  "equity": "10072.55"[39m
[32m}[39m
[32m2025-07-20T19:17:01.607Z [INFO] Backtest Buy executed for TRUMPUSDT: 1.0000 at 10.12. Cash: 4990.01, Position: 1.0000[39m
[32m2025-07-20T19:17:01.608Z [INFO] Equity updated {[39m
[32m  "totalCash": "10072.57",[39m
[32m  "positions": "{\"TRUMPUSDT\":0,\"BTCUSDT\":0}",[39m
[32m  "equity": "10072.57"[39m
[32m}[39m
[32m2025-07-20T19:17:01.608Z [INFO] Backtest Sell executed for TRUMPUSDT: 1.0000 at 10.18. Cash: 5000.18, Position: 0.0000, Profit: 0.05[39m
[32m2025-07-20T19:17:01.610Z [INFO] Equity updated {[39m
[32m  "totalCash": "5009.33",[39m
[32m  "positions": "{\"TRUMPUSDT\":0,\"BTCUSDT\":0.101387}",[39m
[32m  "equity": "10081.72"[39m
[32m}[39m
[32m2025-07-20T19:17:01.610Z [INFO] Backtest Buy executed for BTCUSDT: 0.1014 at 49879.91. Cash: 9.15, Position: 0.1014[39m
[32m2025-07-20T19:17:01.610Z [INFO] Equity updated {[39m
[32m  "totalCash": "10090.83",[39m
[32m  "positions": "{\"TRUMPUSDT\":0,\"BTCUSDT\":0}",[39m
[32m  "equity": "10090.83"[39m
[32m}[39m
[32m2025-07-20T19:17:01.611Z [INFO] Backtest Sell executed for BTCUSDT: 0.1014 at 50180.09. Cash: 5090.65, Position: 0.0000, Profit: 24.33[39m
[32m2025-07-20T19:17:01.615Z [INFO] Backtest completed with multi-symbol support {[39m
[32m  "metrics": {[39m
[32m    "TRUMPUSDT": {[39m
[32m      "totalProfit": 0.48,[39m
[32m      "tradeCount": 12,[39m
[32m      "winRate": 83.33,[39m
[32m      "profitFactor": null,[39m
[32m      "averageTradeProfit": 0.0404,[39m
[32m      "sharpeRatio": 2.236,[39m
[32m      "sortinoRatio": 0,[39m
[32m      "maxDrawdown": 0.9,[39m
[32m      "calmarRatio": 0,[39m
[32m      "totalVolumeTraded": 101[39m
[32m    },[39m
[32m    "BTCUSDT": {[39m
[32m      "totalProfit": 241.55,[39m
[32m      "tradeCount": 12,[39m
[32m      "winRate": 83.33,[39m
[32m      "profitFactor": null,[39m
[32m      "averageTradeProfit": 20.1294,[39m
[32m      "sharpeRatio": 2.2359,[39m
[32m      "sortinoRatio": 0,[39m
[32m      "maxDrawdown": 0.9,[39m
[32m      "calmarRatio": 0,[39m
[32m      "totalVolumeTraded": 50361.27[39m
[32m    },[39m
[32m    "aggregate": {[39m
[32m      "sharpeRatio": 2.23595,[39m
[32m      "sortinoRatio": 0,[39m
[32m      "maxDrawdown": 0.9,[39m
[32m      "winRate": 83.33,[39m
[32m      "profitFactor": null,[39m
[32m      "calmarRatio": 0,[39m
[32m      "totalProfit": 242.03,[39m
[32m      "finalEquity": 10090.832082399997,[39m
[32m      "totalTradeCount": 24,[39m
[32m      "averageTradeProfit": 10.084583333333333,[39m
[32m      "totalVolumeTraded": 50462.27[39m
[32m    }[39m
[32m  }[39m
[32m}[39m
[33m2025-07-20T19:17:58.472Z [WARN] No profitable trades found to calculate metrics.[39m
[32m2025-07-20T19:17:58.489Z [INFO] Loaded historical data for TRUMPUSDT from data/historical_prices_trumpusdt.json[39m
[32m2025-07-20T19:17:58.486Z [INFO] Backtest completed with advanced metrics {[39m
[32m  "sharpeRatio": 0,[39m
[32m  "sortinoRatio": 0,[39m
[32m  "maxDrawdown": 0,[39m
[32m  "winRate": 0,[39m
[32m  "profitFactor": 0,[39m
[32m  "calmarRatio": 0,[39m
[32m  "totalProfit": 0,[39m
[32m  "finalEquity": 10000,[39m
[32m  "tradeCount": 0[39m
[32m}[39m
[32m2025-07-20T19:17:58.503Z [INFO] Loaded historical data for BTCUSDT from data/historical_prices_btcusdt.json[39m
[32m2025-07-20T19:17:58.506Z [INFO] Starting backtest with 12 events across 2 symbols.[39m
[33m2025-07-20T19:17:58.509Z [WARN] Zero stop-loss distance for TRUMPUSDT. Cannot calculate order size. {[39m
[33m  "symbol": "TRUMPUSDT",[39m
[33m  "currentPrice": 10,[39m
[33m  "volatility": 0[39m
[33m}[39m
[32m2025-07-20T19:17:58.512Z [INFO] Equity updated {[39m
[32m  "totalCash": "10000.00",[39m
[32m  "positions": "{\"TRUMPUSDT\":0,\"BTCUSDT\":0}",[39m
[32m  "equity": "10000.00"[39m
[32m}[39m
[32m2025-07-20T19:17:58.514Z [INFO] Backtest Buy executed for TRUMPUSDT: 0.0000 at 9.97. Cash: 5000.00, Position: 0.0000[39m
[32m2025-07-20T19:17:58.515Z [INFO] Equity updated {[39m
[32m  "totalCash": "10000.00",[39m
[32m  "positions": "{\"TRUMPUSDT\":0,\"BTCUSDT\":0}",[39m
[32m  "equity": "10000.00"[39m
[32m}[39m
[32m2025-07-20T19:17:58.515Z [INFO] Backtest Sell executed for TRUMPUSDT: 0.0000 at 10.03. Cash: 5000.00, Position: 0.0000, Profit: 0.00[39m
[33m2025-07-20T19:17:58.516Z [WARN] Zero stop-loss distance for BTCUSDT. Cannot calculate order size. {[39m
[33m  "symbol": "BTCUSDT",[39m
[33m  "currentPrice": 50000,[39m
[33m  "volatility": 0[39m
[33m}[39m
[32m2025-07-20T19:17:58.517Z [INFO] Equity updated {[39m
[32m  "totalCash": "10000.00",[39m
[32m  "positions": "{\"TRUMPUSDT\":0,\"BTCUSDT\":0}",[39m
[32m  "equity": "10000.00"[39m
[32m}[39m
[32m2025-07-20T19:17:58.518Z [INFO] Backtest Buy executed for BTCUSDT: 0.0000 at 49850.00. Cash: 5000.00, Position: 0.0000[39m
[32m2025-07-20T19:17:58.521Z [INFO] Equity updated {[39m
[32m  "totalCash": "10000.00",[39m
[32m  "positions": "{\"TRUMPUSDT\":0,\"BTCUSDT\":0}",[39m
[32m  "equity": "10000.00"[39m
[32m}[39m
[32m2025-07-20T19:17:58.527Z [INFO] Backtest Sell executed for BTCUSDT: 0.0000 at 50150.00. Cash: 5000.00, Position: 0.0000, Profit: 0.00[39m
[32m2025-07-20T19:17:58.534Z [INFO] Equity updated {[39m
[32m  "totalCash": "9989.97",[39m
[32m  "positions": "{\"TRUMPUSDT\":1,\"BTCUSDT\":0}",[39m
[32m  "equity": "10000.02"[39m
[32m}[39m
[32m2025-07-20T19:17:58.535Z [INFO] Backtest Buy executed for TRUMPUSDT: 1.0000 at 10.02. Cash: 4989.97, Position: 1.0000[39m
[32m2025-07-20T19:17:58.535Z [INFO] Equity updated {[39m
[32m  "totalCash": "10000.04",[39m
[32m  "positions": "{\"TRUMPUSDT\":0,\"BTCUSDT\":0}",[39m
[32m  "equity": "10000.04"[39m
[32m}[39m
[32m2025-07-20T19:17:58.535Z [INFO] Backtest Sell executed for TRUMPUSDT: 1.0000 at 10.08. Cash: 5000.04, Position: 0.0000, Profit: 0.05[39m
[32m2025-07-20T19:17:58.537Z [INFO] Equity updated {[39m
[32m  "totalCash": "5009.05",[39m
[32m  "positions": "{\"TRUMPUSDT\":0,\"BTCUSDT\":0.09998}",[39m
[32m  "equity": "10009.05"[39m
[32m}[39m
[32m2025-07-20T19:17:58.537Z [INFO] Backtest Buy executed for BTCUSDT: 0.1000 at 49859.97. Cash: 9.02, Position: 0.1000[39m
[32m2025-07-20T19:17:58.538Z [INFO] Equity updated {[39m
[32m  "totalCash": "10018.04",[39m
[32m  "positions": "{\"TRUMPUSDT\":0,\"BTCUSDT\":0}",[39m
[32m  "equity": "10018.04"[39m
[32m}[39m
[32m2025-07-20T19:17:58.538Z [INFO] Backtest Sell executed for BTCUSDT: 0.1000 at 50160.03. Cash: 5018.00, Position: 0.0000, Profit: 23.98[39m
[32m2025-07-20T19:17:58.540Z [INFO] Equity updated {[39m
[32m  "totalCash": "10007.95",[39m
[32m  "positions": "{\"TRUMPUSDT\":1,\"BTCUSDT\":0}",[39m
[32m  "equity": "10018.05"[39m
[32m}[39m
[32m2025-07-20T19:17:58.540Z [INFO] Backtest Buy executed for TRUMPUSDT: 1.0000 at 10.07. Cash: 4989.95, Position: 1.0000[39m
[32m2025-07-20T19:17:58.541Z [INFO] Equity updated {[39m
[32m  "totalCash": "10018.07",[39m
[32m  "positions": "{\"TRUMPUSDT\":0,\"BTCUSDT\":0}",[39m
[32m  "equity": "10018.07"[39m
[32m}[39m
[32m2025-07-20T19:17:58.541Z [INFO] Backtest Sell executed for TRUMPUSDT: 1.0000 at 10.13. Cash: 5000.07, Position: 0.0000, Profit: 0.05[39m
[32m2025-07-20T19:17:58.542Z [INFO] Equity updated {[39m
[32m  "totalCash": "5009.12",[39m
[32m  "positions": "{\"TRUMPUSDT\":0,\"BTCUSDT\":0.10032}",[39m
[32m  "equity": "10027.12"[39m
[32m}[39m
[32m2025-07-20T19:17:58.544Z [INFO] Backtest Buy executed for BTCUSDT: 0.1003 at 49869.94. Cash: 9.04, Position: 0.1003[39m
[32m2025-07-20T19:17:58.545Z [INFO] Equity updated {[39m
[32m  "totalCash": "10036.14",[39m
[32m  "positions": "{\"TRUMPUSDT\":0,\"BTCUSDT\":0}",[39m
[32m  "equity": "10036.14"[39m
[32m}[39m
[32m2025-07-20T19:17:58.545Z [INFO] Backtest Sell executed for BTCUSDT: 0.1003 at 50170.06. Cash: 5036.06, Position: 0.0000, Profit: 24.07[39m
[32m2025-07-20T19:17:58.546Z [INFO] Equity updated {[39m
[32m  "totalCash": "10026.08",[39m
[32m  "positions": "{\"TRUMPUSDT\":1,\"BTCUSDT\":0}",[39m
[32m  "equity": "10036.16"[39m
[32m}[39m
[32m2025-07-20T19:17:58.546Z [INFO] Backtest Buy executed for TRUMPUSDT: 1.0000 at 10.05. Cash: 4990.01, Position: 1.0000[39m
[32m2025-07-20T19:17:58.547Z [INFO] Equity updated {[39m
[32m  "totalCash": "10036.17",[39m
[32m  "positions": "{\"TRUMPUSDT\":0,\"BTCUSDT\":0}",[39m
[32m  "equity": "10036.17"[39m
[32m}[39m
[32m2025-07-20T19:17:58.547Z [INFO] Backtest Sell executed for TRUMPUSDT: 1.0000 at 10.11. Cash: 5000.11, Position: 0.0000, Profit: 0.05[39m
[32m2025-07-20T19:17:58.548Z [INFO] Equity updated {[39m
[32m  "totalCash": "5009.20",[39m
[32m  "positions": "{\"TRUMPUSDT\":0,\"BTCUSDT\":0.100691}",[39m
[32m  "equity": "10045.26"[39m
[32m}[39m
[32m2025-07-20T19:17:58.548Z [INFO] Backtest Buy executed for BTCUSDT: 0.1007 at 49864.96. Cash: 9.09, Position: 0.1007[39m
[32m2025-07-20T19:17:58.548Z [INFO] Equity updated {[39m
[32m  "totalCash": "10054.30",[39m
[32m  "positions": "{\"TRUMPUSDT\":0,\"BTCUSDT\":0}",[39m
[32m  "equity": "10054.30"[39m
[32m}[39m
[32m2025-07-20T19:17:58.549Z [INFO] Backtest Sell executed for BTCUSDT: 0.1007 at 50165.04. Cash: 5054.19, Position: 0.0000, Profit: 24.15[39m
[32m2025-07-20T19:17:58.550Z [INFO] Equity updated {[39m
[32m  "totalCash": "10044.20",[39m
[32m  "positions": "{\"TRUMPUSDT\":1,\"BTCUSDT\":0}",[39m
[32m  "equity": "10054.32"[39m
[32m}[39m
[32m2025-07-20T19:17:58.550Z [INFO] Backtest Buy executed for TRUMPUSDT: 1.0000 at 10.09. Cash: 4990.01, Position: 1.0000[39m
[32m2025-07-20T19:17:58.551Z [INFO] Equity updated {[39m
[32m  "totalCash": "10054.34",[39m
[32m  "positions": "{\"TRUMPUSDT\":0,\"BTCUSDT\":0}",[39m
[32m  "equity": "10054.34"[39m
[32m}[39m
[32m2025-07-20T19:17:58.551Z [INFO] Backtest Sell executed for TRUMPUSDT: 1.0000 at 10.15. Cash: 5000.15, Position: 0.0000, Profit: 0.05[39m
[32m2025-07-20T19:17:58.552Z [INFO] Equity updated {[39m
[32m  "totalCash": "5009.28",[39m
[32m  "positions": "{\"TRUMPUSDT\":0,\"BTCUSDT\":0.101033}",[39m
[32m  "equity": "10063.46"[39m
[32m}[39m
[32m2025-07-20T19:17:58.552Z [INFO] Backtest Buy executed for BTCUSDT: 0.1010 at 49874.93. Cash: 9.13, Position: 0.1010[39m
[32m2025-07-20T19:17:58.552Z [INFO] Equity updated {[39m
[32m  "totalCash": "10072.53",[39m
[32m  "positions": "{\"TRUMPUSDT\":0,\"BTCUSDT\":0}",[39m
[32m  "equity": "10072.53"[39m
[32m}[39m
[32m2025-07-20T19:17:58.553Z [INFO] Backtest Sell executed for BTCUSDT: 0.1010 at 50175.07. Cash: 5072.39, Position: 0.0000, Profit: 24.24[39m
[32m2025-07-20T19:17:58.553Z [INFO] Equity updated {[39m
[32m  "totalCash": "10062.40",[39m
[32m  "positions": "{\"TRUMPUSDT\":1,\"BTCUSDT\":0}",[39m
[32m  "equity": "10072.55"[39m
[32m}[39m
[32m2025-07-20T19:17:58.554Z [INFO] Backtest Buy executed for TRUMPUSDT: 1.0000 at 10.12. Cash: 4990.01, Position: 1.0000[39m
[32m2025-07-20T19:17:58.554Z [INFO] Equity updated {[39m
[32m  "totalCash": "10072.57",[39m
[32m  "positions": "{\"TRUMPUSDT\":0,\"BTCUSDT\":0}",[39m
[32m  "equity": "10072.57"[39m
[32m}[39m
[32m2025-07-20T19:17:58.554Z [INFO] Backtest Sell executed for TRUMPUSDT: 1.0000 at 10.18. Cash: 5000.18, Position: 0.0000, Profit: 0.05[39m
[32m2025-07-20T19:17:58.555Z [INFO] Equity updated {[39m
[32m  "totalCash": "5009.33",[39m
[32m  "positions": "{\"TRUMPUSDT\":0,\"BTCUSDT\":0.101387}",[39m
[32m  "equity": "10081.72"[39m
[32m}[39m
[32m2025-07-20T19:17:58.556Z [INFO] Backtest Buy executed for BTCUSDT: 0.1014 at 49879.91. Cash: 9.15, Position: 0.1014[39m
[32m2025-07-20T19:17:58.556Z [INFO] Equity updated {[39m
[32m  "totalCash": "10090.83",[39m
[32m  "positions": "{\"TRUMPUSDT\":0,\"BTCUSDT\":0}",[39m
[32m  "equity": "10090.83"[39m
[32m}[39m
[32m2025-07-20T19:17:58.557Z [INFO] Backtest Sell executed for BTCUSDT: 0.1014 at 50180.09. Cash: 5090.65, Position: 0.0000, Profit: 24.33[39m
[32m2025-07-20T19:17:58.562Z [INFO] Backtest completed with multi-symbol support {[39m
[32m  "metrics": {[39m
[32m    "TRUMPUSDT": {[39m
[32m      "totalProfit": 0.48,[39m
[32m      "tradeCount": 12,[39m
[32m      "winRate": 83.33,[39m
[32m      "profitFactor": null,[39m
[32m      "averageTradeProfit": 0.0404,[39m
[32m      "sharpeRatio": 2.236,[39m
[32m      "sortinoRatio": 0,[39m
[32m      "maxDrawdown": 0.9,[39m
[32m      "calmarRatio": 0,[39m
[32m      "totalVolumeTraded": 101[39m
[32m    },[39m
[32m    "BTCUSDT": {[39m
[32m      "totalProfit": 241.55,[39m
[32m      "tradeCount": 12,[39m
[32m      "winRate": 83.33,[39m
[32m      "profitFactor": null,[39m
[32m      "averageTradeProfit": 20.1294,[39m
[32m      "sharpeRatio": 2.2359,[39m
[32m      "sortinoRatio": 0,[39m
[32m      "maxDrawdown": 0.9,[39m
[32m      "calmarRatio": 0,[39m
[32m      "totalVolumeTraded": 50361.27[39m
[32m    },[39m
[32m    "aggregate": {[39m
[32m      "sharpeRatio": 2.23595,[39m
[32m      "sortinoRatio": 0,[39m
[32m      "maxDrawdown": 0.9,[39m
[32m      "winRate": 83.33,[39m
[32m      "profitFactor": null,[39m
[32m      "calmarRatio": 0,[39m
[32m      "totalProfit": 242.03,[39m
[32m      "finalEquity": 10090.832082399997,[39m
[32m      "totalTradeCount": 24,[39m
[32m      "averageTradeProfit": 10.084583333333333,[39m
[32m      "totalVolumeTraded": 50462.27[39m
[32m    }[39m
[32m  }[39m
[32m}[39m
[32m2025-07-20T19:18:49.227Z [INFO] Loaded historical data for TRUMPUSDT from data/historical_prices_trumpusdt.json[39m
[32m2025-07-20T19:18:49.241Z [INFO] Loaded historical data for BTCUSDT from data/historical_prices_btcusdt.json[39m
[32m2025-07-20T19:18:49.246Z [INFO] Starting backtest with 12 events across 2 symbols.[39m
[33m2025-07-20T19:18:49.250Z [WARN] Zero stop-loss distance for TRUMPUSDT. Cannot calculate order size. {[39m
[33m  "symbol": "TRUMPUSDT",[39m
[33m  "currentPrice": 10,[39m
[33m  "volatility": 0[39m
[33m}[39m
[32m2025-07-20T19:18:49.257Z [INFO] Equity updated {[39m
[32m  "totalCash": "10000.00",[39m
[32m  "positions": "{\"TRUMPUSDT\":0,\"BTCUSDT\":0}",[39m
[32m  "equity": "10000.00"[39m
[32m}[39m
[32m2025-07-20T19:18:49.259Z [INFO] Backtest Buy executed for TRUMPUSDT: 0.0000 at 9.97. Cash: 5000.00, Position: 0.0000[39m
[32m2025-07-20T19:18:49.260Z [INFO] Equity updated {[39m
[32m  "totalCash": "10000.00",[39m
[32m  "positions": "{\"TRUMPUSDT\":0,\"BTCUSDT\":0}",[39m
[32m  "equity": "10000.00"[39m
[32m}[39m
[32m2025-07-20T19:18:49.262Z [INFO] Backtest Sell executed for TRUMPUSDT: 0.0000 at 10.03. Cash: 5000.00, Position: 0.0000, Profit: 0.00[39m
[33m2025-07-20T19:18:49.263Z [WARN] Zero stop-loss distance for BTCUSDT. Cannot calculate order size. {[39m
[33m  "symbol": "BTCUSDT",[39m
[33m  "currentPrice": 50000,[39m
[33m  "volatility": 0[39m
[33m}[39m
[32m2025-07-20T19:18:49.269Z [INFO] Equity updated {[39m
[32m  "totalCash": "10000.00",[39m
[32m  "positions": "{\"TRUMPUSDT\":0,\"BTCUSDT\":0}",[39m
[32m  "equity": "10000.00"[39m
[32m}[39m
[32m2025-07-20T19:18:49.271Z [INFO] Backtest Buy executed for BTCUSDT: 0.0000 at 49850.00. Cash: 5000.00, Position: 0.0000[39m
[32m2025-07-20T19:18:49.276Z [INFO] Equity updated {[39m
[32m  "totalCash": "10000.00",[39m
[32m  "positions": "{\"TRUMPUSDT\":0,\"BTCUSDT\":0}",[39m
[32m  "equity": "10000.00"[39m
[32m}[39m
[32m2025-07-20T19:18:49.277Z [INFO] Backtest Sell executed for BTCUSDT: 0.0000 at 50150.00. Cash: 5000.00, Position: 0.0000, Profit: 0.00[39m
[32m2025-07-20T19:18:49.284Z [INFO] Equity updated {[39m
[32m  "totalCash": "9989.97",[39m
[32m  "positions": "{\"TRUMPUSDT\":1,\"BTCUSDT\":0}",[39m
[32m  "equity": "10000.02"[39m
[32m}[39m
[32m2025-07-20T19:18:49.285Z [INFO] Backtest Buy executed for TRUMPUSDT: 1.0000 at 10.02. Cash: 4989.97, Position: 1.0000[39m
[32m2025-07-20T19:18:49.286Z [INFO] Equity updated {[39m
[32m  "totalCash": "10000.04",[39m
[32m  "positions": "{\"TRUMPUSDT\":0,\"BTCUSDT\":0}",[39m
[32m  "equity": "10000.04"[39m
[32m}[39m
[32m2025-07-20T19:18:49.296Z [INFO] Backtest Sell executed for TRUMPUSDT: 1.0000 at 10.08. Cash: 5000.04, Position: 0.0000, Profit: 0.05[39m
[32m2025-07-20T19:18:49.302Z [INFO] Equity updated {[39m
[32m  "totalCash": "5009.05",[39m
[32m  "positions": "{\"TRUMPUSDT\":0,\"BTCUSDT\":0.09998}",[39m
[32m  "equity": "10009.05"[39m
[32m}[39m
[32m2025-07-20T19:18:49.305Z [INFO] Backtest Buy executed for BTCUSDT: 0.1000 at 49859.97. Cash: 9.02, Position: 0.1000[39m
[32m2025-07-20T19:18:49.307Z [INFO] Equity updated {[39m
[32m  "totalCash": "10018.04",[39m
[32m  "positions": "{\"TRUMPUSDT\":0,\"BTCUSDT\":0}",[39m
[32m  "equity": "10018.04"[39m
[32m}[39m
[32m2025-07-20T19:18:49.307Z [INFO] Backtest Sell executed for BTCUSDT: 0.1000 at 50160.03. Cash: 5018.00, Position: 0.0000, Profit: 23.98[39m
[32m2025-07-20T19:18:49.309Z [INFO] Equity updated {[39m
[32m  "totalCash": "10007.95",[39m
[32m  "positions": "{\"TRUMPUSDT\":1,\"BTCUSDT\":0}",[39m
[32m  "equity": "10018.05"[39m
[32m}[39m
[32m2025-07-20T19:18:49.309Z [INFO] Backtest Buy executed for TRUMPUSDT: 1.0000 at 10.07. Cash: 4989.95, Position: 1.0000[39m
[32m2025-07-20T19:18:49.310Z [INFO] Equity updated {[39m
[32m  "totalCash": "10018.07",[39m
[32m  "positions": "{\"TRUMPUSDT\":0,\"BTCUSDT\":0}",[39m
[32m  "equity": "10018.07"[39m
[32m}[39m
[32m2025-07-20T19:18:49.311Z [INFO] Backtest Sell executed for TRUMPUSDT: 1.0000 at 10.13. Cash: 5000.07, Position: 0.0000, Profit: 0.05[39m
[32m2025-07-20T19:18:49.314Z [INFO] Equity updated {[39m
[32m  "totalCash": "5009.12",[39m
[32m  "positions": "{\"TRUMPUSDT\":0,\"BTCUSDT\":0.10032}",[39m
[32m  "equity": "10027.12"[39m
[32m}[39m
[32m2025-07-20T19:18:49.314Z [INFO] Backtest Buy executed for BTCUSDT: 0.1003 at 49869.94. Cash: 9.04, Position: 0.1003[39m
[32m2025-07-20T19:18:49.315Z [INFO] Equity updated {[39m
[32m  "totalCash": "10036.14",[39m
[32m  "positions": "{\"TRUMPUSDT\":0,\"BTCUSDT\":0}",[39m
[32m  "equity": "10036.14"[39m
[32m}[39m
[32m2025-07-20T19:18:49.315Z [INFO] Backtest Sell executed for BTCUSDT: 0.1003 at 50170.06. Cash: 5036.06, Position: 0.0000, Profit: 24.07[39m
[32m2025-07-20T19:18:49.316Z [INFO] Equity updated {[39m
[32m  "totalCash": "10026.08",[39m
[32m  "positions": "{\"TRUMPUSDT\":1,\"BTCUSDT\":0}",[39m
[32m  "equity": "10036.16"[39m
[32m}[39m
[32m2025-07-20T19:18:49.316Z [INFO] Backtest Buy executed for TRUMPUSDT: 1.0000 at 10.05. Cash: 4990.01, Position: 1.0000[39m
[32m2025-07-20T19:18:49.316Z [INFO] Equity updated {[39m
[32m  "totalCash": "10036.17",[39m
[32m  "positions": "{\"TRUMPUSDT\":0,\"BTCUSDT\":0}",[39m
[32m  "equity": "10036.17"[39m
[32m}[39m
[32m2025-07-20T19:18:49.317Z [INFO] Backtest Sell executed for TRUMPUSDT: 1.0000 at 10.11. Cash: 5000.11, Position: 0.0000, Profit: 0.05[39m
[32m2025-07-20T19:18:49.318Z [INFO] Equity updated {[39m
[32m  "totalCash": "5009.20",[39m
[32m  "positions": "{\"TRUMPUSDT\":0,\"BTCUSDT\":0.100691}",[39m
[32m  "equity": "10045.26"[39m
[32m}[39m
[32m2025-07-20T19:18:49.318Z [INFO] Backtest Buy executed for BTCUSDT: 0.1007 at 49864.96. Cash: 9.09, Position: 0.1007[39m
[32m2025-07-20T19:18:49.319Z [INFO] Equity updated {[39m
[32m  "totalCash": "10054.30",[39m
[32m  "positions": "{\"TRUMPUSDT\":0,\"BTCUSDT\":0}",[39m
[32m  "equity": "10054.30"[39m
[32m}[39m
[32m2025-07-20T19:18:49.319Z [INFO] Backtest Sell executed for BTCUSDT: 0.1007 at 50165.04. Cash: 5054.19, Position: 0.0000, Profit: 24.15[39m
[32m2025-07-20T19:18:49.320Z [INFO] Equity updated {[39m
[32m  "totalCash": "10044.20",[39m
[32m  "positions": "{\"TRUMPUSDT\":1,\"BTCUSDT\":0}",[39m
[32m  "equity": "10054.32"[39m
[32m}[39m
[32m2025-07-20T19:18:49.320Z [INFO] Backtest Buy executed for TRUMPUSDT: 1.0000 at 10.09. Cash: 4990.01, Position: 1.0000[39m
[32m2025-07-20T19:18:49.321Z [INFO] Equity updated {[39m
[32m  "totalCash": "10054.34",[39m
[32m  "positions": "{\"TRUMPUSDT\":0,\"BTCUSDT\":0}",[39m
[32m  "equity": "10054.34"[39m
[32m}[39m
[32m2025-07-20T19:18:49.321Z [INFO] Backtest Sell executed for TRUMPUSDT: 1.0000 at 10.15. Cash: 5000.15, Position: 0.0000, Profit: 0.05[39m
[32m2025-07-20T19:18:49.326Z [INFO] Equity updated {[39m
[32m  "totalCash": "5009.28",[39m
[32m  "positions": "{\"TRUMPUSDT\":0,\"BTCUSDT\":0.101033}",[39m
[32m  "equity": "10063.46"[39m
[32m}[39m
[32m2025-07-20T19:18:49.326Z [INFO] Backtest Buy executed for BTCUSDT: 0.1010 at 49874.93. Cash: 9.13, Position: 0.1010[39m
[32m2025-07-20T19:18:49.327Z [INFO] Equity updated {[39m
[32m  "totalCash": "10072.53",[39m
[32m  "positions": "{\"TRUMPUSDT\":0,\"BTCUSDT\":0}",[39m
[32m  "equity": "10072.53"[39m
[32m}[39m
[32m2025-07-20T19:18:49.327Z [INFO] Backtest Sell executed for BTCUSDT: 0.1010 at 50175.07. Cash: 5072.39, Position: 0.0000, Profit: 24.24[39m
[32m2025-07-20T19:18:49.328Z [INFO] Equity updated {[39m
[32m  "totalCash": "10062.40",[39m
[32m  "positions": "{\"TRUMPUSDT\":1,\"BTCUSDT\":0}",[39m
[32m  "equity": "10072.55"[39m
[32m}[39m
[32m2025-07-20T19:18:49.329Z [INFO] Backtest Buy executed for TRUMPUSDT: 1.0000 at 10.12. Cash: 4990.01, Position: 1.0000[39m
[32m2025-07-20T19:18:49.329Z [INFO] Equity updated {[39m
[32m  "totalCash": "10072.57",[39m
[32m  "positions": "{\"TRUMPUSDT\":0,\"BTCUSDT\":0}",[39m
[32m  "equity": "10072.57"[39m
[32m}[39m
[32m2025-07-20T19:18:49.331Z [INFO] Backtest Sell executed for TRUMPUSDT: 1.0000 at 10.18. Cash: 5000.18, Position: 0.0000, Profit: 0.05[39m
[32m2025-07-20T19:18:49.333Z [INFO] Equity updated {[39m
[32m  "totalCash": "5009.33",[39m
[32m  "positions": "{\"TRUMPUSDT\":0,\"BTCUSDT\":0.101387}",[39m
[32m  "equity": "10081.72"[39m
[32m}[39m
[32m2025-07-20T19:18:49.333Z [INFO] Backtest Buy executed for BTCUSDT: 0.1014 at 49879.91. Cash: 9.15, Position: 0.1014[39m
[32m2025-07-20T19:18:49.334Z [INFO] Equity updated {[39m
[32m  "totalCash": "10090.83",[39m
[32m  "positions": "{\"TRUMPUSDT\":0,\"BTCUSDT\":0}",[39m
[32m  "equity": "10090.83"[39m
[32m}[39m
[32m2025-07-20T19:18:49.334Z [INFO] Backtest Sell executed for BTCUSDT: 0.1014 at 50180.09. Cash: 5090.65, Position: 0.0000, Profit: 24.33[39m
[32m2025-07-20T19:18:49.339Z [INFO] Backtest completed with multi-symbol support {[39m
[32m  "metrics": {[39m
[32m    "TRUMPUSDT": {[39m
[32m      "totalProfit": 0.48,[39m
[32m      "tradeCount": 12,[39m
[32m      "winRate": 83.33,[39m
[32m      "profitFactor": null,[39m
[32m      "averageTradeProfit": 0.0404,[39m
[32m      "sharpeRatio": 2.236,[39m
[32m      "sortinoRatio": 0,[39m
[32m      "maxDrawdown": 0.9,[39m
[32m      "calmarRatio": 0,[39m
[32m      "totalVolumeTraded": 101[39m
[32m    },[39m
[32m    "BTCUSDT": {[39m
[32m      "totalProfit": 241.55,[39m
[32m      "tradeCount": 12,[39m
[32m      "winRate": 83.33,[39m
[32m      "profitFactor": null,[39m
[32m      "averageTradeProfit": 20.1294,[39m
[32m      "sharpeRatio": 2.2359,[39m
[32m      "sortinoRatio": 0,[39m
[32m      "maxDrawdown": 0.9,[39m
[32m      "calmarRatio": 0,[39m
[32m      "totalVolumeTraded": 50361.27[39m
[32m    },[39m
[32m    "aggregate": {[39m
[32m      "sharpeRatio": 2.23595,[39m
[32m      "sortinoRatio": 0,[39m
[32m      "maxDrawdown": 0.9,[39m
[32m      "winRate": 83.33,[39m
[32m      "profitFactor": null,[39m
[32m      "calmarRatio": 0,[39m
[32m      "totalProfit": 242.03,[39m
[32m      "finalEquity": 10090.832082399997,[39m
[32m      "totalTradeCount": 24,[39m
[32m      "averageTradeProfit": 10.084583333333333,[39m
[32m      "totalVolumeTraded": 50462.27[39m
[32m    }[39m
[32m  }[39m
[32m}[39m
[32m2025-07-20T19:19:46.991Z [INFO] Loaded historical data for TRUMPUSDT from data/historical_prices_trumpusdt.json[39m
[32m2025-07-20T19:19:47.003Z [INFO] Loaded historical data for BTCUSDT from data/historical_prices_btcusdt.json[39m
[32m2025-07-20T19:19:47.006Z [INFO] Starting backtest with 12 events across 2 symbols.[39m
[33m2025-07-20T19:19:47.017Z [WARN] Zero stop-loss distance for TRUMPUSDT. Cannot calculate order size. {[39m
[33m  "symbol": "TRUMPUSDT",[39m
[33m  "currentPrice": 10,[39m
[33m  "volatility": 0[39m
[33m}[39m
[32m2025-07-20T19:19:47.022Z [INFO] Equity updated {[39m
[32m  "totalCash": "10000.00",[39m
[32m  "positions": "{\"TRUMPUSDT\":0,\"BTCUSDT\":0}",[39m
[32m  "equity": "10000.00"[39m
[32m}[39m
[32m2025-07-20T19:19:47.023Z [INFO] Backtest Buy executed for TRUMPUSDT: 0.0000 at 9.97. Cash: 5000.00, Position: 0.0000[39m
[32m2025-07-20T19:19:47.025Z [INFO] Equity updated {[39m
[32m  "totalCash": "10000.00",[39m
[32m  "positions": "{\"TRUMPUSDT\":0,\"BTCUSDT\":0}",[39m
[32m  "equity": "10000.00"[39m
[32m}[39m
[32m2025-07-20T19:19:47.026Z [INFO] Backtest Sell executed for TRUMPUSDT: 0.0000 at 10.03. Cash: 5000.00, Position: 0.0000, Profit: 0.00[39m
[33m2025-07-20T19:19:47.033Z [WARN] Zero stop-loss distance for BTCUSDT. Cannot calculate order size. {[39m
[33m  "symbol": "BTCUSDT",[39m
[33m  "currentPrice": 50000,[39m
[33m  "volatility": 0[39m
[33m}[39m
[32m2025-07-20T19:19:47.034Z [INFO] Equity updated {[39m
[32m  "totalCash": "10000.00",[39m
[32m  "positions": "{\"TRUMPUSDT\":0,\"BTCUSDT\":0}",[39m
[32m  "equity": "10000.00"[39m
[32m}[39m
[32m2025-07-20T19:19:47.035Z [INFO] Backtest Buy executed for BTCUSDT: 0.0000 at 49850.00. Cash: 5000.00, Position: 0.0000[39m
[32m2025-07-20T19:19:47.036Z [INFO] Equity updated {[39m
[32m  "totalCash": "10000.00",[39m
[32m  "positions": "{\"TRUMPUSDT\":0,\"BTCUSDT\":0}",[39m
[32m  "equity": "10000.00"[39m
[32m}[39m
[32m2025-07-20T19:19:47.037Z [INFO] Backtest Sell executed for BTCUSDT: 0.0000 at 50150.00. Cash: 5000.00, Position: 0.0000, Profit: 0.00[39m
[32m2025-07-20T19:19:47.039Z [INFO] Equity updated {[39m
[32m  "totalCash": "9989.97",[39m
[32m  "positions": "{\"TRUMPUSDT\":1,\"BTCUSDT\":0}",[39m
[32m  "equity": "10000.02"[39m
[32m}[39m
[32m2025-07-20T19:19:47.040Z [INFO] Backtest Buy executed for TRUMPUSDT: 1.0000 at 10.02. Cash: 4989.97, Position: 1.0000[39m
[32m2025-07-20T19:19:47.041Z [INFO] Equity updated {[39m
[32m  "totalCash": "10000.04",[39m
[32m  "positions": "{\"TRUMPUSDT\":0,\"BTCUSDT\":0}",[39m
[32m  "equity": "10000.04"[39m
[32m}[39m
[32m2025-07-20T19:19:47.041Z [INFO] Backtest Sell executed for TRUMPUSDT: 1.0000 at 10.08. Cash: 5000.04, Position: 0.0000, Profit: 0.05[39m
[32m2025-07-20T19:19:47.042Z [INFO] Equity updated {[39m
[32m  "totalCash": "5009.05",[39m
[32m  "positions": "{\"TRUMPUSDT\":0,\"BTCUSDT\":0.09998}",[39m
[32m  "equity": "10009.05"[39m
[32m}[39m
[32m2025-07-20T19:19:47.043Z [INFO] Backtest Buy executed for BTCUSDT: 0.1000 at 49859.97. Cash: 9.02, Position: 0.1000[39m
[32m2025-07-20T19:19:47.043Z [INFO] Equity updated {[39m
[32m  "totalCash": "10018.04",[39m
[32m  "positions": "{\"TRUMPUSDT\":0,\"BTCUSDT\":0}",[39m
[32m  "equity": "10018.04"[39m
[32m}[39m
[32m2025-07-20T19:19:47.044Z [INFO] Backtest Sell executed for BTCUSDT: 0.1000 at 50160.03. Cash: 5018.00, Position: 0.0000, Profit: 23.98[39m
[32m2025-07-20T19:19:47.045Z [INFO] Equity updated {[39m
[32m  "totalCash": "10007.95",[39m
[32m  "positions": "{\"TRUMPUSDT\":1,\"BTCUSDT\":0}",[39m
[32m  "equity": "10018.05"[39m
[32m}[39m
[32m2025-07-20T19:19:47.045Z [INFO] Backtest Buy executed for TRUMPUSDT: 1.0000 at 10.07. Cash: 4989.95, Position: 1.0000[39m
[32m2025-07-20T19:19:47.046Z [INFO] Equity updated {[39m
[32m  "totalCash": "10018.07",[39m
[32m  "positions": "{\"TRUMPUSDT\":0,\"BTCUSDT\":0}",[39m
[32m  "equity": "10018.07"[39m
[32m}[39m
[32m2025-07-20T19:19:47.047Z [INFO] Backtest Sell executed for TRUMPUSDT: 1.0000 at 10.13. Cash: 5000.07, Position: 0.0000, Profit: 0.05[39m
[32m2025-07-20T19:19:47.048Z [INFO] Equity updated {[39m
[32m  "totalCash": "5009.12",[39m
[32m  "positions": "{\"TRUMPUSDT\":0,\"BTCUSDT\":0.10032}",[39m
[32m  "equity": "10027.12"[39m
[32m}[39m
[32m2025-07-20T19:19:47.048Z [INFO] Backtest Buy executed for BTCUSDT: 0.1003 at 49869.94. Cash: 9.04, Position: 0.1003[39m
[32m2025-07-20T19:19:47.048Z [INFO] Equity updated {[39m
[32m  "totalCash": "10036.14",[39m
[32m  "positions": "{\"TRUMPUSDT\":0,\"BTCUSDT\":0}",[39m
[32m  "equity": "10036.14"[39m
[32m}[39m
[32m2025-07-20T19:19:47.049Z [INFO] Backtest Sell executed for BTCUSDT: 0.1003 at 50170.06. Cash: 5036.06, Position: 0.0000, Profit: 24.07[39m
[32m2025-07-20T19:19:47.050Z [INFO] Equity updated {[39m
[32m  "totalCash": "10026.08",[39m
[32m  "positions": "{\"TRUMPUSDT\":1,\"BTCUSDT\":0}",[39m
[32m  "equity": "10036.16"[39m
[32m}[39m
[32m2025-07-20T19:19:47.050Z [INFO] Backtest Buy executed for TRUMPUSDT: 1.0000 at 10.05. Cash: 4990.01, Position: 1.0000[39m
[32m2025-07-20T19:19:47.050Z [INFO] Equity updated {[39m
[32m  "totalCash": "10036.17",[39m
[32m  "positions": "{\"TRUMPUSDT\":0,\"BTCUSDT\":0}",[39m
[32m  "equity": "10036.17"[39m
[32m}[39m
[32m2025-07-20T19:19:47.051Z [INFO] Backtest Sell executed for TRUMPUSDT: 1.0000 at 10.11. Cash: 5000.11, Position: 0.0000, Profit: 0.05[39m
[32m2025-07-20T19:19:47.052Z [INFO] Equity updated {[39m
[32m  "totalCash": "5009.20",[39m
[32m  "positions": "{\"TRUMPUSDT\":0,\"BTCUSDT\":0.100691}",[39m
[32m  "equity": "10045.26"[39m
[32m}[39m
[32m2025-07-20T19:19:47.052Z [INFO] Backtest Buy executed for BTCUSDT: 0.1007 at 49864.96. Cash: 9.09, Position: 0.1007[39m
[32m2025-07-20T19:19:47.052Z [INFO] Equity updated {[39m
[32m  "totalCash": "10054.30",[39m
[32m  "positions": "{\"TRUMPUSDT\":0,\"BTCUSDT\":0}",[39m
[32m  "equity": "10054.30"[39m
[32m}[39m
[32m2025-07-20T19:19:47.053Z [INFO] Backtest Sell executed for BTCUSDT: 0.1007 at 50165.04. Cash: 5054.19, Position: 0.0000, Profit: 24.15[39m
[32m2025-07-20T19:19:47.054Z [INFO] Equity updated {[39m
[32m  "totalCash": "10044.20",[39m
[32m  "positions": "{\"TRUMPUSDT\":1,\"BTCUSDT\":0}",[39m
[32m  "equity": "10054.32"[39m
[32m}[39m
[32m2025-07-20T19:19:47.054Z [INFO] Backtest Buy executed for TRUMPUSDT: 1.0000 at 10.09. Cash: 4990.01, Position: 1.0000[39m
[32m2025-07-20T19:19:47.055Z [INFO] Equity updated {[39m
[32m  "totalCash": "10054.34",[39m
[32m  "positions": "{\"TRUMPUSDT\":0,\"BTCUSDT\":0}",[39m
[32m  "equity": "10054.34"[39m
[32m}[39m
[32m2025-07-20T19:19:47.055Z [INFO] Backtest Sell executed for TRUMPUSDT: 1.0000 at 10.15. Cash: 5000.15, Position: 0.0000, Profit: 0.05[39m
[32m2025-07-20T19:19:47.056Z [INFO] Equity updated {[39m
[32m  "totalCash": "5009.28",[39m
[32m  "positions": "{\"TRUMPUSDT\":0,\"BTCUSDT\":0.101033}",[39m
[32m  "equity": "10063.46"[39m
[32m}[39m
[32m2025-07-20T19:19:47.056Z [INFO] Backtest Buy executed for BTCUSDT: 0.1010 at 49874.93. Cash: 9.13, Position: 0.1010[39m
[32m2025-07-20T19:19:47.056Z [INFO] Equity updated {[39m
[32m  "totalCash": "10072.53",[39m
[32m  "positions": "{\"TRUMPUSDT\":0,\"BTCUSDT\":0}",[39m
[32m  "equity": "10072.53"[39m
[32m}[39m
[32m2025-07-20T19:19:47.057Z [INFO] Backtest Sell executed for BTCUSDT: 0.1010 at 50175.07. Cash: 5072.39, Position: 0.0000, Profit: 24.24[39m
[32m2025-07-20T19:19:47.057Z [INFO] Equity updated {[39m
[32m  "totalCash": "10062.40",[39m
[32m  "positions": "{\"TRUMPUSDT\":1,\"BTCUSDT\":0}",[39m
[32m  "equity": "10072.55"[39m
[32m}[39m
[32m2025-07-20T19:19:47.058Z [INFO] Backtest Buy executed for TRUMPUSDT: 1.0000 at 10.12. Cash: 4990.01, Position: 1.0000[39m
[32m2025-07-20T19:19:47.058Z [INFO] Equity updated {[39m
[32m  "totalCash": "10072.57",[39m
[32m  "positions": "{\"TRUMPUSDT\":0,\"BTCUSDT\":0}",[39m
[32m  "equity": "10072.57"[39m
[32m}[39m
[32m2025-07-20T19:19:47.058Z [INFO] Backtest Sell executed for TRUMPUSDT: 1.0000 at 10.18. Cash: 5000.18, Position: 0.0000, Profit: 0.05[39m
[32m2025-07-20T19:19:47.059Z [INFO] Equity updated {[39m
[32m  "totalCash": "5009.33",[39m
[32m  "positions": "{\"TRUMPUSDT\":0,\"BTCUSDT\":0.101387}",[39m
[32m  "equity": "10081.72"[39m
[32m}[39m
[32m2025-07-20T19:19:47.060Z [INFO] Backtest Buy executed for BTCUSDT: 0.1014 at 49879.91. Cash: 9.15, Position: 0.1014[39m
[32m2025-07-20T19:19:47.060Z [INFO] Equity updated {[39m
[32m  "totalCash": "10090.83",[39m
[32m  "positions": "{\"TRUMPUSDT\":0,\"BTCUSDT\":0}",[39m
[32m  "equity": "10090.83"[39m
[32m}[39m
[32m2025-07-20T19:19:47.061Z [INFO] Backtest Sell executed for BTCUSDT: 0.1014 at 50180.09. Cash: 5090.65, Position: 0.0000, Profit: 24.33[39m
[32m2025-07-20T19:19:47.069Z [INFO] Backtest completed with multi-symbol support {[39m
[32m  "metrics": {[39m
[32m    "TRUMPUSDT": {[39m
[32m      "totalProfit": 0.48,[39m
[32m      "tradeCount": 12,[39m
[32m      "winRate": 83.33,[39m
[32m      "profitFactor": null,[39m
[32m      "averageTradeProfit": 0.0404,[39m
[32m      "sharpeRatio": 2.236,[39m
[32m      "sortinoRatio": 0,[39m
[32m      "maxDrawdown": 0.9,[39m
[32m      "calmarRatio": 0,[39m
[32m      "totalVolumeTraded": 101[39m
[32m    },[39m
[32m    "BTCUSDT": {[39m
[32m      "totalProfit": 241.55,[39m
[32m      "tradeCount": 12,[39m
[32m      "winRate": 83.33,[39m
[32m      "profitFactor": null,[39m
[32m      "averageTradeProfit": 20.1294,[39m
[32m      "sharpeRatio": 2.2359,[39m
[32m      "sortinoRatio": 0,[39m
[32m      "maxDrawdown": 0.9,[39m
[32m      "calmarRatio": 0,[39m
[32m      "totalVolumeTraded": 50361.27[39m
[32m    },[39m
[32m    "aggregate": {[39m
[32m      "sharpeRatio": 2.23595,[39m
[32m      "sortinoRatio": 0,[39m
[32m      "maxDrawdown": 0.9,[39m
[32m      "winRate": 83.33,[39m
[32m      "profitFactor": null,[39m
[32m      "calmarRatio": 0,[39m
[32m      "totalProfit": 242.03,[39m
[32m      "finalEquity": 10090.832082399997,[39m
[32m      "totalTradeCount": 24,[39m
[32m      "averageTradeProfit": 10.084583333333333,[39m
[32m      "totalVolumeTraded": 50462.27[39m
[32m    }[39m
[32m  }[39m
[32m}[39m
[32m2025-07-20T19:20:45.582Z [INFO] Loaded historical data for TRUMPUSDT from data/historical_prices_trumpusdt.json[39m
[32m2025-07-20T19:20:45.596Z [INFO] Loaded historical data for BTCUSDT from data/historical_prices_btcusdt.json[39m
[32m2025-07-20T19:20:45.598Z [INFO] Starting backtest with 12 events across 2 symbols.[39m
[33m2025-07-20T19:20:45.602Z [WARN] Zero stop-loss distance for TRUMPUSDT. Cannot calculate order size. {[39m
[33m  "symbol": "TRUMPUSDT",[39m
[33m  "currentPrice": 10,[39m
[33m  "volatility": 0[39m
[33m}[39m
[32m2025-07-20T19:20:45.605Z [INFO] Equity updated {[39m
[32m  "totalCash": "10000.00",[39m
[32m  "positions": "{\"TRUMPUSDT\":0,\"BTCUSDT\":0}",[39m
[32m  "equity": "10000.00"[39m
[32m}[39m
[32m2025-07-20T19:20:45.607Z [INFO] Backtest Buy executed for TRUMPUSDT: 0.0000 at 9.97. Cash: 5000.00, Position: 0.0000[39m
[32m2025-07-20T19:20:45.608Z [INFO] Equity updated {[39m
[32m  "totalCash": "10000.00",[39m
[32m  "positions": "{\"TRUMPUSDT\":0,\"BTCUSDT\":0}",[39m
[32m  "equity": "10000.00"[39m
[32m}[39m
[32m2025-07-20T19:20:45.609Z [INFO] Backtest Sell executed for TRUMPUSDT: 0.0000 at 10.03. Cash: 5000.00, Position: 0.0000, Profit: 0.00[39m
[33m2025-07-20T19:20:45.610Z [WARN] Zero stop-loss distance for BTCUSDT. Cannot calculate order size. {[39m
[33m  "symbol": "BTCUSDT",[39m
[33m  "currentPrice": 50000,[39m
[33m  "volatility": 0[39m
[33m}[39m
[32m2025-07-20T19:20:45.612Z [INFO] Equity updated {[39m
[32m  "totalCash": "10000.00",[39m
[32m  "positions": "{\"TRUMPUSDT\":0,\"BTCUSDT\":0}",[39m
[32m  "equity": "10000.00"[39m
[32m}[39m
[32m2025-07-20T19:20:45.613Z [INFO] Backtest Buy executed for BTCUSDT: 0.0000 at 49850.00. Cash: 5000.00, Position: 0.0000[39m
[32m2025-07-20T19:20:45.614Z [INFO] Equity updated {[39m
[32m  "totalCash": "10000.00",[39m
[32m  "positions": "{\"TRUMPUSDT\":0,\"BTCUSDT\":0}",[39m
[32m  "equity": "10000.00"[39m
[32m}[39m
[32m2025-07-20T19:20:45.615Z [INFO] Backtest Sell executed for BTCUSDT: 0.0000 at 50150.00. Cash: 5000.00, Position: 0.0000, Profit: 0.00[39m
[32m2025-07-20T19:20:45.617Z [INFO] Equity updated {[39m
[32m  "totalCash": "9989.97",[39m
[32m  "positions": "{\"TRUMPUSDT\":1,\"BTCUSDT\":0}",[39m
[32m  "equity": "10000.02"[39m
[32m}[39m
[32m2025-07-20T19:20:45.618Z [INFO] Backtest Buy executed for TRUMPUSDT: 1.0000 at 10.02. Cash: 4989.97, Position: 1.0000[39m
[32m2025-07-20T19:20:45.618Z [INFO] Equity updated {[39m
[32m  "totalCash": "10000.04",[39m
[32m  "positions": "{\"TRUMPUSDT\":0,\"BTCUSDT\":0}",[39m
[32m  "equity": "10000.04"[39m
[32m}[39m
[32m2025-07-20T19:20:45.618Z [INFO] Backtest Sell executed for TRUMPUSDT: 1.0000 at 10.08. Cash: 5000.04, Position: 0.0000, Profit: 0.05[39m
[32m2025-07-20T19:20:45.620Z [INFO] Equity updated {[39m
[32m  "totalCash": "5009.05",[39m
[32m  "positions": "{\"TRUMPUSDT\":0,\"BTCUSDT\":0.09998}",[39m
[32m  "equity": "10009.05"[39m
[32m}[39m
[32m2025-07-20T19:20:45.621Z [INFO] Backtest Buy executed for BTCUSDT: 0.1000 at 49859.97. Cash: 9.02, Position: 0.1000[39m
[32m2025-07-20T19:20:45.621Z [INFO] Equity updated {[39m
[32m  "totalCash": "10018.04",[39m
[32m  "positions": "{\"TRUMPUSDT\":0,\"BTCUSDT\":0}",[39m
[32m  "equity": "10018.04"[39m
[32m}[39m
[32m2025-07-20T19:20:45.622Z [INFO] Backtest Sell executed for BTCUSDT: 0.1000 at 50160.03. Cash: 5018.00, Position: 0.0000, Profit: 23.98[39m
[32m2025-07-20T19:20:45.623Z [INFO] Equity updated {[39m
[32m  "totalCash": "10007.95",[39m
[32m  "positions": "{\"TRUMPUSDT\":1,\"BTCUSDT\":0}",[39m
[32m  "equity": "10018.05"[39m
[32m}[39m
[32m2025-07-20T19:20:45.623Z [INFO] Backtest Buy executed for TRUMPUSDT: 1.0000 at 10.07. Cash: 4989.95, Position: 1.0000[39m
[32m2025-07-20T19:20:45.624Z [INFO] Equity updated {[39m
[32m  "totalCash": "10018.07",[39m
[32m  "positions": "{\"TRUMPUSDT\":0,\"BTCUSDT\":0}",[39m
[32m  "equity": "10018.07"[39m
[32m}[39m
[32m2025-07-20T19:20:45.625Z [INFO] Backtest Sell executed for TRUMPUSDT: 1.0000 at 10.13. Cash: 5000.07, Position: 0.0000, Profit: 0.05[39m
[32m2025-07-20T19:20:45.626Z [INFO] Equity updated {[39m
[32m  "totalCash": "5009.12",[39m
[32m  "positions": "{\"TRUMPUSDT\":0,\"BTCUSDT\":0.10032}",[39m
[32m  "equity": "10027.12"[39m
[32m}[39m
[32m2025-07-20T19:20:45.626Z [INFO] Backtest Buy executed for BTCUSDT: 0.1003 at 49869.94. Cash: 9.04, Position: 0.1003[39m
[32m2025-07-20T19:20:45.626Z [INFO] Equity updated {[39m
[32m  "totalCash": "10036.14",[39m
[32m  "positions": "{\"TRUMPUSDT\":0,\"BTCUSDT\":0}",[39m
[32m  "equity": "10036.14"[39m
[32m}[39m
[32m2025-07-20T19:20:45.626Z [INFO] Backtest Sell executed for BTCUSDT: 0.1003 at 50170.06. Cash: 5036.06, Position: 0.0000, Profit: 24.07[39m
[32m2025-07-20T19:20:45.627Z [INFO] Equity updated {[39m
[32m  "totalCash": "10026.08",[39m
[32m  "positions": "{\"TRUMPUSDT\":1,\"BTCUSDT\":0}",[39m
[32m  "equity": "10036.16"[39m
[32m}[39m
[32m2025-07-20T19:20:45.627Z [INFO] Backtest Buy executed for TRUMPUSDT: 1.0000 at 10.05. Cash: 4990.01, Position: 1.0000[39m
[32m2025-07-20T19:20:45.628Z [INFO] Equity updated {[39m
[32m  "totalCash": "10036.17",[39m
[32m  "positions": "{\"TRUMPUSDT\":0,\"BTCUSDT\":0}",[39m
[32m  "equity": "10036.17"[39m
[32m}[39m
[32m2025-07-20T19:20:45.628Z [INFO] Backtest Sell executed for TRUMPUSDT: 1.0000 at 10.11. Cash: 5000.11, Position: 0.0000, Profit: 0.05[39m
[32m2025-07-20T19:20:45.629Z [INFO] Equity updated {[39m
[32m  "totalCash": "5009.20",[39m
[32m  "positions": "{\"TRUMPUSDT\":0,\"BTCUSDT\":0.100691}",[39m
[32m  "equity": "10045.26"[39m
[32m}[39m
[32m2025-07-20T19:20:45.629Z [INFO] Backtest Buy executed for BTCUSDT: 0.1007 at 49864.96. Cash: 9.09, Position: 0.1007[39m
[32m2025-07-20T19:20:45.629Z [INFO] Equity updated {[39m
[32m  "totalCash": "10054.30",[39m
[32m  "positions": "{\"TRUMPUSDT\":0,\"BTCUSDT\":0}",[39m
[32m  "equity": "10054.30"[39m
[32m}[39m
[32m2025-07-20T19:20:45.630Z [INFO] Backtest Sell executed for BTCUSDT: 0.1007 at 50165.04. Cash: 5054.19, Position: 0.0000, Profit: 24.15[39m
[32m2025-07-20T19:20:45.631Z [INFO] Equity updated {[39m
[32m  "totalCash": "10044.20",[39m
[32m  "positions": "{\"TRUMPUSDT\":1,\"BTCUSDT\":0}",[39m
[32m  "equity": "10054.32"[39m
[32m}[39m
[32m2025-07-20T19:20:45.632Z [INFO] Backtest Buy executed for TRUMPUSDT: 1.0000 at 10.09. Cash: 4990.01, Position: 1.0000[39m
[32m2025-07-20T19:20:45.632Z [INFO] Equity updated {[39m
[32m  "totalCash": "10054.34",[39m
[32m  "positions": "{\"TRUMPUSDT\":0,\"BTCUSDT\":0}",[39m
[32m  "equity": "10054.34"[39m
[32m}[39m
[32m2025-07-20T19:20:45.632Z [INFO] Backtest Sell executed for TRUMPUSDT: 1.0000 at 10.15. Cash: 5000.15, Position: 0.0000, Profit: 0.05[39m
[32m2025-07-20T19:20:45.633Z [INFO] Equity updated {[39m
[32m  "totalCash": "5009.28",[39m
[32m  "positions": "{\"TRUMPUSDT\":0,\"BTCUSDT\":0.101033}",[39m
[32m  "equity": "10063.46"[39m
[32m}[39m
[32m2025-07-20T19:20:45.634Z [INFO] Backtest Buy executed for BTCUSDT: 0.1010 at 49874.93. Cash: 9.13, Position: 0.1010[39m
[32m2025-07-20T19:20:45.634Z [INFO] Equity updated {[39m
[32m  "totalCash": "10072.53",[39m
[32m  "positions": "{\"TRUMPUSDT\":0,\"BTCUSDT\":0}",[39m
[32m  "equity": "10072.53"[39m
[32m}[39m
[32m2025-07-20T19:20:45.634Z [INFO] Backtest Sell executed for BTCUSDT: 0.1010 at 50175.07. Cash: 5072.39, Position: 0.0000, Profit: 24.24[39m
[32m2025-07-20T19:20:45.635Z [INFO] Equity updated {[39m
[32m  "totalCash": "10062.40",[39m
[32m  "positions": "{\"TRUMPUSDT\":1,\"BTCUSDT\":0}",[39m
[32m  "equity": "10072.55"[39m
[32m}[39m
[32m2025-07-20T19:20:45.636Z [INFO] Backtest Buy executed for TRUMPUSDT: 1.0000 at 10.12. Cash: 4990.01, Position: 1.0000[39m
[32m2025-07-20T19:20:45.636Z [INFO] Equity updated {[39m
[32m  "totalCash": "10072.57",[39m
[32m  "positions": "{\"TRUMPUSDT\":0,\"BTCUSDT\":0}",[39m
[32m  "equity": "10072.57"[39m
[32m}[39m
[32m2025-07-20T19:20:45.637Z [INFO] Backtest Sell executed for TRUMPUSDT: 1.0000 at 10.18. Cash: 5000.18, Position: 0.0000, Profit: 0.05[39m
[32m2025-07-20T19:20:45.638Z [INFO] Equity updated {[39m
[32m  "totalCash": "5009.33",[39m
[32m  "positions": "{\"TRUMPUSDT\":0,\"BTCUSDT\":0.101387}",[39m
[32m  "equity": "10081.72"[39m
[32m}[39m
[32m2025-07-20T19:20:45.638Z [INFO] Backtest Buy executed for BTCUSDT: 0.1014 at 49879.91. Cash: 9.15, Position: 0.1014[39m
[32m2025-07-20T19:20:45.639Z [INFO] Equity updated {[39m
[32m  "totalCash": "10090.83",[39m
[32m  "positions": "{\"TRUMPUSDT\":0,\"BTCUSDT\":0}",[39m
[32m  "equity": "10090.83"[39m
[32m}[39m
[32m2025-07-20T19:20:45.639Z [INFO] Backtest Sell executed for BTCUSDT: 0.1014 at 50180.09. Cash: 5090.65, Position: 0.0000, Profit: 24.33[39m
[32m2025-07-20T19:20:45.643Z [INFO] Backtest completed with multi-symbol support {[39m
[32m  "metrics": {[39m
[32m    "TRUMPUSDT": {[39m
[32m      "totalProfit": 0.48,[39m
[32m      "tradeCount": 12,[39m
[32m      "winRate": 83.33,[39m
[32m      "profitFactor": null,[39m
[32m      "averageTradeProfit": 0.0404,[39m
[32m      "sharpeRatio": 2.236,[39m
[32m      "sortinoRatio": 0,[39m
[32m      "maxDrawdown": 0.9,[39m
[32m      "calmarRatio": 0,[39m
[32m      "totalVolumeTraded": 101[39m
[32m    },[39m
[32m    "BTCUSDT": {[39m
[32m      "totalProfit": 241.55,[39m
[32m      "tradeCount": 12,[39m
[32m      "winRate": 83.33,[39m
[32m      "profitFactor": null,[39m
[32m      "averageTradeProfit": 20.1294,[39m
[32m      "sharpeRatio": 2.2359,[39m
[32m      "sortinoRatio": 0,[39m
[32m      "maxDrawdown": 0.9,[39m
[32m      "calmarRatio": 0,[39m
[32m      "totalVolumeTraded": 50361.27[39m
[32m    },[39m
[32m    "aggregate": {[39m
[32m      "sharpeRatio": 2.23595,[39m
[32m      "sortinoRatio": 0,[39m
[32m      "maxDrawdown": 0.9,[39m
[32m      "winRate": 83.33,[39m
[32m      "profitFactor": null,[39m
[32m      "calmarRatio": 0,[39m
[32m      "totalProfit": 242.03,[39m
[32m      "finalEquity": 10090.832082399997,[39m
[32m      "totalTradeCount": 24,[39m
[32m      "averageTradeProfit": 10.084583333333333,[39m
[32m      "totalVolumeTraded": 50462.27[39m
[32m    }[39m
[32m  }[39m
[32m}[39m
[32m2025-07-20T19:21:23.455Z [INFO] Loaded historical data for TRUMPUSDT from data/historical_prices_trumpusdt.json[39m
[32m2025-07-20T19:21:23.480Z [INFO] Loaded historical data for BTCUSDT from data/historical_prices_btcusdt.json[39m
[32m2025-07-20T19:21:23.501Z [INFO] Starting backtest with 12 events across 2 symbols.[39m
[33m2025-07-20T19:21:23.508Z [WARN] Zero stop-loss distance for TRUMPUSDT. Cannot calculate order size. {[39m
[33m  "symbol": "TRUMPUSDT",[39m
[33m  "currentPrice": 10,[39m
[33m  "volatility": 0[39m
[33m}[39m
[32m2025-07-20T19:21:23.514Z [INFO] Equity updated {[39m
[32m  "totalCash": "10000.00",[39m
[32m  "positions": "{\"TRUMPUSDT\":0,\"BTCUSDT\":0}",[39m
[32m  "equity": "10000.00"[39m
[32m}[39m
[32m2025-07-20T19:21:23.519Z [INFO] Backtest Buy executed for TRUMPUSDT: 0.0000 at 9.97. Cash: 5000.00, Position: 0.0000[39m
[32m2025-07-20T19:21:23.522Z [INFO] Equity updated {[39m
[32m  "totalCash": "10000.00",[39m
[32m  "positions": "{\"TRUMPUSDT\":0,\"BTCUSDT\":0}",[39m
[32m  "equity": "10000.00"[39m
[32m}[39m
[32m2025-07-20T19:21:23.523Z [INFO] Backtest Sell executed for TRUMPUSDT: 0.0000 at 10.03. Cash: 5000.00, Position: 0.0000, Profit: 0.00[39m
[33m2025-07-20T19:21:23.529Z [WARN] Zero stop-loss distance for BTCUSDT. Cannot calculate order size. {[39m
[33m  "symbol": "BTCUSDT",[39m
[33m  "currentPrice": 50000,[39m
[33m  "volatility": 0[39m
[33m}[39m
[32m2025-07-20T19:21:23.534Z [INFO] Equity updated {[39m
[32m  "totalCash": "10000.00",[39m
[32m  "positions": "{\"TRUMPUSDT\":0,\"BTCUSDT\":0}",[39m
[32m  "equity": "10000.00"[39m
[32m}[39m
[32m2025-07-20T19:21:23.535Z [INFO] Backtest Buy executed for BTCUSDT: 0.0000 at 49850.00. Cash: 5000.00, Position: 0.0000[39m
[32m2025-07-20T19:21:23.536Z [INFO] Equity updated {[39m
[32m  "totalCash": "10000.00",[39m
[32m  "positions": "{\"TRUMPUSDT\":0,\"BTCUSDT\":0}",[39m
[32m  "equity": "10000.00"[39m
[32m}[39m
[32m2025-07-20T19:21:23.538Z [INFO] Backtest Sell executed for BTCUSDT: 0.0000 at 50150.00. Cash: 5000.00, Position: 0.0000, Profit: 0.00[39m
[32m2025-07-20T19:21:23.542Z [INFO] Equity updated {[39m
[32m  "totalCash": "9989.97",[39m
[32m  "positions": "{\"TRUMPUSDT\":1,\"BTCUSDT\":0}",[39m
[32m  "equity": "10000.02"[39m
[32m}[39m
[32m2025-07-20T19:21:23.543Z [INFO] Backtest Buy executed for TRUMPUSDT: 1.0000 at 10.02. Cash: 4989.97, Position: 1.0000[39m
[32m2025-07-20T19:21:23.544Z [INFO] Equity updated {[39m
[32m  "totalCash": "10000.04",[39m
[32m  "positions": "{\"TRUMPUSDT\":0,\"BTCUSDT\":0}",[39m
[32m  "equity": "10000.04"[39m
[32m}[39m
[32m2025-07-20T19:21:23.544Z [INFO] Backtest Sell executed for TRUMPUSDT: 1.0000 at 10.08. Cash: 5000.04, Position: 0.0000, Profit: 0.05[39m
[32m2025-07-20T19:21:23.546Z [INFO] Equity updated {[39m
[32m  "totalCash": "5009.05",[39m
[32m  "positions": "{\"TRUMPUSDT\":0,\"BTCUSDT\":0.09998}",[39m
[32m  "equity": "10009.05"[39m
[32m}[39m
[32m2025-07-20T19:21:23.547Z [INFO] Backtest Buy executed for BTCUSDT: 0.1000 at 49859.97. Cash: 9.02, Position: 0.1000[39m
[32m2025-07-20T19:21:23.547Z [INFO] Equity updated {[39m
[32m  "totalCash": "10018.04",[39m
[32m  "positions": "{\"TRUMPUSDT\":0,\"BTCUSDT\":0}",[39m
[32m  "equity": "10018.04"[39m
[32m}[39m
[32m2025-07-20T19:21:23.547Z [INFO] Backtest Sell executed for BTCUSDT: 0.1000 at 50160.03. Cash: 5018.00, Position: 0.0000, Profit: 23.98[39m
[32m2025-07-20T19:21:23.548Z [INFO] Equity updated {[39m
[32m  "totalCash": "10007.95",[39m
[32m  "positions": "{\"TRUMPUSDT\":1,\"BTCUSDT\":0}",[39m
[32m  "equity": "10018.05"[39m
[32m}[39m
[32m2025-07-20T19:21:23.549Z [INFO] Backtest Buy executed for TRUMPUSDT: 1.0000 at 10.07. Cash: 4989.95, Position: 1.0000[39m
[32m2025-07-20T19:21:23.550Z [INFO] Equity updated {[39m
[32m  "totalCash": "10018.07",[39m
[32m  "positions": "{\"TRUMPUSDT\":0,\"BTCUSDT\":0}",[39m
[32m  "equity": "10018.07"[39m
[32m}[39m
[32m2025-07-20T19:21:23.550Z [INFO] Backtest Sell executed for TRUMPUSDT: 1.0000 at 10.13. Cash: 5000.07, Position: 0.0000, Profit: 0.05[39m
[32m2025-07-20T19:21:23.551Z [INFO] Equity updated {[39m
[32m  "totalCash": "5009.12",[39m
[32m  "positions": "{\"TRUMPUSDT\":0,\"BTCUSDT\":0.10032}",[39m
[32m  "equity": "10027.12"[39m
[32m}[39m
[32m2025-07-20T19:21:23.551Z [INFO] Backtest Buy executed for BTCUSDT: 0.1003 at 49869.94. Cash: 9.04, Position: 0.1003[39m
[32m2025-07-20T19:21:23.552Z [INFO] Equity updated {[39m
[32m  "totalCash": "10036.14",[39m
[32m  "positions": "{\"TRUMPUSDT\":0,\"BTCUSDT\":0}",[39m
[32m  "equity": "10036.14"[39m
[32m}[39m
[32m2025-07-20T19:21:23.552Z [INFO] Backtest Sell executed for BTCUSDT: 0.1003 at 50170.06. Cash: 5036.06, Position: 0.0000, Profit: 24.07[39m
[32m2025-07-20T19:21:23.553Z [INFO] Equity updated {[39m
[32m  "totalCash": "10026.08",[39m
[32m  "positions": "{\"TRUMPUSDT\":1,\"BTCUSDT\":0}",[39m
[32m  "equity": "10036.16"[39m
[32m}[39m
[32m2025-07-20T19:21:23.554Z [INFO] Backtest Buy executed for TRUMPUSDT: 1.0000 at 10.05. Cash: 4990.01, Position: 1.0000[39m
[32m2025-07-20T19:21:23.554Z [INFO] Equity updated {[39m
[32m  "totalCash": "10036.17",[39m
[32m  "positions": "{\"TRUMPUSDT\":0,\"BTCUSDT\":0}",[39m
[32m  "equity": "10036.17"[39m
[32m}[39m
[32m2025-07-20T19:21:23.554Z [INFO] Backtest Sell executed for TRUMPUSDT: 1.0000 at 10.11. Cash: 5000.11, Position: 0.0000, Profit: 0.05[39m
[32m2025-07-20T19:21:23.555Z [INFO] Equity updated {[39m
[32m  "totalCash": "5009.20",[39m
[32m  "positions": "{\"TRUMPUSDT\":0,\"BTCUSDT\":0.100691}",[39m
[32m  "equity": "10045.26"[39m
[32m}[39m
[32m2025-07-20T19:21:23.556Z [INFO] Backtest Buy executed for BTCUSDT: 0.1007 at 49864.96. Cash: 9.09, Position: 0.1007[39m
[32m2025-07-20T19:21:23.556Z [INFO] Equity updated {[39m
[32m  "totalCash": "10054.30",[39m
[32m  "positions": "{\"TRUMPUSDT\":0,\"BTCUSDT\":0}",[39m
[32m  "equity": "10054.30"[39m
[32m}[39m
[32m2025-07-20T19:21:23.556Z [INFO] Backtest Sell executed for BTCUSDT: 0.1007 at 50165.04. Cash: 5054.19, Position: 0.0000, Profit: 24.15[39m
[32m2025-07-20T19:21:23.558Z [INFO] Equity updated {[39m
[32m  "totalCash": "10044.20",[39m
[32m  "positions": "{\"TRUMPUSDT\":1,\"BTCUSDT\":0}",[39m
[32m  "equity": "10054.32"[39m
[32m}[39m
[32m2025-07-20T19:21:23.558Z [INFO] Backtest Buy executed for TRUMPUSDT: 1.0000 at 10.09. Cash: 4990.01, Position: 1.0000[39m
[32m2025-07-20T19:21:23.558Z [INFO] Equity updated {[39m
[32m  "totalCash": "10054.34",[39m
[32m  "positions": "{\"TRUMPUSDT\":0,\"BTCUSDT\":0}",[39m
[32m  "equity": "10054.34"[39m
[32m}[39m
[32m2025-07-20T19:21:23.559Z [INFO] Backtest Sell executed for TRUMPUSDT: 1.0000 at 10.15. Cash: 5000.15, Position: 0.0000, Profit: 0.05[39m
[32m2025-07-20T19:21:23.561Z [INFO] Equity updated {[39m
[32m  "totalCash": "5009.28",[39m
[32m  "positions": "{\"TRUMPUSDT\":0,\"BTCUSDT\":0.101033}",[39m
[32m  "equity": "10063.46"[39m
[32m}[39m
[32m2025-07-20T19:21:23.562Z [INFO] Backtest Buy executed for BTCUSDT: 0.1010 at 49874.93. Cash: 9.13, Position: 0.1010[39m
[32m2025-07-20T19:21:23.563Z [INFO] Equity updated {[39m
[32m  "totalCash": "10072.53",[39m
[32m  "positions": "{\"TRUMPUSDT\":0,\"BTCUSDT\":0}",[39m
[32m  "equity": "10072.53"[39m
[32m}[39m
[32m2025-07-20T19:21:23.563Z [INFO] Backtest Sell executed for BTCUSDT: 0.1010 at 50175.07. Cash: 5072.39, Position: 0.0000, Profit: 24.24[39m
[32m2025-07-20T19:21:23.564Z [INFO] Equity updated {[39m
[32m  "totalCash": "10062.40",[39m
[32m  "positions": "{\"TRUMPUSDT\":1,\"BTCUSDT\":0}",[39m
[32m  "equity": "10072.55"[39m
[32m}[39m
[32m2025-07-20T19:21:23.565Z [INFO] Backtest Buy executed for TRUMPUSDT: 1.0000 at 10.12. Cash: 4990.01, Position: 1.0000[39m
[32m2025-07-20T19:21:23.565Z [INFO] Equity updated {[39m
[32m  "totalCash": "10072.57",[39m
[32m  "positions": "{\"TRUMPUSDT\":0,\"BTCUSDT\":0}",[39m
[32m  "equity": "10072.57"[39m
[32m}[39m
[32m2025-07-20T19:21:23.565Z [INFO] Backtest Sell executed for TRUMPUSDT: 1.0000 at 10.18. Cash: 5000.18, Position: 0.0000, Profit: 0.05[39m
[32m2025-07-20T19:21:23.566Z [INFO] Equity updated {[39m
[32m  "totalCash": "5009.33",[39m
[32m  "positions": "{\"TRUMPUSDT\":0,\"BTCUSDT\":0.101387}",[39m
[32m  "equity": "10081.72"[39m
[32m}[39m
[32m2025-07-20T19:21:23.567Z [INFO] Backtest Buy executed for BTCUSDT: 0.1014 at 49879.91. Cash: 9.15, Position: 0.1014[39m
[32m2025-07-20T19:21:23.567Z [INFO] Equity updated {[39m
[32m  "totalCash": "10090.83",[39m
[32m  "positions": "{\"TRUMPUSDT\":0,\"BTCUSDT\":0}",[39m
[32m  "equity": "10090.83"[39m
[32m}[39m
[32m2025-07-20T19:21:23.568Z [INFO] Backtest Sell executed for BTCUSDT: 0.1014 at 50180.09. Cash: 5090.65, Position: 0.0000, Profit: 24.33[39m
[32m2025-07-20T19:21:23.573Z [INFO] Backtest completed with multi-symbol support {[39m
[32m  "metrics": {[39m
[32m    "TRUMPUSDT": {[39m
[32m      "totalProfit": 0.48,[39m
[32m      "tradeCount": 12,[39m
[32m      "winRate": 83.33,[39m
[32m      "profitFactor": null,[39m
[32m      "averageTradeProfit": 0.0404,[39m
[32m      "sharpeRatio": 2.236,[39m
[32m      "sortinoRatio": 0,[39m
[32m      "maxDrawdown": 0.9,[39m
[32m      "calmarRatio": 0,[39m
[32m      "totalVolumeTraded": 101[39m
[32m    },[39m
[32m    "BTCUSDT": {[39m
[32m      "totalProfit": 241.55,[39m
[32m      "tradeCount": 12,[39m
[32m      "winRate": 83.33,[39m
[32m      "profitFactor": null,[39m
[32m      "averageTradeProfit": 20.1294,[39m
[32m      "sharpeRatio": 2.2359,[39m
[32m      "sortinoRatio": 0,[39m
[32m      "maxDrawdown": 0.9,[39m
[32m      "calmarRatio": 0,[39m
[32m      "totalVolumeTraded": 50361.27[39m
[32m    },[39m
[32m    "aggregate": {[39m
[32m      "sharpeRatio": 2.23595,[39m
[32m      "sortinoRatio": 0,[39m
[32m      "maxDrawdown": 0.9,[39m
[32m      "winRate": 83.33,[39m
[32m      "profitFactor": null,[39m
[32m      "calmarRatio": 0,[39m
[32m      "totalProfit": 242.03,[39m
[32m      "finalEquity": 10090.832082399997,[39m
[32m      "totalTradeCount": 24,[39m
[32m      "averageTradeProfit": 10.084583333333333,[39m
[32m      "totalVolumeTraded": 50462.27[39m
[32m    }[39m
[32m  }[39m
[32m}[39m
[32m2025-07-20T19:22:03.550Z [INFO] Loaded historical data for TRUMPUSDT from data/historical_prices_trumpusdt.json[39m
[32m2025-07-20T19:22:03.568Z [INFO] Loaded historical data for BTCUSDT from data/historical_prices_btcusdt.json[39m
[32m2025-07-20T19:22:03.571Z [INFO] Starting backtest with 12 events across 2 symbols.[39m
[33m2025-07-20T19:22:03.579Z [WARN] Zero stop-loss distance for TRUMPUSDT. Cannot calculate order size. {[39m
[33m  "symbol": "TRUMPUSDT",[39m
[33m  "currentPrice": 10,[39m
[33m  "volatility": 0[39m
[33m}[39m
[32m2025-07-20T19:22:03.587Z [INFO] Equity updated {[39m
[32m  "totalCash": "10000.00",[39m
[32m  "positions": "{\"TRUMPUSDT\":0,\"BTCUSDT\":0}",[39m
[32m  "equity": "10000.00"[39m
[32m}[39m
[32m2025-07-20T19:22:03.590Z [INFO] Backtest Buy executed for TRUMPUSDT: 0.0000 at 9.97. Cash: 5000.00, Position: 0.0000[39m
[32m2025-07-20T19:22:03.593Z [INFO] Equity updated {[39m
[32m  "totalCash": "10000.00",[39m
[32m  "positions": "{\"TRUMPUSDT\":0,\"BTCUSDT\":0}",[39m
[32m  "equity": "10000.00"[39m
[32m}[39m
[32m2025-07-20T19:22:03.597Z [INFO] Backtest Sell executed for TRUMPUSDT: 0.0000 at 10.03. Cash: 5000.00, Position: 0.0000, Profit: 0.00[39m
[33m2025-07-20T19:22:03.598Z [WARN] Zero stop-loss distance for BTCUSDT. Cannot calculate order size. {[39m
[33m  "symbol": "BTCUSDT",[39m
[33m  "currentPrice": 50000,[39m
[33m  "volatility": 0[39m
[33m}[39m
[32m2025-07-20T19:22:03.602Z [INFO] Equity updated {[39m
[32m  "totalCash": "10000.00",[39m
[32m  "positions": "{\"TRUMPUSDT\":0,\"BTCUSDT\":0}",[39m
[32m  "equity": "10000.00"[39m
[32m}[39m
[32m2025-07-20T19:22:03.603Z [INFO] Backtest Buy executed for BTCUSDT: 0.0000 at 49850.00. Cash: 5000.00, Position: 0.0000[39m
[32m2025-07-20T19:22:03.605Z [INFO] Equity updated {[39m
[32m  "totalCash": "10000.00",[39m
[32m  "positions": "{\"TRUMPUSDT\":0,\"BTCUSDT\":0}",[39m
[32m  "equity": "10000.00"[39m
[32m}[39m
[32m2025-07-20T19:22:03.607Z [INFO] Backtest Sell executed for BTCUSDT: 0.0000 at 50150.00. Cash: 5000.00, Position: 0.0000, Profit: 0.00[39m
[32m2025-07-20T19:22:03.613Z [INFO] Equity updated {[39m
[32m  "totalCash": "9989.97",[39m
[32m  "positions": "{\"TRUMPUSDT\":1,\"BTCUSDT\":0}",[39m
[32m  "equity": "10000.02"[39m
[32m}[39m
[32m2025-07-20T19:22:03.614Z [INFO] Backtest Buy executed for TRUMPUSDT: 1.0000 at 10.02. Cash: 4989.97, Position: 1.0000[39m
[32m2025-07-20T19:22:03.614Z [INFO] Equity updated {[39m
[32m  "totalCash": "10000.04",[39m
[32m  "positions": "{\"TRUMPUSDT\":0,\"BTCUSDT\":0}",[39m
[32m  "equity": "10000.04"[39m
[32m}[39m
[32m2025-07-20T19:22:03.615Z [INFO] Backtest Sell executed for TRUMPUSDT: 1.0000 at 10.08. Cash: 5000.04, Position: 0.0000, Profit: 0.05[39m
[32m2025-07-20T19:22:03.616Z [INFO] Equity updated {[39m
[32m  "totalCash": "5009.05",[39m
[32m  "positions": "{\"TRUMPUSDT\":0,\"BTCUSDT\":0.09998}",[39m
[32m  "equity": "10009.05"[39m
[32m}[39m
[32m2025-07-20T19:22:03.616Z [INFO] Backtest Buy executed for BTCUSDT: 0.1000 at 49859.97. Cash: 9.02, Position: 0.1000[39m
[32m2025-07-20T19:22:03.616Z [INFO] Equity updated {[39m
[32m  "totalCash": "10018.04",[39m
[32m  "positions": "{\"TRUMPUSDT\":0,\"BTCUSDT\":0}",[39m
[32m  "equity": "10018.04"[39m
[32m}[39m
[32m2025-07-20T19:22:03.617Z [INFO] Backtest Sell executed for BTCUSDT: 0.1000 at 50160.03. Cash: 5018.00, Position: 0.0000, Profit: 23.98[39m
[32m2025-07-20T19:22:03.617Z [INFO] Equity updated {[39m
[32m  "totalCash": "10007.95",[39m
[32m  "positions": "{\"TRUMPUSDT\":1,\"BTCUSDT\":0}",[39m
[32m  "equity": "10018.05"[39m
[32m}[39m
[32m2025-07-20T19:22:03.618Z [INFO] Backtest Buy executed for TRUMPUSDT: 1.0000 at 10.07. Cash: 4989.95, Position: 1.0000[39m
[32m2025-07-20T19:22:03.618Z [INFO] Equity updated {[39m
[32m  "totalCash": "10018.07",[39m
[32m  "positions": "{\"TRUMPUSDT\":0,\"BTCUSDT\":0}",[39m
[32m  "equity": "10018.07"[39m
[32m}[39m
[32m2025-07-20T19:22:03.619Z [INFO] Backtest Sell executed for TRUMPUSDT: 1.0000 at 10.13. Cash: 5000.07, Position: 0.0000, Profit: 0.05[39m
[32m2025-07-20T19:22:03.620Z [INFO] Equity updated {[39m
[32m  "totalCash": "5009.12",[39m
[32m  "positions": "{\"TRUMPUSDT\":0,\"BTCUSDT\":0.10032}",[39m
[32m  "equity": "10027.12"[39m
[32m}[39m
[32m2025-07-20T19:22:03.621Z [INFO] Backtest Buy executed for BTCUSDT: 0.1003 at 49869.94. Cash: 9.04, Position: 0.1003[39m
[32m2025-07-20T19:22:03.621Z [INFO] Equity updated {[39m
[32m  "totalCash": "10036.14",[39m
[32m  "positions": "{\"TRUMPUSDT\":0,\"BTCUSDT\":0}",[39m
[32m  "equity": "10036.14"[39m
[32m}[39m
[32m2025-07-20T19:22:03.621Z [INFO] Backtest Sell executed for BTCUSDT: 0.1003 at 50170.06. Cash: 5036.06, Position: 0.0000, Profit: 24.07[39m
[32m2025-07-20T19:22:03.622Z [INFO] Equity updated {[39m
[32m  "totalCash": "10026.08",[39m
[32m  "positions": "{\"TRUMPUSDT\":1,\"BTCUSDT\":0}",[39m
[32m  "equity": "10036.16"[39m
[32m}[39m
[32m2025-07-20T19:22:03.623Z [INFO] Backtest Buy executed for TRUMPUSDT: 1.0000 at 10.05. Cash: 4990.01, Position: 1.0000[39m
[32m2025-07-20T19:22:03.624Z [INFO] Equity updated {[39m
[32m  "totalCash": "10036.17",[39m
[32m  "positions": "{\"TRUMPUSDT\":0,\"BTCUSDT\":0}",[39m
[32m  "equity": "10036.17"[39m
[32m}[39m
[32m2025-07-20T19:22:03.625Z [INFO] Backtest Sell executed for TRUMPUSDT: 1.0000 at 10.11. Cash: 5000.11, Position: 0.0000, Profit: 0.05[39m
[32m2025-07-20T19:22:03.626Z [INFO] Equity updated {[39m
[32m  "totalCash": "5009.20",[39m
[32m  "positions": "{\"TRUMPUSDT\":0,\"BTCUSDT\":0.100691}",[39m
[32m  "equity": "10045.26"[39m
[32m}[39m
[32m2025-07-20T19:22:03.626Z [INFO] Backtest Buy executed for BTCUSDT: 0.1007 at 49864.96. Cash: 9.09, Position: 0.1007[39m
[32m2025-07-20T19:22:03.627Z [INFO] Equity updated {[39m
[32m  "totalCash": "10054.30",[39m
[32m  "positions": "{\"TRUMPUSDT\":0,\"BTCUSDT\":0}",[39m
[32m  "equity": "10054.30"[39m
[32m}[39m
[32m2025-07-20T19:22:03.627Z [INFO] Backtest Sell executed for BTCUSDT: 0.1007 at 50165.04. Cash: 5054.19, Position: 0.0000, Profit: 24.15[39m
[32m2025-07-20T19:22:03.628Z [INFO] Equity updated {[39m
[32m  "totalCash": "10044.20",[39m
[32m  "positions": "{\"TRUMPUSDT\":1,\"BTCUSDT\":0}",[39m
[32m  "equity": "10054.32"[39m
[32m}[39m
[32m2025-07-20T19:22:03.629Z [INFO] Backtest Buy executed for TRUMPUSDT: 1.0000 at 10.09. Cash: 4990.01, Position: 1.0000[39m
[32m2025-07-20T19:22:03.629Z [INFO] Equity updated {[39m
[32m  "totalCash": "10054.34",[39m
[32m  "positions": "{\"TRUMPUSDT\":0,\"BTCUSDT\":0}",[39m
[32m  "equity": "10054.34"[39m
[32m}[39m
[32m2025-07-20T19:22:03.629Z [INFO] Backtest Sell executed for TRUMPUSDT: 1.0000 at 10.15. Cash: 5000.15, Position: 0.0000, Profit: 0.05[39m
[32m2025-07-20T19:22:03.630Z [INFO] Equity updated {[39m
[32m  "totalCash": "5009.28",[39m
[32m  "positions": "{\"TRUMPUSDT\":0,\"BTCUSDT\":0.101033}",[39m
[32m  "equity": "10063.46"[39m
[32m}[39m
[32m2025-07-20T19:22:03.630Z [INFO] Backtest Buy executed for BTCUSDT: 0.1010 at 49874.93. Cash: 9.13, Position: 0.1010[39m
[32m2025-07-20T19:22:03.631Z [INFO] Equity updated {[39m
[32m  "totalCash": "10072.53",[39m
[32m  "positions": "{\"TRUMPUSDT\":0,\"BTCUSDT\":0}",[39m
[32m  "equity": "10072.53"[39m
[32m}[39m
[32m2025-07-20T19:22:03.631Z [INFO] Backtest Sell executed for BTCUSDT: 0.1010 at 50175.07. Cash: 5072.39, Position: 0.0000, Profit: 24.24[39m
[32m2025-07-20T19:22:03.632Z [INFO] Equity updated {[39m
[32m  "totalCash": "10062.40",[39m
[32m  "positions": "{\"TRUMPUSDT\":1,\"BTCUSDT\":0}",[39m
[32m  "equity": "10072.55"[39m
[32m}[39m
[32m2025-07-20T19:22:03.632Z [INFO] Backtest Buy executed for TRUMPUSDT: 1.0000 at 10.12. Cash: 4990.01, Position: 1.0000[39m
[32m2025-07-20T19:22:03.632Z [INFO] Equity updated {[39m
[32m  "totalCash": "10072.57",[39m
[32m  "positions": "{\"TRUMPUSDT\":0,\"BTCUSDT\":0}",[39m
[32m  "equity": "10072.57"[39m
[32m}[39m
[32m2025-07-20T19:22:03.633Z [INFO] Backtest Sell executed for TRUMPUSDT: 1.0000 at 10.18. Cash: 5000.18, Position: 0.0000, Profit: 0.05[39m
[32m2025-07-20T19:22:03.634Z [INFO] Equity updated {[39m
[32m  "totalCash": "5009.33",[39m
[32m  "positions": "{\"TRUMPUSDT\":0,\"BTCUSDT\":0.101387}",[39m
[32m  "equity": "10081.72"[39m
[32m}[39m
[32m2025-07-20T19:22:03.634Z [INFO] Backtest Buy executed for BTCUSDT: 0.1014 at 49879.91. Cash: 9.15, Position: 0.1014[39m
[32m2025-07-20T19:22:03.634Z [INFO] Equity updated {[39m
[32m  "totalCash": "10090.83",[39m
[32m  "positions": "{\"TRUMPUSDT\":0,\"BTCUSDT\":0}",[39m
[32m  "equity": "10090.83"[39m
[32m}[39m
[32m2025-07-20T19:22:03.635Z [INFO] Backtest Sell executed for BTCUSDT: 0.1014 at 50180.09. Cash: 5090.65, Position: 0.0000, Profit: 24.33[39m
[32m2025-07-20T19:22:03.643Z [INFO] Backtest completed with multi-symbol support {[39m
[32m  "metrics": {[39m
[32m    "TRUMPUSDT": {[39m
[32m      "totalProfit": 0.48,[39m
[32m      "tradeCount": 12,[39m
[32m      "winRate": 83.33,[39m
[32m      "profitFactor": null,[39m
[32m      "averageTradeProfit": 0.0404,[39m
[32m      "sharpeRatio": 2.236,[39m
[32m      "sortinoRatio": 0,[39m
[32m      "maxDrawdown": 0.9,[39m
[32m      "calmarRatio": 0,[39m
[32m      "totalVolumeTraded": 101[39m
[32m    },[39m
[32m    "BTCUSDT": {[39m
[32m      "totalProfit": 241.55,[39m
[32m      "tradeCount": 12,[39m
[32m      "winRate": 83.33,[39m
[32m      "profitFactor": null,[39m
[32m      "averageTradeProfit": 20.1294,[39m
[32m      "sharpeRatio": 2.2359,[39m
[32m      "sortinoRatio": 0,[39m
[32m      "maxDrawdown": 0.9,[39m
[32m      "calmarRatio": 0,[39m
[32m      "totalVolumeTraded": 50361.27[39m
[32m    },[39m
[32m    "aggregate": {[39m
[32m      "sharpeRatio": 2.23595,[39m
[32m      "sortinoRatio": 0,[39m
[32m      "maxDrawdown": 0.9,[39m
[32m      "winRate": 83.33,[39m
[32m      "profitFactor": null,[39m
[32m      "calmarRatio": 0,[39m
[32m      "totalProfit": 242.03,[39m
[32m      "finalEquity": 10090.832082399997,[39m
[32m      "totalTradeCount": 24,[39m
[32m      "averageTradeProfit": 10.084583333333333,[39m
[32m      "totalVolumeTraded": 50462.27[39m
[32m    }[39m
[32m  }[39m
[32m}[39m
[32m2025-07-20T19:22:28.794Z [INFO] Starting Gbotx Backtesting Module[39m
[32m2025-07-20T19:22:28.806Z [INFO] Strategy initialized with configuration: {[39m
[32m  "symbols": [[39m
[32m    "BTCUSDT",[39m
[32m    "ETHUSDT"[39m
[32m  ],[39m
[32m  "dataDirectory": "data"[39m
[32m}[39m
[32m2025-07-20T19:22:28.830Z [INFO] Loaded historical data for BTCUSDT from data/historical_prices_btcusdt.json[39m
[32m2025-07-20T19:22:28.834Z [INFO] Loaded historical data for ETHUSDT from data/historical_prices_ethusdt.json[39m
[32m2025-07-20T19:22:28.835Z [INFO] Starting backtest with 12 events across 2 symbols.[39m
[32m2025-07-20T19:22:28.839Z [INFO] Backtest completed with multi-symbol support {[39m
[32m  "metrics": {[39m
[32m    "BTCUSDT": {[39m
[32m      "totalProfit": 0,[39m
[32m      "tradeCount": 0,[39m
[32m      "winRate": 0,[39m
[32m      "profitFactor": null,[39m
[32m      "averageTradeProfit": 0,[39m
[32m      "sharpeRatio": 0,[39m
[32m      "sortinoRatio": 0,[39m
[32m      "maxDrawdown": 0,[39m
[32m      "calmarRatio": 0,[39m
[32m      "totalVolumeTraded": 0[39m
[32m    },[39m
[32m    "ETHUSDT": {[39m
[32m      "totalProfit": 0,[39m
[32m      "tradeCount": 0,[39m
[32m      "winRate": 0,[39m
[32m      "profitFactor": null,[39m
[32m      "averageTradeProfit": 0,[39m
[32m      "sharpeRatio": 0,[39m
[32m      "sortinoRatio": 0,[39m
[32m      "maxDrawdown": 0,[39m
[32m      "calmarRatio": 0,[39m
[32m      "totalVolumeTraded": 0[39m
[32m    },[39m
[32m    "aggregate": {[39m
[32m      "sharpeRatio": 0,[39m
[32m      "sortinoRatio": 0,[39m
[32m      "maxDrawdown": 0,[39m
[32m      "winRate": 0,[39m
[32m      "profitFactor": null,[39m
[32m      "calmarRatio": 0,[39m
[32m      "totalProfit": 0,[39m
[32m      "finalEquity": 10000,[39m
[32m      "totalTradeCount": 0,[39m
[32m      "averageTradeProfit": 0,[39m
[32m      "totalVolumeTraded": 0[39m
[32m    }[39m
[32m  },[39m
[32m  "finalEquity": 10000[39m
[32m}[39m
[32m2025-07-20T19:22:28.840Z [INFO] Backtest Results: {[39m
[32m  "metrics": {[39m
[32m    "BTCUSDT": {[39m
[32m      "totalProfit": 0,[39m
[32m      "tradeCount": 0,[39m
[32m      "winRate": 0,[39m
[32m      "profitFactor": null,[39m
[32m      "averageTradeProfit": 0,[39m
[32m      "sharpeRatio": 0,[39m
[32m      "sortinoRatio": 0,[39m
[32m      "maxDrawdown": 0,[39m
[32m      "calmarRatio": 0,[39m
[32m      "totalVolumeTraded": 0[39m
[32m    },[39m
[32m    "ETHUSDT": {[39m
[32m      "totalProfit": 0,[39m
[32m      "tradeCount": 0,[39m
[32m      "winRate": 0,[39m
[32m      "profitFactor": null,[39m
[32m      "averageTradeProfit": 0,[39m
[32m      "sharpeRatio": 0,[39m
[32m      "sortinoRatio": 0,[39m
[32m      "maxDrawdown": 0,[39m
[32m      "calmarRatio": 0,[39m
[32m      "totalVolumeTraded": 0[39m
[32m    },[39m
[32m    "aggregate": {[39m
[32m      "sharpeRatio": 0,[39m
[32m      "sortinoRatio": 0,[39m
[32m      "maxDrawdown": 0,[39m
[32m      "winRate": 0,[39m
[32m      "profitFactor": null,[39m
[32m      "calmarRatio": 0,[39m
[32m      "totalProfit": 0,[39m
[32m      "finalEquity": 10000,[39m
[32m      "totalTradeCount": 0,[39m
[32m      "averageTradeProfit": 0,[39m
[32m      "totalVolumeTraded": 0[39m
[32m    }[39m
[32m  }[39m
[32m}[39m
[32m2025-07-20T19:24:42.438Z [INFO] Loaded historical data for TRUMPUSDT from data/historical_prices_trumpusdt.json[39m
[32m2025-07-20T19:24:42.449Z [INFO] Loaded historical data for BTCUSDT from data/historical_prices_btcusdt.json[39m
[32m2025-07-20T19:24:42.452Z [INFO] Starting backtest with 12 events across 2 symbols.[39m
[33m2025-07-20T19:24:42.455Z [WARN] Zero stop-loss distance for TRUMPUSDT. Cannot calculate order size. {[39m
[33m  "symbol": "TRUMPUSDT",[39m
[33m  "currentPrice": 10,[39m
[33m  "volatility": 0[39m
[33m}[39m
[32m2025-07-20T19:24:42.458Z [INFO] Equity updated {[39m
[32m  "totalCash": "10000.00",[39m
[32m  "positions": "{\"TRUMPUSDT\":0,\"BTCUSDT\":0}",[39m
[32m  "equity": "10000.00"[39m
[32m}[39m
[32m2025-07-20T19:24:42.459Z [INFO] Backtest Buy executed for TRUMPUSDT: 0.0000 at 9.97. Cash: 5000.00, Position: 0.0000[39m
[32m2025-07-20T19:24:42.460Z [INFO] Equity updated {[39m
[32m  "totalCash": "10000.00",[39m
[32m  "positions": "{\"TRUMPUSDT\":0,\"BTCUSDT\":0}",[39m
[32m  "equity": "10000.00"[39m
[32m}[39m
[32m2025-07-20T19:24:42.461Z [INFO] Backtest Sell executed for TRUMPUSDT: 0.0000 at 10.03. Cash: 5000.00, Position: 0.0000, Profit: 0.00[39m
[33m2025-07-20T19:24:42.461Z [WARN] Zero stop-loss distance for BTCUSDT. Cannot calculate order size. {[39m
[33m  "symbol": "BTCUSDT",[39m
[33m  "currentPrice": 50000,[39m
[33m  "volatility": 0[39m
[33m}[39m
[32m2025-07-20T19:24:42.462Z [INFO] Equity updated {[39m
[32m  "totalCash": "10000.00",[39m
[32m  "positions": "{\"TRUMPUSDT\":0,\"BTCUSDT\":0}",[39m
[32m  "equity": "10000.00"[39m
[32m}[39m
[32m2025-07-20T19:24:42.463Z [INFO] Backtest Buy executed for BTCUSDT: 0.0000 at 49850.00. Cash: 5000.00, Position: 0.0000[39m
[32m2025-07-20T19:24:42.464Z [INFO] Equity updated {[39m
[32m  "totalCash": "10000.00",[39m
[32m  "positions": "{\"TRUMPUSDT\":0,\"BTCUSDT\":0}",[39m
[32m  "equity": "10000.00"[39m
[32m}[39m
[32m2025-07-20T19:24:42.464Z [INFO] Backtest Sell executed for BTCUSDT: 0.0000 at 50150.00. Cash: 5000.00, Position: 0.0000, Profit: 0.00[39m
[32m2025-07-20T19:24:42.466Z [INFO] Equity updated {[39m
[32m  "totalCash": "9989.97",[39m
[32m  "positions": "{\"TRUMPUSDT\":1,\"BTCUSDT\":0}",[39m
[32m  "equity": "10000.02"[39m
[32m}[39m
[32m2025-07-20T19:24:42.466Z [INFO] Backtest Buy executed for TRUMPUSDT: 1.0000 at 10.02. Cash: 4989.97, Position: 1.0000[39m
[32m2025-07-20T19:24:42.467Z [INFO] Equity updated {[39m
[32m  "totalCash": "10000.04",[39m
[32m  "positions": "{\"TRUMPUSDT\":0,\"BTCUSDT\":0}",[39m
[32m  "equity": "10000.04"[39m
[32m}[39m
[32m2025-07-20T19:24:42.467Z [INFO] Backtest Sell executed for TRUMPUSDT: 1.0000 at 10.08. Cash: 5000.04, Position: 0.0000, Profit: 0.05[39m
[32m2025-07-20T19:24:42.468Z [INFO] Equity updated {[39m
[32m  "totalCash": "5009.05",[39m
[32m  "positions": "{\"TRUMPUSDT\":0,\"BTCUSDT\":0.09998}",[39m
[32m  "equity": "10009.05"[39m
[32m}[39m
[32m2025-07-20T19:24:42.469Z [INFO] Backtest Buy executed for BTCUSDT: 0.1000 at 49859.97. Cash: 9.02, Position: 0.1000[39m
[32m2025-07-20T19:24:42.469Z [INFO] Equity updated {[39m
[32m  "totalCash": "10018.04",[39m
[32m  "positions": "{\"TRUMPUSDT\":0,\"BTCUSDT\":0}",[39m
[32m  "equity": "10018.04"[39m
[32m}[39m
[32m2025-07-20T19:24:42.469Z [INFO] Backtest Sell executed for BTCUSDT: 0.1000 at 50160.03. Cash: 5018.00, Position: 0.0000, Profit: 23.98[39m
[32m2025-07-20T19:24:42.470Z [INFO] Equity updated {[39m
[32m  "totalCash": "10007.95",[39m
[32m  "positions": "{\"TRUMPUSDT\":1,\"BTCUSDT\":0}",[39m
[32m  "equity": "10018.05"[39m
[32m}[39m
[32m2025-07-20T19:24:42.470Z [INFO] Backtest Buy executed for TRUMPUSDT: 1.0000 at 10.07. Cash: 4989.95, Position: 1.0000[39m
[32m2025-07-20T19:24:42.471Z [INFO] Equity updated {[39m
[32m  "totalCash": "10018.07",[39m
[32m  "positions": "{\"TRUMPUSDT\":0,\"BTCUSDT\":0}",[39m
[32m  "equity": "10018.07"[39m
[32m}[39m
[32m2025-07-20T19:24:42.471Z [INFO] Backtest Sell executed for TRUMPUSDT: 1.0000 at 10.13. Cash: 5000.07, Position: 0.0000, Profit: 0.05[39m
[32m2025-07-20T19:24:42.472Z [INFO] Equity updated {[39m
[32m  "totalCash": "5009.12",[39m
[32m  "positions": "{\"TRUMPUSDT\":0,\"BTCUSDT\":0.10032}",[39m
[32m  "equity": "10027.12"[39m
[32m}[39m
[32m2025-07-20T19:24:42.473Z [INFO] Backtest Buy executed for BTCUSDT: 0.1003 at 49869.94. Cash: 9.04, Position: 0.1003[39m
[32m2025-07-20T19:24:42.473Z [INFO] Equity updated {[39m
[32m  "totalCash": "10036.14",[39m
[32m  "positions": "{\"TRUMPUSDT\":0,\"BTCUSDT\":0}",[39m
[32m  "equity": "10036.14"[39m
[32m}[39m
[32m2025-07-20T19:24:42.473Z [INFO] Backtest Sell executed for BTCUSDT: 0.1003 at 50170.06. Cash: 5036.06, Position: 0.0000, Profit: 24.07[39m
[32m2025-07-20T19:24:42.474Z [INFO] Equity updated {[39m
[32m  "totalCash": "10026.08",[39m
[32m  "positions": "{\"TRUMPUSDT\":1,\"BTCUSDT\":0}",[39m
[32m  "equity": "10036.16"[39m
[32m}[39m
[32m2025-07-20T19:24:42.474Z [INFO] Backtest Buy executed for TRUMPUSDT: 1.0000 at 10.05. Cash: 4990.01, Position: 1.0000[39m
[32m2025-07-20T19:24:42.475Z [INFO] Equity updated {[39m
[32m  "totalCash": "10036.17",[39m
[32m  "positions": "{\"TRUMPUSDT\":0,\"BTCUSDT\":0}",[39m
[32m  "equity": "10036.17"[39m
[32m}[39m
[32m2025-07-20T19:24:42.475Z [INFO] Backtest Sell executed for TRUMPUSDT: 1.0000 at 10.11. Cash: 5000.11, Position: 0.0000, Profit: 0.05[39m
[32m2025-07-20T19:24:42.476Z [INFO] Equity updated {[39m
[32m  "totalCash": "5009.20",[39m
[32m  "positions": "{\"TRUMPUSDT\":0,\"BTCUSDT\":0.100691}",[39m
[32m  "equity": "10045.26"[39m
[32m}[39m
[32m2025-07-20T19:24:42.476Z [INFO] Backtest Buy executed for BTCUSDT: 0.1007 at 49864.96. Cash: 9.09, Position: 0.1007[39m
[32m2025-07-20T19:24:42.476Z [INFO] Equity updated {[39m
[32m  "totalCash": "10054.30",[39m
[32m  "positions": "{\"TRUMPUSDT\":0,\"BTCUSDT\":0}",[39m
[32m  "equity": "10054.30"[39m
[32m}[39m
[32m2025-07-20T19:24:42.477Z [INFO] Backtest Sell executed for BTCUSDT: 0.1007 at 50165.04. Cash: 5054.19, Position: 0.0000, Profit: 24.15[39m
[32m2025-07-20T19:24:42.478Z [INFO] Equity updated {[39m
[32m  "totalCash": "10044.20",[39m
[32m  "positions": "{\"TRUMPUSDT\":1,\"BTCUSDT\":0}",[39m
[32m  "equity": "10054.32"[39m
[32m}[39m
[32m2025-07-20T19:24:42.478Z [INFO] Backtest Buy executed for TRUMPUSDT: 1.0000 at 10.09. Cash: 4990.01, Position: 1.0000[39m
[32m2025-07-20T19:24:42.479Z [INFO] Equity updated {[39m
[32m  "totalCash": "10054.34",[39m
[32m  "positions": "{\"TRUMPUSDT\":0,\"BTCUSDT\":0}",[39m
[32m  "equity": "10054.34"[39m
[32m}[39m
[32m2025-07-20T19:24:42.479Z [INFO] Backtest Sell executed for TRUMPUSDT: 1.0000 at 10.15. Cash: 5000.15, Position: 0.0000, Profit: 0.05[39m
[32m2025-07-20T19:24:42.480Z [INFO] Equity updated {[39m
[32m  "totalCash": "5009.28",[39m
[32m  "positions": "{\"TRUMPUSDT\":0,\"BTCUSDT\":0.101033}",[39m
[32m  "equity": "10063.46"[39m
[32m}[39m
[32m2025-07-20T19:24:42.480Z [INFO] Backtest Buy executed for BTCUSDT: 0.1010 at 49874.93. Cash: 9.13, Position: 0.1010[39m
[32m2025-07-20T19:24:42.480Z [INFO] Equity updated {[39m
[32m  "totalCash": "10072.53",[39m
[32m  "positions": "{\"TRUMPUSDT\":0,\"BTCUSDT\":0}",[39m
[32m  "equity": "10072.53"[39m
[32m}[39m
[32m2025-07-20T19:24:42.481Z [INFO] Backtest Sell executed for BTCUSDT: 0.1010 at 50175.07. Cash: 5072.39, Position: 0.0000, Profit: 24.24[39m
[32m2025-07-20T19:24:42.482Z [INFO] Equity updated {[39m
[32m  "totalCash": "10062.40",[39m
[32m  "positions": "{\"TRUMPUSDT\":1,\"BTCUSDT\":0}",[39m
[32m  "equity": "10072.55"[39m
[32m}[39m
[32m2025-07-20T19:24:42.482Z [INFO] Backtest Buy executed for TRUMPUSDT: 1.0000 at 10.12. Cash: 4990.01, Position: 1.0000[39m
[32m2025-07-20T19:24:42.482Z [INFO] Equity updated {[39m
[32m  "totalCash": "10072.57",[39m
[32m  "positions": "{\"TRUMPUSDT\":0,\"BTCUSDT\":0}",[39m
[32m  "equity": "10072.57"[39m
[32m}[39m
[32m2025-07-20T19:24:42.483Z [INFO] Backtest Sell executed for TRUMPUSDT: 1.0000 at 10.18. Cash: 5000.18, Position: 0.0000, Profit: 0.05[39m
[32m2025-07-20T19:24:42.484Z [INFO] Equity updated {[39m
[32m  "totalCash": "5009.33",[39m
[32m  "positions": "{\"TRUMPUSDT\":0,\"BTCUSDT\":0.101387}",[39m
[32m  "equity": "10081.72"[39m
[32m}[39m
[32m2025-07-20T19:24:42.484Z [INFO] Backtest Buy executed for BTCUSDT: 0.1014 at 49879.91. Cash: 9.15, Position: 0.1014[39m
[32m2025-07-20T19:24:42.485Z [INFO] Equity updated {[39m
[32m  "totalCash": "10090.83",[39m
[32m  "positions": "{\"TRUMPUSDT\":0,\"BTCUSDT\":0}",[39m
[32m  "equity": "10090.83"[39m
[32m}[39m
[32m2025-07-20T19:24:42.485Z [INFO] Backtest Sell executed for BTCUSDT: 0.1014 at 50180.09. Cash: 5090.65, Position: 0.0000, Profit: 24.33[39m
[32m2025-07-20T19:24:42.489Z [INFO] Backtest completed with multi-symbol support {[39m
[32m  "metrics": {[39m
[32m    "TRUMPUSDT": {[39m
[32m      "totalProfit": 0.48,[39m
[32m      "tradeCount": 12,[39m
[32m      "winRate": 83.33,[39m
[32m      "profitFactor": null,[39m
[32m      "averageTradeProfit": 0.0404,[39m
[32m      "sharpeRatio": 2.236,[39m
[32m      "sortinoRatio": 0,[39m
[32m      "maxDrawdown": 0.9,[39m
[32m      "calmarRatio": 0,[39m
[32m      "totalVolumeTraded": 101[39m
[32m    },[39m
[32m    "BTCUSDT": {[39m
[32m      "totalProfit": 241.55,[39m
[32m      "tradeCount": 12,[39m
[32m      "winRate": 83.33,[39m
[32m      "profitFactor": null,[39m
[32m      "averageTradeProfit": 20.1294,[39m
[32m      "sharpeRatio": 2.2359,[39m
[32m      "sortinoRatio": 0,[39m
[32m      "maxDrawdown": 0.9,[39m
[32m      "calmarRatio": 0,[39m
[32m      "totalVolumeTraded": 50361.27[39m
[32m    },[39m
[32m    "aggregate": {[39m
[32m      "sharpeRatio": 2.23595,[39m
[32m      "sortinoRatio": 0,[39m
[32m      "maxDrawdown": 0.9,[39m
[32m      "winRate": 83.33,[39m
[32m      "profitFactor": null,[39m
[32m      "calmarRatio": 0,[39m
[32m      "totalProfit": 242.03,[39m
[32m      "finalEquity": 10090.832082399997,[39m
[32m      "totalTradeCount": 24,[39m
[32m      "averageTradeProfit": 10.084583333333333,[39m
[32m      "totalVolumeTraded": 50462.27[39m
[32m    }[39m
[32m  }[39m
[32m}[39m
[32m2025-07-20T19:25:37.704Z [INFO] Loaded historical data for TRUMPUSDT from data/historical_prices_trumpusdt.json[39m
[32m2025-07-20T19:25:37.716Z [INFO] Loaded historical data for BTCUSDT from data/historical_prices_btcusdt.json[39m
[32m2025-07-20T19:25:37.718Z [INFO] Starting backtest with 12 events across 2 symbols.[39m
[33m2025-07-20T19:25:37.721Z [WARN] Zero stop-loss distance for TRUMPUSDT. Cannot calculate order size. {[39m
[33m  "symbol": "TRUMPUSDT",[39m
[33m  "currentPrice": 10,[39m
[33m  "volatility": 0[39m
[33m}[39m
[32m2025-07-20T19:25:37.725Z [INFO] Equity updated {[39m
[32m  "totalCash": "10000.00",[39m
[32m  "positions": "{\"TRUMPUSDT\":0,\"BTCUSDT\":0}",[39m
[32m  "equity": "10000.00"[39m
[32m}[39m
[32m2025-07-20T19:25:37.726Z [INFO] Backtest Buy executed for TRUMPUSDT: 0.0000 at 9.97. Cash: 5000.00, Position: 0.0000[39m
[32m2025-07-20T19:25:37.727Z [INFO] Equity updated {[39m
[32m  "totalCash": "10000.00",[39m
[32m  "positions": "{\"TRUMPUSDT\":0,\"BTCUSDT\":0}",[39m
[32m  "equity": "10000.00"[39m
[32m}[39m
[32m2025-07-20T19:25:37.728Z [INFO] Backtest Sell executed for TRUMPUSDT: 0.0000 at 10.03. Cash: 5000.00, Position: 0.0000, Profit: 0.00[39m
[33m2025-07-20T19:25:37.731Z [WARN] Zero stop-loss distance for BTCUSDT. Cannot calculate order size. {[39m
[33m  "symbol": "BTCUSDT",[39m
[33m  "currentPrice": 50000,[39m
[33m  "volatility": 0[39m
[33m}[39m
[32m2025-07-20T19:25:37.735Z [INFO] Equity updated {[39m
[32m  "totalCash": "10000.00",[39m
[32m  "positions": "{\"TRUMPUSDT\":0,\"BTCUSDT\":0}",[39m
[32m  "equity": "10000.00"[39m
[32m}[39m
[32m2025-07-20T19:25:37.738Z [INFO] Backtest Buy executed for BTCUSDT: 0.0000 at 49850.00. Cash: 5000.00, Position: 0.0000[39m
[32m2025-07-20T19:25:37.739Z [INFO] Equity updated {[39m
[32m  "totalCash": "10000.00",[39m
[32m  "positions": "{\"TRUMPUSDT\":0,\"BTCUSDT\":0}",[39m
[32m  "equity": "10000.00"[39m
[32m}[39m
[32m2025-07-20T19:25:37.740Z [INFO] Backtest Sell executed for BTCUSDT: 0.0000 at 50150.00. Cash: 5000.00, Position: 0.0000, Profit: 0.00[39m
[32m2025-07-20T19:25:37.742Z [INFO] Equity updated {[39m
[32m  "totalCash": "9989.97",[39m
[32m  "positions": "{\"TRUMPUSDT\":1,\"BTCUSDT\":0}",[39m
[32m  "equity": "10000.02"[39m
[32m}[39m
[32m2025-07-20T19:25:37.743Z [INFO] Backtest Buy executed for TRUMPUSDT: 1.0000 at 10.02. Cash: 4989.97, Position: 1.0000[39m
[32m2025-07-20T19:25:37.743Z [INFO] Equity updated {[39m
[32m  "totalCash": "10000.04",[39m
[32m  "positions": "{\"TRUMPUSDT\":0,\"BTCUSDT\":0}",[39m
[32m  "equity": "10000.04"[39m
[32m}[39m
[32m2025-07-20T19:25:37.743Z [INFO] Backtest Sell executed for TRUMPUSDT: 1.0000 at 10.08. Cash: 5000.04, Position: 0.0000, Profit: 0.05[39m
[32m2025-07-20T19:25:37.745Z [INFO] Equity updated {[39m
[32m  "totalCash": "5009.05",[39m
[32m  "positions": "{\"TRUMPUSDT\":0,\"BTCUSDT\":0.09998}",[39m
[32m  "equity": "10009.05"[39m
[32m}[39m
[32m2025-07-20T19:25:37.745Z [INFO] Backtest Buy executed for BTCUSDT: 0.1000 at 49859.97. Cash: 9.02, Position: 0.1000[39m
[32m2025-07-20T19:25:37.745Z [INFO] Equity updated {[39m
[32m  "totalCash": "10018.04",[39m
[32m  "positions": "{\"TRUMPUSDT\":0,\"BTCUSDT\":0}",[39m
[32m  "equity": "10018.04"[39m
[32m}[39m
[32m2025-07-20T19:25:37.746Z [INFO] Backtest Sell executed for BTCUSDT: 0.1000 at 50160.03. Cash: 5018.00, Position: 0.0000, Profit: 23.98[39m
[32m2025-07-20T19:25:37.746Z [INFO] Equity updated {[39m
[32m  "totalCash": "10007.95",[39m
[32m  "positions": "{\"TRUMPUSDT\":1,\"BTCUSDT\":0}",[39m
[32m  "equity": "10018.05"[39m
[32m}[39m
[32m2025-07-20T19:25:37.747Z [INFO] Backtest Buy executed for TRUMPUSDT: 1.0000 at 10.07. Cash: 4989.95, Position: 1.0000[39m
[32m2025-07-20T19:25:37.748Z [INFO] Equity updated {[39m
[32m  "totalCash": "10018.07",[39m
[32m  "positions": "{\"TRUMPUSDT\":0,\"BTCUSDT\":0}",[39m
[32m  "equity": "10018.07"[39m
[32m}[39m
[32m2025-07-20T19:25:37.749Z [INFO] Backtest Sell executed for TRUMPUSDT: 1.0000 at 10.13. Cash: 5000.07, Position: 0.0000, Profit: 0.05[39m
[32m2025-07-20T19:25:37.759Z [INFO] Equity updated {[39m
[32m  "totalCash": "5009.12",[39m
[32m  "positions": "{\"TRUMPUSDT\":0,\"BTCUSDT\":0.10032}",[39m
[32m  "equity": "10027.12"[39m
[32m}[39m
[32m2025-07-20T19:25:37.761Z [INFO] Backtest Buy executed for BTCUSDT: 0.1003 at 49869.94. Cash: 9.04, Position: 0.1003[39m
[32m2025-07-20T19:25:37.763Z [INFO] Equity updated {[39m
[32m  "totalCash": "10036.14",[39m
[32m  "positions": "{\"TRUMPUSDT\":0,\"BTCUSDT\":0}",[39m
[32m  "equity": "10036.14"[39m
[32m}[39m
[32m2025-07-20T19:25:37.764Z [INFO] Backtest Sell executed for BTCUSDT: 0.1003 at 50170.06. Cash: 5036.06, Position: 0.0000, Profit: 24.07[39m
[32m2025-07-20T19:25:37.766Z [INFO] Equity updated {[39m
[32m  "totalCash": "10026.08",[39m
[32m  "positions": "{\"TRUMPUSDT\":1,\"BTCUSDT\":0}",[39m
[32m  "equity": "10036.16"[39m
[32m}[39m
[32m2025-07-20T19:25:37.766Z [INFO] Backtest Buy executed for TRUMPUSDT: 1.0000 at 10.05. Cash: 4990.01, Position: 1.0000[39m
[32m2025-07-20T19:25:37.766Z [INFO] Equity updated {[39m
[32m  "totalCash": "10036.17",[39m
[32m  "positions": "{\"TRUMPUSDT\":0,\"BTCUSDT\":0}",[39m
[32m  "equity": "10036.17"[39m
[32m}[39m
[32m2025-07-20T19:25:37.767Z [INFO] Backtest Sell executed for TRUMPUSDT: 1.0000 at 10.11. Cash: 5000.11, Position: 0.0000, Profit: 0.05[39m
[32m2025-07-20T19:25:37.767Z [INFO] Equity updated {[39m
[32m  "totalCash": "5009.20",[39m
[32m  "positions": "{\"TRUMPUSDT\":0,\"BTCUSDT\":0.100691}",[39m
[32m  "equity": "10045.26"[39m
[32m}[39m
[32m2025-07-20T19:25:37.768Z [INFO] Backtest Buy executed for BTCUSDT: 0.1007 at 49864.96. Cash: 9.09, Position: 0.1007[39m
[32m2025-07-20T19:25:37.768Z [INFO] Equity updated {[39m
[32m  "totalCash": "10054.30",[39m
[32m  "positions": "{\"TRUMPUSDT\":0,\"BTCUSDT\":0}",[39m
[32m  "equity": "10054.30"[39m
[32m}[39m
[32m2025-07-20T19:25:37.769Z [INFO] Backtest Sell executed for BTCUSDT: 0.1007 at 50165.04. Cash: 5054.19, Position: 0.0000, Profit: 24.15[39m
[32m2025-07-20T19:25:37.770Z [INFO] Equity updated {[39m
[32m  "totalCash": "10044.20",[39m
[32m  "positions": "{\"TRUMPUSDT\":1,\"BTCUSDT\":0}",[39m
[32m  "equity": "10054.32"[39m
[32m}[39m
[32m2025-07-20T19:25:37.770Z [INFO] Backtest Buy executed for TRUMPUSDT: 1.0000 at 10.09. Cash: 4990.01, Position: 1.0000[39m
[32m2025-07-20T19:25:37.770Z [INFO] Equity updated {[39m
[32m  "totalCash": "10054.34",[39m
[32m  "positions": "{\"TRUMPUSDT\":0,\"BTCUSDT\":0}",[39m
[32m  "equity": "10054.34"[39m
[32m}[39m
[32m2025-07-20T19:25:37.771Z [INFO] Backtest Sell executed for TRUMPUSDT: 1.0000 at 10.15. Cash: 5000.15, Position: 0.0000, Profit: 0.05[39m
[32m2025-07-20T19:25:37.772Z [INFO] Equity updated {[39m
[32m  "totalCash": "5009.28",[39m
[32m  "positions": "{\"TRUMPUSDT\":0,\"BTCUSDT\":0.101033}",[39m
[32m  "equity": "10063.46"[39m
[32m}[39m
[32m2025-07-20T19:25:37.772Z [INFO] Backtest Buy executed for BTCUSDT: 0.1010 at 49874.93. Cash: 9.13, Position: 0.1010[39m
[32m2025-07-20T19:25:37.772Z [INFO] Equity updated {[39m
[32m  "totalCash": "10072.53",[39m
[32m  "positions": "{\"TRUMPUSDT\":0,\"BTCUSDT\":0}",[39m
[32m  "equity": "10072.53"[39m
[32m}[39m
[32m2025-07-20T19:25:37.773Z [INFO] Backtest Sell executed for BTCUSDT: 0.1010 at 50175.07. Cash: 5072.39, Position: 0.0000, Profit: 24.24[39m
[32m2025-07-20T19:25:37.773Z [INFO] Equity updated {[39m
[32m  "totalCash": "10062.40",[39m
[32m  "positions": "{\"TRUMPUSDT\":1,\"BTCUSDT\":0}",[39m
[32m  "equity": "10072.55"[39m
[32m}[39m
[32m2025-07-20T19:25:37.774Z [INFO] Backtest Buy executed for TRUMPUSDT: 1.0000 at 10.12. Cash: 4990.01, Position: 1.0000[39m
[32m2025-07-20T19:25:37.774Z [INFO] Equity updated {[39m
[32m  "totalCash": "10072.57",[39m
[32m  "positions": "{\"TRUMPUSDT\":0,\"BTCUSDT\":0}",[39m
[32m  "equity": "10072.57"[39m
[32m}[39m
[32m2025-07-20T19:25:37.774Z [INFO] Backtest Sell executed for TRUMPUSDT: 1.0000 at 10.18. Cash: 5000.18, Position: 0.0000, Profit: 0.05[39m
[32m2025-07-20T19:25:37.775Z [INFO] Equity updated {[39m
[32m  "totalCash": "5009.33",[39m
[32m  "positions": "{\"TRUMPUSDT\":0,\"BTCUSDT\":0.101387}",[39m
[32m  "equity": "10081.72"[39m
[32m}[39m
[32m2025-07-20T19:25:37.776Z [INFO] Backtest Buy executed for BTCUSDT: 0.1014 at 49879.91. Cash: 9.15, Position: 0.1014[39m
[32m2025-07-20T19:25:37.776Z [INFO] Equity updated {[39m
[32m  "totalCash": "10090.83",[39m
[32m  "positions": "{\"TRUMPUSDT\":0,\"BTCUSDT\":0}",[39m
[32m  "equity": "10090.83"[39m
[32m}[39m
[32m2025-07-20T19:25:37.776Z [INFO] Backtest Sell executed for BTCUSDT: 0.1014 at 50180.09. Cash: 5090.65, Position: 0.0000, Profit: 24.33[39m
[32m2025-07-20T19:25:37.781Z [INFO] Backtest completed with multi-symbol support {[39m
[32m  "metrics": {[39m
[32m    "TRUMPUSDT": {[39m
[32m      "totalProfit": 0.48,[39m
[32m      "tradeCount": 12,[39m
[32m      "winRate": 83.33,[39m
[32m      "profitFactor": null,[39m
[32m      "averageTradeProfit": 0.0404,[39m
[32m      "sharpeRatio": 2.236,[39m
[32m      "sortinoRatio": 0,[39m
[32m      "maxDrawdown": 0.9,[39m
[32m      "calmarRatio": 0,[39m
[32m      "totalVolumeTraded": 101[39m
[32m    },[39m
[32m    "BTCUSDT": {[39m
[32m      "totalProfit": 241.55,[39m
[32m      "tradeCount": 12,[39m
[32m      "winRate": 83.33,[39m
[32m      "profitFactor": null,[39m
[32m      "averageTradeProfit": 20.1294,[39m
[32m      "sharpeRatio": 2.2359,[39m
[32m      "sortinoRatio": 0,[39m
[32m      "maxDrawdown": 0.9,[39m
[32m      "calmarRatio": 0,[39m
[32m      "totalVolumeTraded": 50361.27[39m
[32m    },[39m
[32m    "aggregate": {[39m
[32m      "sharpeRatio": 2.23595,[39m
[32m      "sortinoRatio": 0,[39m
[32m      "maxDrawdown": 0.9,[39m
[32m      "winRate": 83.33,[39m
[32m      "profitFactor": null,[39m
[32m      "calmarRatio": 0,[39m
[32m      "totalProfit": 242.03,[39m
[32m      "finalEquity": 10090.832082399997,[39m
[32m      "totalTradeCount": 24,[39m
[32m      "averageTradeProfit": 10.084583333333333,[39m
[32m      "totalVolumeTraded": 50462.27[39m
[32m    }[39m
[32m  }[39m
[32m}[39m
[32m2025-07-20T19:26:48.435Z [INFO] Loaded historical data for TRUMPUSDT from data/historical_prices_trumpusdt.json[39m
[32m2025-07-20T19:26:48.453Z [INFO] Loaded historical data for BTCUSDT from data/historical_prices_btcusdt.json[39m
[32m2025-07-20T19:26:48.455Z [INFO] Starting backtest with 12 events across 2 symbols.[39m
[33m2025-07-20T19:26:48.458Z [WARN] Zero stop-loss distance for TRUMPUSDT. Cannot calculate order size. {[39m
[33m  "symbol": "TRUMPUSDT",[39m
[33m  "currentPrice": 10,[39m
[33m  "volatility": 0[39m
[33m}[39m
[32m2025-07-20T19:26:48.462Z [INFO] Equity updated {[39m
[32m  "totalCash": "10000.00",[39m
[32m  "positions": "{\"TRUMPUSDT\":0,\"BTCUSDT\":0}",[39m
[32m  "equity": "10000.00"[39m
[32m}[39m
[32m2025-07-20T19:26:48.463Z [INFO] Backtest Buy executed for TRUMPUSDT: 0.0000 at 9.97. Cash: 5000.00, Position: 0.0000[39m
[32m2025-07-20T19:26:48.464Z [INFO] Equity updated {[39m
[32m  "totalCash": "10000.00",[39m
[32m  "positions": "{\"TRUMPUSDT\":0,\"BTCUSDT\":0}",[39m
[32m  "equity": "10000.00"[39m
[32m}[39m
[32m2025-07-20T19:26:48.465Z [INFO] Backtest Sell executed for TRUMPUSDT: 0.0000 at 10.03. Cash: 5000.00, Position: 0.0000, Profit: 0.00[39m
[33m2025-07-20T19:26:48.466Z [WARN] Zero stop-loss distance for BTCUSDT. Cannot calculate order size. {[39m
[33m  "symbol": "BTCUSDT",[39m
[33m  "currentPrice": 50000,[39m
[33m  "volatility": 0[39m
[33m}[39m
[32m2025-07-20T19:26:48.467Z [INFO] Equity updated {[39m
[32m  "totalCash": "10000.00",[39m
[32m  "positions": "{\"TRUMPUSDT\":0,\"BTCUSDT\":0}",[39m
[32m  "equity": "10000.00"[39m
[32m}[39m
[32m2025-07-20T19:26:48.469Z [INFO] Backtest Buy executed for BTCUSDT: 0.0000 at 49850.00. Cash: 5000.00, Position: 0.0000[39m
[32m2025-07-20T19:26:48.469Z [INFO] Equity updated {[39m
[32m  "totalCash": "10000.00",[39m
[32m  "positions": "{\"TRUMPUSDT\":0,\"BTCUSDT\":0}",[39m
[32m  "equity": "10000.00"[39m
[32m}[39m
[32m2025-07-20T19:26:48.470Z [INFO] Backtest Sell executed for BTCUSDT: 0.0000 at 50150.00. Cash: 5000.00, Position: 0.0000, Profit: 0.00[39m
[32m2025-07-20T19:26:48.472Z [INFO] Equity updated {[39m
[32m  "totalCash": "9989.97",[39m
[32m  "positions": "{\"TRUMPUSDT\":1,\"BTCUSDT\":0}",[39m
[32m  "equity": "10000.02"[39m
[32m}[39m
[32m2025-07-20T19:26:48.472Z [INFO] Backtest Buy executed for TRUMPUSDT: 1.0000 at 10.02. Cash: 4989.97, Position: 1.0000[39m
[32m2025-07-20T19:26:48.473Z [INFO] Equity updated {[39m
[32m  "totalCash": "10000.04",[39m
[32m  "positions": "{\"TRUMPUSDT\":0,\"BTCUSDT\":0}",[39m
[32m  "equity": "10000.04"[39m
[32m}[39m
[32m2025-07-20T19:26:48.473Z [INFO] Backtest Sell executed for TRUMPUSDT: 1.0000 at 10.08. Cash: 5000.04, Position: 0.0000, Profit: 0.05[39m
[32m2025-07-20T19:26:48.474Z [INFO] Equity updated {[39m
[32m  "totalCash": "5009.05",[39m
[32m  "positions": "{\"TRUMPUSDT\":0,\"BTCUSDT\":0.09998}",[39m
[32m  "equity": "10009.05"[39m
[32m}[39m
[32m2025-07-20T19:26:48.475Z [INFO] Backtest Buy executed for BTCUSDT: 0.1000 at 49859.97. Cash: 9.02, Position: 0.1000[39m
[32m2025-07-20T19:26:48.475Z [INFO] Equity updated {[39m
[32m  "totalCash": "10018.04",[39m
[32m  "positions": "{\"TRUMPUSDT\":0,\"BTCUSDT\":0}",[39m
[32m  "equity": "10018.04"[39m
[32m}[39m
[32m2025-07-20T19:26:48.475Z [INFO] Backtest Sell executed for BTCUSDT: 0.1000 at 50160.03. Cash: 5018.00, Position: 0.0000, Profit: 23.98[39m
[32m2025-07-20T19:26:48.476Z [INFO] Equity updated {[39m
[32m  "totalCash": "10007.95",[39m
[32m  "positions": "{\"TRUMPUSDT\":1,\"BTCUSDT\":0}",[39m
[32m  "equity": "10018.05"[39m
[32m}[39m
[32m2025-07-20T19:26:48.477Z [INFO] Backtest Buy executed for TRUMPUSDT: 1.0000 at 10.07. Cash: 4989.95, Position: 1.0000[39m
[32m2025-07-20T19:26:48.477Z [INFO] Equity updated {[39m
[32m  "totalCash": "10018.07",[39m
[32m  "positions": "{\"TRUMPUSDT\":0,\"BTCUSDT\":0}",[39m
[32m  "equity": "10018.07"[39m
[32m}[39m
[32m2025-07-20T19:26:48.478Z [INFO] Backtest Sell executed for TRUMPUSDT: 1.0000 at 10.13. Cash: 5000.07, Position: 0.0000, Profit: 0.05[39m
[32m2025-07-20T19:26:48.478Z [INFO] Equity updated {[39m
[32m  "totalCash": "5009.12",[39m
[32m  "positions": "{\"TRUMPUSDT\":0,\"BTCUSDT\":0.10032}",[39m
[32m  "equity": "10027.12"[39m
[32m}[39m
[32m2025-07-20T19:26:48.479Z [INFO] Backtest Buy executed for BTCUSDT: 0.1003 at 49869.94. Cash: 9.04, Position: 0.1003[39m
[32m2025-07-20T19:26:48.479Z [INFO] Equity updated {[39m
[32m  "totalCash": "10036.14",[39m
[32m  "positions": "{\"TRUMPUSDT\":0,\"BTCUSDT\":0}",[39m
[32m  "equity": "10036.14"[39m
[32m}[39m
[32m2025-07-20T19:26:48.479Z [INFO] Backtest Sell executed for BTCUSDT: 0.1003 at 50170.06. Cash: 5036.06, Position: 0.0000, Profit: 24.07[39m
[32m2025-07-20T19:26:48.480Z [INFO] Equity updated {[39m
[32m  "totalCash": "10026.08",[39m
[32m  "positions": "{\"TRUMPUSDT\":1,\"BTCUSDT\":0}",[39m
[32m  "equity": "10036.16"[39m
[32m}[39m
[32m2025-07-20T19:26:48.480Z [INFO] Backtest Buy executed for TRUMPUSDT: 1.0000 at 10.05. Cash: 4990.01, Position: 1.0000[39m
[32m2025-07-20T19:26:48.481Z [INFO] Equity updated {[39m
[32m  "totalCash": "10036.17",[39m
[32m  "positions": "{\"TRUMPUSDT\":0,\"BTCUSDT\":0}",[39m
[32m  "equity": "10036.17"[39m
[32m}[39m
[32m2025-07-20T19:26:48.481Z [INFO] Backtest Sell executed for TRUMPUSDT: 1.0000 at 10.11. Cash: 5000.11, Position: 0.0000, Profit: 0.05[39m
[32m2025-07-20T19:26:48.481Z [INFO] Equity updated {[39m
[32m  "totalCash": "5009.20",[39m
[32m  "positions": "{\"TRUMPUSDT\":0,\"BTCUSDT\":0.100691}",[39m
[32m  "equity": "10045.26"[39m
[32m}[39m
[32m2025-07-20T19:26:48.482Z [INFO] Backtest Buy executed for BTCUSDT: 0.1007 at 49864.96. Cash: 9.09, Position: 0.1007[39m
[32m2025-07-20T19:26:48.482Z [INFO] Equity updated {[39m
[32m  "totalCash": "10054.30",[39m
[32m  "positions": "{\"TRUMPUSDT\":0,\"BTCUSDT\":0}",[39m
[32m  "equity": "10054.30"[39m
[32m}[39m
[32m2025-07-20T19:26:48.482Z [INFO] Backtest Sell executed for BTCUSDT: 0.1007 at 50165.04. Cash: 5054.19, Position: 0.0000, Profit: 24.15[39m
[32m2025-07-20T19:26:48.483Z [INFO] Equity updated {[39m
[32m  "totalCash": "10044.20",[39m
[32m  "positions": "{\"TRUMPUSDT\":1,\"BTCUSDT\":0}",[39m
[32m  "equity": "10054.32"[39m
[32m}[39m
[32m2025-07-20T19:26:48.484Z [INFO] Backtest Buy executed for TRUMPUSDT: 1.0000 at 10.09. Cash: 4990.01, Position: 1.0000[39m
[32m2025-07-20T19:26:48.484Z [INFO] Equity updated {[39m
[32m  "totalCash": "10054.34",[39m
[32m  "positions": "{\"TRUMPUSDT\":0,\"BTCUSDT\":0}",[39m
[32m  "equity": "10054.34"[39m
[32m}[39m
[32m2025-07-20T19:26:48.485Z [INFO] Backtest Sell executed for TRUMPUSDT: 1.0000 at 10.15. Cash: 5000.15, Position: 0.0000, Profit: 0.05[39m
[32m2025-07-20T19:26:48.485Z [INFO] Equity updated {[39m
[32m  "totalCash": "5009.28",[39m
[32m  "positions": "{\"TRUMPUSDT\":0,\"BTCUSDT\":0.101033}",[39m
[32m  "equity": "10063.46"[39m
[32m}[39m
[32m2025-07-20T19:26:48.486Z [INFO] Backtest Buy executed for BTCUSDT: 0.1010 at 49874.93. Cash: 9.13, Position: 0.1010[39m
[32m2025-07-20T19:26:48.486Z [INFO] Equity updated {[39m
[32m  "totalCash": "10072.53",[39m
[32m  "positions": "{\"TRUMPUSDT\":0,\"BTCUSDT\":0}",[39m
[32m  "equity": "10072.53"[39m
[32m}[39m
[32m2025-07-20T19:26:48.486Z [INFO] Backtest Sell executed for BTCUSDT: 0.1010 at 50175.07. Cash: 5072.39, Position: 0.0000, Profit: 24.24[39m
[32m2025-07-20T19:26:48.487Z [INFO] Equity updated {[39m
[32m  "totalCash": "10062.40",[39m
[32m  "positions": "{\"TRUMPUSDT\":1,\"BTCUSDT\":0}",[39m
[32m  "equity": "10072.55"[39m
[32m}[39m
[32m2025-07-20T19:26:48.487Z [INFO] Backtest Buy executed for TRUMPUSDT: 1.0000 at 10.12. Cash: 4990.01, Position: 1.0000[39m
[32m2025-07-20T19:26:48.488Z [INFO] Equity updated {[39m
[32m  "totalCash": "10072.57",[39m
[32m  "positions": "{\"TRUMPUSDT\":0,\"BTCUSDT\":0}",[39m
[32m  "equity": "10072.57"[39m
[32m}[39m
[32m2025-07-20T19:26:48.488Z [INFO] Backtest Sell executed for TRUMPUSDT: 1.0000 at 10.18. Cash: 5000.18, Position: 0.0000, Profit: 0.05[39m
[32m2025-07-20T19:26:48.489Z [INFO] Equity updated {[39m
[32m  "totalCash": "5009.33",[39m
[32m  "positions": "{\"TRUMPUSDT\":0,\"BTCUSDT\":0.101387}",[39m
[32m  "equity": "10081.72"[39m
[32m}[39m
[32m2025-07-20T19:26:48.489Z [INFO] Backtest Buy executed for BTCUSDT: 0.1014 at 49879.91. Cash: 9.15, Position: 0.1014[39m
[32m2025-07-20T19:26:48.490Z [INFO] Equity updated {[39m
[32m  "totalCash": "10090.83",[39m
[32m  "positions": "{\"TRUMPUSDT\":0,\"BTCUSDT\":0}",[39m
[32m  "equity": "10090.83"[39m
[32m}[39m
[32m2025-07-20T19:26:48.490Z [INFO] Backtest Sell executed for BTCUSDT: 0.1014 at 50180.09. Cash: 5090.65, Position: 0.0000, Profit: 24.33[39m
[32m2025-07-20T19:26:48.494Z [INFO] Backtest completed with multi-symbol support {[39m
[32m  "metrics": {[39m
[32m    "TRUMPUSDT": {[39m
[32m      "totalProfit": 0.48,[39m
[32m      "tradeCount": 12,[39m
[32m      "winRate": 83.33,[39m
[32m      "profitFactor": null,[39m
[32m      "averageTradeProfit": 0.0404,[39m
[32m      "sharpeRatio": 2.236,[39m
[32m      "sortinoRatio": 0,[39m
[32m      "maxDrawdown": 0.9,[39m
[32m      "calmarRatio": 0,[39m
[32m      "totalVolumeTraded": 101[39m
[32m    },[39m
[32m    "BTCUSDT": {[39m
[32m      "totalProfit": 241.55,[39m
[32m      "tradeCount": 12,[39m
[32m      "winRate": 83.33,[39m
[32m      "profitFactor": null,[39m
[32m      "averageTradeProfit": 20.1294,[39m
[32m      "sharpeRatio": 2.2359,[39m
[32m      "sortinoRatio": 0,[39m
[32m      "maxDrawdown": 0.9,[39m
[32m      "calmarRatio": 0,[39m
[32m      "totalVolumeTraded": 50361.27[39m
[32m    },[39m
[32m    "aggregate": {[39m
[32m      "sharpeRatio": 2.23595,[39m
[32m      "sortinoRatio": 0,[39m
[32m      "maxDrawdown": 0.9,[39m
[32m      "winRate": 83.33,[39m
[32m      "profitFactor": null,[39m
[32m      "calmarRatio": 0,[39m
[32m      "totalProfit": 242.03,[39m
[32m      "finalEquity": 10090.832082399997,[39m
[32m      "totalTradeCount": 24,[39m
[32m      "averageTradeProfit": 10.084583333333333,[39m
[32m      "totalVolumeTraded": 50462.27[39m
[32m    }[39m
[32m  }[39m
[32m}[39m
[32m2025-07-20T19:27:57.565Z [INFO] Loaded historical data for TRUMPUSDT from data/historical_prices_trumpusdt.json[39m
[32m2025-07-20T19:27:57.577Z [INFO] Loaded historical data for BTCUSDT from data/historical_prices_btcusdt.json[39m
[32m2025-07-20T19:27:57.579Z [INFO] Starting backtest with 12 events across 2 symbols.[39m
[33m2025-07-20T19:27:57.582Z [WARN] Zero stop-loss distance for TRUMPUSDT. Cannot calculate order size. {[39m
[33m  "symbol": "TRUMPUSDT",[39m
[33m  "currentPrice": 10,[39m
[33m  "volatility": 0[39m
[33m}[39m
[32m2025-07-20T19:27:57.586Z [INFO] Equity updated {[39m
[32m  "totalCash": "10000.00",[39m
[32m  "positions": "{\"TRUMPUSDT\":0,\"BTCUSDT\":0}",[39m
[32m  "equity": "10000.00"[39m
[32m}[39m
[32m2025-07-20T19:27:57.587Z [INFO] Backtest Buy executed for TRUMPUSDT: 0.0000 at 9.97. Cash: 5000.00, Position: 0.0000[39m
[32m2025-07-20T19:27:57.588Z [INFO] Equity updated {[39m
[32m  "totalCash": "10000.00",[39m
[32m  "positions": "{\"TRUMPUSDT\":0,\"BTCUSDT\":0}",[39m
[32m  "equity": "10000.00"[39m
[32m}[39m
[32m2025-07-20T19:27:57.588Z [INFO] Backtest Sell executed for TRUMPUSDT: 0.0000 at 10.03. Cash: 5000.00, Position: 0.0000, Profit: 0.00[39m
[33m2025-07-20T19:27:57.589Z [WARN] Zero stop-loss distance for BTCUSDT. Cannot calculate order size. {[39m
[33m  "symbol": "BTCUSDT",[39m
[33m  "currentPrice": 50000,[39m
[33m  "volatility": 0[39m
[33m}[39m
[32m2025-07-20T19:27:57.590Z [INFO] Equity updated {[39m
[32m  "totalCash": "10000.00",[39m
[32m  "positions": "{\"TRUMPUSDT\":0,\"BTCUSDT\":0}",[39m
[32m  "equity": "10000.00"[39m
[32m}[39m
[32m2025-07-20T19:27:57.591Z [INFO] Backtest Buy executed for BTCUSDT: 0.0000 at 49850.00. Cash: 5000.00, Position: 0.0000[39m
[32m2025-07-20T19:27:57.592Z [INFO] Equity updated {[39m
[32m  "totalCash": "10000.00",[39m
[32m  "positions": "{\"TRUMPUSDT\":0,\"BTCUSDT\":0}",[39m
[32m  "equity": "10000.00"[39m
[32m}[39m
[32m2025-07-20T19:27:57.592Z [INFO] Backtest Sell executed for BTCUSDT: 0.0000 at 50150.00. Cash: 5000.00, Position: 0.0000, Profit: 0.00[39m
[32m2025-07-20T19:27:57.594Z [INFO] Equity updated {[39m
[32m  "totalCash": "9989.97",[39m
[32m  "positions": "{\"TRUMPUSDT\":1,\"BTCUSDT\":0}",[39m
[32m  "equity": "10000.02"[39m
[32m}[39m
[32m2025-07-20T19:27:57.594Z [INFO] Backtest Buy executed for TRUMPUSDT: 1.0000 at 10.02. Cash: 4989.97, Position: 1.0000[39m
[32m2025-07-20T19:27:57.595Z [INFO] Equity updated {[39m
[32m  "totalCash": "10000.04",[39m
[32m  "positions": "{\"TRUMPUSDT\":0,\"BTCUSDT\":0}",[39m
[32m  "equity": "10000.04"[39m
[32m}[39m
[32m2025-07-20T19:27:57.595Z [INFO] Backtest Sell executed for TRUMPUSDT: 1.0000 at 10.08. Cash: 5000.04, Position: 0.0000, Profit: 0.05[39m
[32m2025-07-20T19:27:57.596Z [INFO] Equity updated {[39m
[32m  "totalCash": "5009.05",[39m
[32m  "positions": "{\"TRUMPUSDT\":0,\"BTCUSDT\":0.09998}",[39m
[32m  "equity": "10009.05"[39m
[32m}[39m
[32m2025-07-20T19:27:57.596Z [INFO] Backtest Buy executed for BTCUSDT: 0.1000 at 49859.97. Cash: 9.02, Position: 0.1000[39m
[32m2025-07-20T19:27:57.597Z [INFO] Equity updated {[39m
[32m  "totalCash": "10018.04",[39m
[32m  "positions": "{\"TRUMPUSDT\":0,\"BTCUSDT\":0}",[39m
[32m  "equity": "10018.04"[39m
[32m}[39m
[32m2025-07-20T19:27:57.597Z [INFO] Backtest Sell executed for BTCUSDT: 0.1000 at 50160.03. Cash: 5018.00, Position: 0.0000, Profit: 23.98[39m
[32m2025-07-20T19:27:57.598Z [INFO] Equity updated {[39m
[32m  "totalCash": "10007.95",[39m
[32m  "positions": "{\"TRUMPUSDT\":1,\"BTCUSDT\":0}",[39m
[32m  "equity": "10018.05"[39m
[32m}[39m
[32m2025-07-20T19:27:57.598Z [INFO] Backtest Buy executed for TRUMPUSDT: 1.0000 at 10.07. Cash: 4989.95, Position: 1.0000[39m
[32m2025-07-20T19:27:57.599Z [INFO] Equity updated {[39m
[32m  "totalCash": "10018.07",[39m
[32m  "positions": "{\"TRUMPUSDT\":0,\"BTCUSDT\":0}",[39m
[32m  "equity": "10018.07"[39m
[32m}[39m
[32m2025-07-20T19:27:57.599Z [INFO] Backtest Sell executed for TRUMPUSDT: 1.0000 at 10.13. Cash: 5000.07, Position: 0.0000, Profit: 0.05[39m
[32m2025-07-20T19:27:57.601Z [INFO] Equity updated {[39m
[32m  "totalCash": "5009.12",[39m
[32m  "positions": "{\"TRUMPUSDT\":0,\"BTCUSDT\":0.10032}",[39m
[32m  "equity": "10027.12"[39m
[32m}[39m
[32m2025-07-20T19:27:57.601Z [INFO] Backtest Buy executed for BTCUSDT: 0.1003 at 49869.94. Cash: 9.04, Position: 0.1003[39m
[32m2025-07-20T19:27:57.602Z [INFO] Equity updated {[39m
[32m  "totalCash": "10036.14",[39m
[32m  "positions": "{\"TRUMPUSDT\":0,\"BTCUSDT\":0}",[39m
[32m  "equity": "10036.14"[39m
[32m}[39m
[32m2025-07-20T19:27:57.602Z [INFO] Backtest Sell executed for BTCUSDT: 0.1003 at 50170.06. Cash: 5036.06, Position: 0.0000, Profit: 24.07[39m
[32m2025-07-20T19:27:57.603Z [INFO] Equity updated {[39m
[32m  "totalCash": "10026.08",[39m
[32m  "positions": "{\"TRUMPUSDT\":1,\"BTCUSDT\":0}",[39m
[32m  "equity": "10036.16"[39m
[32m}[39m
[32m2025-07-20T19:27:57.603Z [INFO] Backtest Buy executed for TRUMPUSDT: 1.0000 at 10.05. Cash: 4990.01, Position: 1.0000[39m
[32m2025-07-20T19:27:57.604Z [INFO] Equity updated {[39m
[32m  "totalCash": "10036.17",[39m
[32m  "positions": "{\"TRUMPUSDT\":0,\"BTCUSDT\":0}",[39m
[32m  "equity": "10036.17"[39m
[32m}[39m
[32m2025-07-20T19:27:57.604Z [INFO] Backtest Sell executed for TRUMPUSDT: 1.0000 at 10.11. Cash: 5000.11, Position: 0.0000, Profit: 0.05[39m
[32m2025-07-20T19:27:57.605Z [INFO] Equity updated {[39m
[32m  "totalCash": "5009.20",[39m
[32m  "positions": "{\"TRUMPUSDT\":0,\"BTCUSDT\":0.100691}",[39m
[32m  "equity": "10045.26"[39m
[32m}[39m
[32m2025-07-20T19:27:57.605Z [INFO] Backtest Buy executed for BTCUSDT: 0.1007 at 49864.96. Cash: 9.09, Position: 0.1007[39m
[32m2025-07-20T19:27:57.605Z [INFO] Equity updated {[39m
[32m  "totalCash": "10054.30",[39m
[32m  "positions": "{\"TRUMPUSDT\":0,\"BTCUSDT\":0}",[39m
[32m  "equity": "10054.30"[39m
[32m}[39m
[32m2025-07-20T19:27:57.606Z [INFO] Backtest Sell executed for BTCUSDT: 0.1007 at 50165.04. Cash: 5054.19, Position: 0.0000, Profit: 24.15[39m
[32m2025-07-20T19:27:57.606Z [INFO] Equity updated {[39m
[32m  "totalCash": "10044.20",[39m
[32m  "positions": "{\"TRUMPUSDT\":1,\"BTCUSDT\":0}",[39m
[32m  "equity": "10054.32"[39m
[32m}[39m
[32m2025-07-20T19:27:57.607Z [INFO] Backtest Buy executed for TRUMPUSDT: 1.0000 at 10.09. Cash: 4990.01, Position: 1.0000[39m
[32m2025-07-20T19:27:57.607Z [INFO] Equity updated {[39m
[32m  "totalCash": "10054.34",[39m
[32m  "positions": "{\"TRUMPUSDT\":0,\"BTCUSDT\":0}",[39m
[32m  "equity": "10054.34"[39m
[32m}[39m
[32m2025-07-20T19:27:57.607Z [INFO] Backtest Sell executed for TRUMPUSDT: 1.0000 at 10.15. Cash: 5000.15, Position: 0.0000, Profit: 0.05[39m
[32m2025-07-20T19:27:57.608Z [INFO] Equity updated {[39m
[32m  "totalCash": "5009.28",[39m
[32m  "positions": "{\"TRUMPUSDT\":0,\"BTCUSDT\":0.101033}",[39m
[32m  "equity": "10063.46"[39m
[32m}[39m
[32m2025-07-20T19:27:57.609Z [INFO] Backtest Buy executed for BTCUSDT: 0.1010 at 49874.93. Cash: 9.13, Position: 0.1010[39m
[32m2025-07-20T19:27:57.609Z [INFO] Equity updated {[39m
[32m  "totalCash": "10072.53",[39m
[32m  "positions": "{\"TRUMPUSDT\":0,\"BTCUSDT\":0}",[39m
[32m  "equity": "10072.53"[39m
[32m}[39m
[32m2025-07-20T19:27:57.609Z [INFO] Backtest Sell executed for BTCUSDT: 0.1010 at 50175.07. Cash: 5072.39, Position: 0.0000, Profit: 24.24[39m
[32m2025-07-20T19:27:57.610Z [INFO] Equity updated {[39m
[32m  "totalCash": "10062.40",[39m
[32m  "positions": "{\"TRUMPUSDT\":1,\"BTCUSDT\":0}",[39m
[32m  "equity": "10072.55"[39m
[32m}[39m
[32m2025-07-20T19:27:57.610Z [INFO] Backtest Buy executed for TRUMPUSDT: 1.0000 at 10.12. Cash: 4990.01, Position: 1.0000[39m
[32m2025-07-20T19:27:57.610Z [INFO] Equity updated {[39m
[32m  "totalCash": "10072.57",[39m
[32m  "positions": "{\"TRUMPUSDT\":0,\"BTCUSDT\":0}",[39m
[32m  "equity": "10072.57"[39m
[32m}[39m
[32m2025-07-20T19:27:57.611Z [INFO] Backtest Sell executed for TRUMPUSDT: 1.0000 at 10.18. Cash: 5000.18, Position: 0.0000, Profit: 0.05[39m
[32m2025-07-20T19:27:57.612Z [INFO] Equity updated {[39m
[32m  "totalCash": "5009.33",[39m
[32m  "positions": "{\"TRUMPUSDT\":0,\"BTCUSDT\":0.101387}",[39m
[32m  "equity": "10081.72"[39m
[32m}[39m
[32m2025-07-20T19:27:57.612Z [INFO] Backtest Buy executed for BTCUSDT: 0.1014 at 49879.91. Cash: 9.15, Position: 0.1014[39m
[32m2025-07-20T19:27:57.612Z [INFO] Equity updated {[39m
[32m  "totalCash": "10090.83",[39m
[32m  "positions": "{\"TRUMPUSDT\":0,\"BTCUSDT\":0}",[39m
[32m  "equity": "10090.83"[39m
[32m}[39m
[32m2025-07-20T19:27:57.613Z [INFO] Backtest Sell executed for BTCUSDT: 0.1014 at 50180.09. Cash: 5090.65, Position: 0.0000, Profit: 24.33[39m
[32m2025-07-20T19:27:57.616Z [INFO] Backtest completed with multi-symbol support {[39m
[32m  "metrics": {[39m
[32m    "TRUMPUSDT": {[39m
[32m      "totalProfit": 0.48,[39m
[32m      "tradeCount": 12,[39m
[32m      "winRate": 83.33,[39m
[32m      "profitFactor": null,[39m
[32m      "averageTradeProfit": 0.0404,[39m
[32m      "sharpeRatio": 2.236,[39m
[32m      "sortinoRatio": 0,[39m
[32m      "maxDrawdown": 0.9,[39m
[32m      "calmarRatio": 0,[39m
[32m      "totalVolumeTraded": 101[39m
[32m    },[39m
[32m    "BTCUSDT": {[39m
[32m      "totalProfit": 241.55,[39m
[32m      "tradeCount": 12,[39m
[32m      "winRate": 83.33,[39m
[32m      "profitFactor": null,[39m
[32m      "averageTradeProfit": 20.1294,[39m
[32m      "sharpeRatio": 2.2359,[39m
[32m      "sortinoRatio": 0,[39m
[32m      "maxDrawdown": 0.9,[39m
[32m      "calmarRatio": 0,[39m
[32m      "totalVolumeTraded": 50361.27[39m
[32m    },[39m
[32m    "aggregate": {[39m
[32m      "sharpeRatio": 2.23595,[39m
[32m      "sortinoRatio": 0,[39m
[32m      "maxDrawdown": 0.9,[39m
[32m      "winRate": 83.33,[39m
[32m      "profitFactor": null,[39m
[32m      "calmarRatio": 0,[39m
[32m      "totalProfit": 242.03,[39m
[32m      "finalEquity": 10090.832082399997,[39m
[32m      "totalTradeCount": 24,[39m
[32m      "averageTradeProfit": 10.084583333333333,[39m
[32m      "totalVolumeTraded": 50462.27[39m
[32m    }[39m
[32m  }[39m
[32m}[39m
[32m2025-07-20T19:33:15.169Z [INFO] Loaded historical data for TRUMPUSDT from data/historical_prices_trumpusdt.json[39m
[32m2025-07-20T19:33:15.183Z [INFO] Loaded historical data for BTCUSDT from data/historical_prices_btcusdt.json[39m
[32m2025-07-20T19:33:15.185Z [INFO] Starting backtest with 12 events across 2 symbols.[39m
[33m2025-07-20T19:33:15.189Z [WARN] Zero stop-loss distance for TRUMPUSDT. Cannot calculate order size. {[39m
[33m  "symbol": "TRUMPUSDT",[39m
[33m  "currentPrice": 10,[39m
[33m  "volatility": 0[39m
[33m}[39m
[32m2025-07-20T19:33:15.192Z [INFO] Equity updated {[39m
[32m  "totalCash": "10000.00",[39m
[32m  "positions": "{\"TRUMPUSDT\":0,\"BTCUSDT\":0}",[39m
[32m  "equity": "10000.00"[39m
[32m}[39m
[32m2025-07-20T19:33:15.193Z [INFO] Backtest Buy executed for TRUMPUSDT: 0.0000 at 9.97. Cash: 5000.00, Position: 0.0000[39m
[32m2025-07-20T19:33:15.194Z [INFO] Equity updated {[39m
[32m  "totalCash": "10000.00",[39m
[32m  "positions": "{\"TRUMPUSDT\":0,\"BTCUSDT\":0}",[39m
[32m  "equity": "10000.00"[39m
[32m}[39m
[32m2025-07-20T19:33:15.195Z [INFO] Backtest Sell executed for TRUMPUSDT: 0.0000 at 10.03. Cash: 5000.00, Position: 0.0000, Profit: 0.00[39m
[33m2025-07-20T19:33:15.196Z [WARN] Zero stop-loss distance for BTCUSDT. Cannot calculate order size. {[39m
[33m  "symbol": "BTCUSDT",[39m
[33m  "currentPrice": 50000,[39m
[33m  "volatility": 0[39m
[33m}[39m
[32m2025-07-20T19:33:15.197Z [INFO] Equity updated {[39m
[32m  "totalCash": "10000.00",[39m
[32m  "positions": "{\"TRUMPUSDT\":0,\"BTCUSDT\":0}",[39m
[32m  "equity": "10000.00"[39m
[32m}[39m
[32m2025-07-20T19:33:15.198Z [INFO] Backtest Buy executed for BTCUSDT: 0.0000 at 49850.00. Cash: 5000.00, Position: 0.0000[39m
[32m2025-07-20T19:33:15.199Z [INFO] Equity updated {[39m
[32m  "totalCash": "10000.00",[39m
[32m  "positions": "{\"TRUMPUSDT\":0,\"BTCUSDT\":0}",[39m
[32m  "equity": "10000.00"[39m
[32m}[39m
[32m2025-07-20T19:33:15.199Z [INFO] Backtest Sell executed for BTCUSDT: 0.0000 at 50150.00. Cash: 5000.00, Position: 0.0000, Profit: 0.00[39m
[32m2025-07-20T19:33:15.201Z [INFO] Equity updated {[39m
[32m  "totalCash": "9989.97",[39m
[32m  "positions": "{\"TRUMPUSDT\":1,\"BTCUSDT\":0}",[39m
[32m  "equity": "10000.02"[39m
[32m}[39m
[32m2025-07-20T19:33:15.202Z [INFO] Backtest Buy executed for TRUMPUSDT: 1.0000 at 10.02. Cash: 4989.97, Position: 1.0000[39m
[32m2025-07-20T19:33:15.202Z [INFO] Equity updated {[39m
[32m  "totalCash": "10000.04",[39m
[32m  "positions": "{\"TRUMPUSDT\":0,\"BTCUSDT\":0}",[39m
[32m  "equity": "10000.04"[39m
[32m}[39m
[32m2025-07-20T19:33:15.203Z [INFO] Backtest Sell executed for TRUMPUSDT: 1.0000 at 10.08. Cash: 5000.04, Position: 0.0000, Profit: 0.05[39m
[32m2025-07-20T19:33:15.204Z [INFO] Equity updated {[39m
[32m  "totalCash": "5009.05",[39m
[32m  "positions": "{\"TRUMPUSDT\":0,\"BTCUSDT\":0.09998}",[39m
[32m  "equity": "10009.05"[39m
[32m}[39m
[32m2025-07-20T19:33:15.204Z [INFO] Backtest Buy executed for BTCUSDT: 0.1000 at 49859.97. Cash: 9.02, Position: 0.1000[39m
[32m2025-07-20T19:33:15.205Z [INFO] Equity updated {[39m
[32m  "totalCash": "10018.04",[39m
[32m  "positions": "{\"TRUMPUSDT\":0,\"BTCUSDT\":0}",[39m
[32m  "equity": "10018.04"[39m
[32m}[39m
[32m2025-07-20T19:33:15.205Z [INFO] Backtest Sell executed for BTCUSDT: 0.1000 at 50160.03. Cash: 5018.00, Position: 0.0000, Profit: 23.98[39m
[32m2025-07-20T19:33:15.206Z [INFO] Equity updated {[39m
[32m  "totalCash": "10007.95",[39m
[32m  "positions": "{\"TRUMPUSDT\":1,\"BTCUSDT\":0}",[39m
[32m  "equity": "10018.05"[39m
[32m}[39m
[32m2025-07-20T19:33:15.206Z [INFO] Backtest Buy executed for TRUMPUSDT: 1.0000 at 10.07. Cash: 4989.95, Position: 1.0000[39m
[32m2025-07-20T19:33:15.207Z [INFO] Equity updated {[39m
[32m  "totalCash": "10018.07",[39m
[32m  "positions": "{\"TRUMPUSDT\":0,\"BTCUSDT\":0}",[39m
[32m  "equity": "10018.07"[39m
[32m}[39m
[32m2025-07-20T19:33:15.207Z [INFO] Backtest Sell executed for TRUMPUSDT: 1.0000 at 10.13. Cash: 5000.07, Position: 0.0000, Profit: 0.05[39m
[32m2025-07-20T19:33:15.208Z [INFO] Equity updated {[39m
[32m  "totalCash": "5009.12",[39m
[32m  "positions": "{\"TRUMPUSDT\":0,\"BTCUSDT\":0.10032}",[39m
[32m  "equity": "10027.12"[39m
[32m}[39m
[32m2025-07-20T19:33:15.209Z [INFO] Backtest Buy executed for BTCUSDT: 0.1003 at 49869.94. Cash: 9.04, Position: 0.1003[39m
[32m2025-07-20T19:33:15.209Z [INFO] Equity updated {[39m
[32m  "totalCash": "10036.14",[39m
[32m  "positions": "{\"TRUMPUSDT\":0,\"BTCUSDT\":0}",[39m
[32m  "equity": "10036.14"[39m
[32m}[39m
[32m2025-07-20T19:33:15.209Z [INFO] Backtest Sell executed for BTCUSDT: 0.1003 at 50170.06. Cash: 5036.06, Position: 0.0000, Profit: 24.07[39m
[32m2025-07-20T19:33:15.210Z [INFO] Equity updated {[39m
[32m  "totalCash": "10026.08",[39m
[32m  "positions": "{\"TRUMPUSDT\":1,\"BTCUSDT\":0}",[39m
[32m  "equity": "10036.16"[39m
[32m}[39m
[32m2025-07-20T19:33:15.210Z [INFO] Backtest Buy executed for TRUMPUSDT: 1.0000 at 10.05. Cash: 4990.01, Position: 1.0000[39m
[32m2025-07-20T19:33:15.211Z [INFO] Equity updated {[39m
[32m  "totalCash": "10036.17",[39m
[32m  "positions": "{\"TRUMPUSDT\":0,\"BTCUSDT\":0}",[39m
[32m  "equity": "10036.17"[39m
[32m}[39m
[32m2025-07-20T19:33:15.211Z [INFO] Backtest Sell executed for TRUMPUSDT: 1.0000 at 10.11. Cash: 5000.11, Position: 0.0000, Profit: 0.05[39m
[32m2025-07-20T19:33:15.211Z [INFO] Equity updated {[39m
[32m  "totalCash": "5009.20",[39m
[32m  "positions": "{\"TRUMPUSDT\":0,\"BTCUSDT\":0.100691}",[39m
[32m  "equity": "10045.26"[39m
[32m}[39m
[32m2025-07-20T19:33:15.212Z [INFO] Backtest Buy executed for BTCUSDT: 0.1007 at 49864.96. Cash: 9.09, Position: 0.1007[39m
[32m2025-07-20T19:33:15.212Z [INFO] Equity updated {[39m
[32m  "totalCash": "10054.30",[39m
[32m  "positions": "{\"TRUMPUSDT\":0,\"BTCUSDT\":0}",[39m
[32m  "equity": "10054.30"[39m
[32m}[39m
[32m2025-07-20T19:33:15.213Z [INFO] Backtest Sell executed for BTCUSDT: 0.1007 at 50165.04. Cash: 5054.19, Position: 0.0000, Profit: 24.15[39m
[32m2025-07-20T19:33:15.215Z [INFO] Equity updated {[39m
[32m  "totalCash": "10044.20",[39m
[32m  "positions": "{\"TRUMPUSDT\":1,\"BTCUSDT\":0}",[39m
[32m  "equity": "10054.32"[39m
[32m}[39m
[32m2025-07-20T19:33:15.216Z [INFO] Backtest Buy executed for TRUMPUSDT: 1.0000 at 10.09. Cash: 4990.01, Position: 1.0000[39m
[32m2025-07-20T19:33:15.216Z [INFO] Equity updated {[39m
[32m  "totalCash": "10054.34",[39m
[32m  "positions": "{\"TRUMPUSDT\":0,\"BTCUSDT\":0}",[39m
[32m  "equity": "10054.34"[39m
[32m}[39m
[32m2025-07-20T19:33:15.216Z [INFO] Backtest Sell executed for TRUMPUSDT: 1.0000 at 10.15. Cash: 5000.15, Position: 0.0000, Profit: 0.05[39m
[32m2025-07-20T19:33:15.217Z [INFO] Equity updated {[39m
[32m  "totalCash": "5009.28",[39m
[32m  "positions": "{\"TRUMPUSDT\":0,\"BTCUSDT\":0.101033}",[39m
[32m  "equity": "10063.46"[39m
[32m}[39m
[32m2025-07-20T19:33:15.218Z [INFO] Backtest Buy executed for BTCUSDT: 0.1010 at 49874.93. Cash: 9.13, Position: 0.1010[39m
[32m2025-07-20T19:33:15.218Z [INFO] Equity updated {[39m
[32m  "totalCash": "10072.53",[39m
[32m  "positions": "{\"TRUMPUSDT\":0,\"BTCUSDT\":0}",[39m
[32m  "equity": "10072.53"[39m
[32m}[39m
[32m2025-07-20T19:33:15.218Z [INFO] Backtest Sell executed for BTCUSDT: 0.1010 at 50175.07. Cash: 5072.39, Position: 0.0000, Profit: 24.24[39m
[32m2025-07-20T19:33:15.219Z [INFO] Equity updated {[39m
[32m  "totalCash": "10062.40",[39m
[32m  "positions": "{\"TRUMPUSDT\":1,\"BTCUSDT\":0}",[39m
[32m  "equity": "10072.55"[39m
[32m}[39m
[32m2025-07-20T19:33:15.219Z [INFO] Backtest Buy executed for TRUMPUSDT: 1.0000 at 10.12. Cash: 4990.01, Position: 1.0000[39m
[32m2025-07-20T19:33:15.220Z [INFO] Equity updated {[39m
[32m  "totalCash": "10072.57",[39m
[32m  "positions": "{\"TRUMPUSDT\":0,\"BTCUSDT\":0}",[39m
[32m  "equity": "10072.57"[39m
[32m}[39m
[32m2025-07-20T19:33:15.221Z [INFO] Backtest Sell executed for TRUMPUSDT: 1.0000 at 10.18. Cash: 5000.18, Position: 0.0000, Profit: 0.05[39m
[32m2025-07-20T19:33:15.222Z [INFO] Equity updated {[39m
[32m  "totalCash": "5009.33",[39m
[32m  "positions": "{\"TRUMPUSDT\":0,\"BTCUSDT\":0.101387}",[39m
[32m  "equity": "10081.72"[39m
[32m}[39m
[32m2025-07-20T19:33:15.222Z [INFO] Backtest Buy executed for BTCUSDT: 0.1014 at 49879.91. Cash: 9.15, Position: 0.1014[39m
[32m2025-07-20T19:33:15.223Z [INFO] Equity updated {[39m
[32m  "totalCash": "10090.83",[39m
[32m  "positions": "{\"TRUMPUSDT\":0,\"BTCUSDT\":0}",[39m
[32m  "equity": "10090.83"[39m
[32m}[39m
[32m2025-07-20T19:33:15.223Z [INFO] Backtest Sell executed for BTCUSDT: 0.1014 at 50180.09. Cash: 5090.65, Position: 0.0000, Profit: 24.33[39m
[32m2025-07-20T19:33:15.227Z [INFO] Backtest completed with multi-symbol support {[39m
[32m  "metrics": {[39m
[32m    "TRUMPUSDT": {[39m
[32m      "totalProfit": 0.48,[39m
[32m      "tradeCount": 12,[39m
[32m      "winRate": 83.33,[39m
[32m      "profitFactor": null,[39m
[32m      "averageTradeProfit": 0.0404,[39m
[32m      "sharpeRatio": 2.236,[39m
[32m      "sortinoRatio": 0,[39m
[32m      "maxDrawdown": 0.9,[39m
[32m      "calmarRatio": 0,[39m
[32m      "totalVolumeTraded": 101[39m
[32m    },[39m
[32m    "BTCUSDT": {[39m
[32m      "totalProfit": 241.55,[39m
[32m      "tradeCount": 12,[39m
[32m      "winRate": 83.33,[39m
[32m      "profitFactor": null,[39m
[32m      "averageTradeProfit": 20.1294,[39m
[32m      "sharpeRatio": 2.2359,[39m
[32m      "sortinoRatio": 0,[39m
[32m      "maxDrawdown": 0.9,[39m
[32m      "calmarRatio": 0,[39m
[32m      "totalVolumeTraded": 50361.27[39m
[32m    },[39m
[32m    "aggregate": {[39m
[32m      "sharpeRatio": 2.23595,[39m
[32m      "sortinoRatio": 0,[39m
[32m      "maxDrawdown": 0.9,[39m
[32m      "winRate": 83.33,[39m
[32m      "profitFactor": null,[39m
[32m      "calmarRatio": 0,[39m
[32m      "totalProfit": 242.03,[39m
[32m      "finalEquity": 10090.832082399997,[39m
[32m      "totalTradeCount": 24,[39m
[32m      "averageTradeProfit": 10.084583333333333,[39m
[32m      "totalVolumeTraded": 50462.27[39m
[32m    }[39m
[32m  }[39m
[32m}[39m
[32m2025-07-20T19:35:33.655Z [INFO] Loaded historical data for TRUMPUSDT from data/historical_prices_trumpusdt.json[39m
[32m2025-07-20T19:35:33.697Z [INFO] Loaded historical data for BTCUSDT from data/historical_prices_btcusdt.json[39m
[32m2025-07-20T19:35:33.703Z [INFO] Starting backtest with 12 events across 2 symbols.[39m
[33m2025-07-20T19:35:33.709Z [WARN] Zero stop-loss distance for TRUMPUSDT. Cannot calculate order size. {[39m
[33m  "symbol": "TRUMPUSDT",[39m
[33m  "currentPrice": 10,[39m
[33m  "volatility": 0[39m
[33m}[39m
[32m2025-07-20T19:35:33.721Z [INFO] Equity updated {[39m
[32m  "totalCash": "10000.00",[39m
[32m  "positions": "{\"TRUMPUSDT\":0,\"BTCUSDT\":0}",[39m
[32m  "equity": "10000.00"[39m
[32m}[39m
[32m2025-07-20T19:35:33.736Z [INFO] Backtest Buy executed for TRUMPUSDT: 0.0000 at 9.97. Cash: 5000.00, Position: 0.0000[39m
[32m2025-07-20T19:35:33.738Z [INFO] Equity updated {[39m
[32m  "totalCash": "10000.00",[39m
[32m  "positions": "{\"TRUMPUSDT\":0,\"BTCUSDT\":0}",[39m
[32m  "equity": "10000.00"[39m
[32m}[39m
[32m2025-07-20T19:35:33.738Z [INFO] Backtest Sell executed for TRUMPUSDT: 0.0000 at 10.03. Cash: 5000.00, Position: 0.0000, Profit: 0.00[39m
[33m2025-07-20T19:35:33.739Z [WARN] Zero stop-loss distance for BTCUSDT. Cannot calculate order size. {[39m
[33m  "symbol": "BTCUSDT",[39m
[33m  "currentPrice": 50000,[39m
[33m  "volatility": 0[39m
[33m}[39m
[32m2025-07-20T19:35:33.741Z [INFO] Equity updated {[39m
[32m  "totalCash": "10000.00",[39m
[32m  "positions": "{\"TRUMPUSDT\":0,\"BTCUSDT\":0}",[39m
[32m  "equity": "10000.00"[39m
[32m}[39m
[32m2025-07-20T19:35:33.742Z [INFO] Backtest Buy executed for BTCUSDT: 0.0000 at 49850.00. Cash: 5000.00, Position: 0.0000[39m
[32m2025-07-20T19:35:33.742Z [INFO] Equity updated {[39m
[32m  "totalCash": "10000.00",[39m
[32m  "positions": "{\"TRUMPUSDT\":0,\"BTCUSDT\":0}",[39m
[32m  "equity": "10000.00"[39m
[32m}[39m
[32m2025-07-20T19:35:33.743Z [INFO] Backtest Sell executed for BTCUSDT: 0.0000 at 50150.00. Cash: 5000.00, Position: 0.0000, Profit: 0.00[39m
[32m2025-07-20T19:35:33.745Z [INFO] Equity updated {[39m
[32m  "totalCash": "9989.97",[39m
[32m  "positions": "{\"TRUMPUSDT\":1,\"BTCUSDT\":0}",[39m
[32m  "equity": "10000.02"[39m
[32m}[39m
[32m2025-07-20T19:35:33.745Z [INFO] Backtest Buy executed for TRUMPUSDT: 1.0000 at 10.02. Cash: 4989.97, Position: 1.0000[39m
[32m2025-07-20T19:35:33.746Z [INFO] Equity updated {[39m
[32m  "totalCash": "10000.04",[39m
[32m  "positions": "{\"TRUMPUSDT\":0,\"BTCUSDT\":0}",[39m
[32m  "equity": "10000.04"[39m
[32m}[39m
[32m2025-07-20T19:35:33.746Z [INFO] Backtest Sell executed for TRUMPUSDT: 1.0000 at 10.08. Cash: 5000.04, Position: 0.0000, Profit: 0.05[39m
[32m2025-07-20T19:35:33.747Z [INFO] Equity updated {[39m
[32m  "totalCash": "5009.05",[39m
[32m  "positions": "{\"TRUMPUSDT\":0,\"BTCUSDT\":0.09998}",[39m
[32m  "equity": "10009.05"[39m
[32m}[39m
[32m2025-07-20T19:35:33.748Z [INFO] Backtest Buy executed for BTCUSDT: 0.1000 at 49859.97. Cash: 9.02, Position: 0.1000[39m
[32m2025-07-20T19:35:33.749Z [INFO] Equity updated {[39m
[32m  "totalCash": "10018.04",[39m
[32m  "positions": "{\"TRUMPUSDT\":0,\"BTCUSDT\":0}",[39m
[32m  "equity": "10018.04"[39m
[32m}[39m
[32m2025-07-20T19:35:33.750Z [INFO] Backtest Sell executed for BTCUSDT: 0.1000 at 50160.03. Cash: 5018.00, Position: 0.0000, Profit: 23.98[39m
[32m2025-07-20T19:35:33.751Z [INFO] Equity updated {[39m
[32m  "totalCash": "10007.95",[39m
[32m  "positions": "{\"TRUMPUSDT\":1,\"BTCUSDT\":0}",[39m
[32m  "equity": "10018.05"[39m
[32m}[39m
[32m2025-07-20T19:35:33.751Z [INFO] Backtest Buy executed for TRUMPUSDT: 1.0000 at 10.07. Cash: 4989.95, Position: 1.0000[39m
[32m2025-07-20T19:35:33.752Z [INFO] Equity updated {[39m
[32m  "totalCash": "10018.07",[39m
[32m  "positions": "{\"TRUMPUSDT\":0,\"BTCUSDT\":0}",[39m
[32m  "equity": "10018.07"[39m
[32m}[39m
[32m2025-07-20T19:35:33.757Z [INFO] Backtest Sell executed for TRUMPUSDT: 1.0000 at 10.13. Cash: 5000.07, Position: 0.0000, Profit: 0.05[39m
[32m2025-07-20T19:35:33.761Z [INFO] Equity updated {[39m
[32m  "totalCash": "5009.12",[39m
[32m  "positions": "{\"TRUMPUSDT\":0,\"BTCUSDT\":0.10032}",[39m
[32m  "equity": "10027.12"[39m
[32m}[39m
[32m2025-07-20T19:35:33.762Z [INFO] Backtest Buy executed for BTCUSDT: 0.1003 at 49869.94. Cash: 9.04, Position: 0.1003[39m
[32m2025-07-20T19:35:33.764Z [INFO] Equity updated {[39m
[32m  "totalCash": "10036.14",[39m
[32m  "positions": "{\"TRUMPUSDT\":0,\"BTCUSDT\":0}",[39m
[32m  "equity": "10036.14"[39m
[32m}[39m
[32m2025-07-20T19:35:33.765Z [INFO] Backtest Sell executed for BTCUSDT: 0.1003 at 50170.06. Cash: 5036.06, Position: 0.0000, Profit: 24.07[39m
[32m2025-07-20T19:35:33.767Z [INFO] Equity updated {[39m
[32m  "totalCash": "10026.08",[39m
[32m  "positions": "{\"TRUMPUSDT\":1,\"BTCUSDT\":0}",[39m
[32m  "equity": "10036.16"[39m
[32m}[39m
[32m2025-07-20T19:35:33.768Z [INFO] Backtest Buy executed for TRUMPUSDT: 1.0000 at 10.05. Cash: 4990.01, Position: 1.0000[39m
[32m2025-07-20T19:35:33.770Z [INFO] Equity updated {[39m
[32m  "totalCash": "10036.17",[39m
[32m  "positions": "{\"TRUMPUSDT\":0,\"BTCUSDT\":0}",[39m
[32m  "equity": "10036.17"[39m
[32m}[39m
[32m2025-07-20T19:35:33.771Z [INFO] Backtest Sell executed for TRUMPUSDT: 1.0000 at 10.11. Cash: 5000.11, Position: 0.0000, Profit: 0.05[39m
[32m2025-07-20T19:35:33.773Z [INFO] Equity updated {[39m
[32m  "totalCash": "5009.20",[39m
[32m  "positions": "{\"TRUMPUSDT\":0,\"BTCUSDT\":0.100691}",[39m
[32m  "equity": "10045.26"[39m
[32m}[39m
[32m2025-07-20T19:35:33.774Z [INFO] Backtest Buy executed for BTCUSDT: 0.1007 at 49864.96. Cash: 9.09, Position: 0.1007[39m
[32m2025-07-20T19:35:33.776Z [INFO] Equity updated {[39m
[32m  "totalCash": "10054.30",[39m
[32m  "positions": "{\"TRUMPUSDT\":0,\"BTCUSDT\":0}",[39m
[32m  "equity": "10054.30"[39m
[32m}[39m
[32m2025-07-20T19:35:33.777Z [INFO] Backtest Sell executed for BTCUSDT: 0.1007 at 50165.04. Cash: 5054.19, Position: 0.0000, Profit: 24.15[39m
[32m2025-07-20T19:35:33.780Z [INFO] Equity updated {[39m
[32m  "totalCash": "10044.20",[39m
[32m  "positions": "{\"TRUMPUSDT\":1,\"BTCUSDT\":0}",[39m
[32m  "equity": "10054.32"[39m
[32m}[39m
[32m2025-07-20T19:35:33.781Z [INFO] Backtest Buy executed for TRUMPUSDT: 1.0000 at 10.09. Cash: 4990.01, Position: 1.0000[39m
[32m2025-07-20T19:35:33.783Z [INFO] Equity updated {[39m
[32m  "totalCash": "10054.34",[39m
[32m  "positions": "{\"TRUMPUSDT\":0,\"BTCUSDT\":0}",[39m
[32m  "equity": "10054.34"[39m
[32m}[39m
[32m2025-07-20T19:35:33.784Z [INFO] Backtest Sell executed for TRUMPUSDT: 1.0000 at 10.15. Cash: 5000.15, Position: 0.0000, Profit: 0.05[39m
[32m2025-07-20T19:35:33.787Z [INFO] Equity updated {[39m
[32m  "totalCash": "5009.28",[39m
[32m  "positions": "{\"TRUMPUSDT\":0,\"BTCUSDT\":0.101033}",[39m
[32m  "equity": "10063.46"[39m
[32m}[39m
[32m2025-07-20T19:35:33.788Z [INFO] Backtest Buy executed for BTCUSDT: 0.1010 at 49874.93. Cash: 9.13, Position: 0.1010[39m
[32m2025-07-20T19:35:33.790Z [INFO] Equity updated {[39m
[32m  "totalCash": "10072.53",[39m
[32m  "positions": "{\"TRUMPUSDT\":0,\"BTCUSDT\":0}",[39m
[32m  "equity": "10072.53"[39m
[32m}[39m
[32m2025-07-20T19:35:33.791Z [INFO] Backtest Sell executed for BTCUSDT: 0.1010 at 50175.07. Cash: 5072.39, Position: 0.0000, Profit: 24.24[39m
[32m2025-07-20T19:35:33.794Z [INFO] Equity updated {[39m
[32m  "totalCash": "10062.40",[39m
[32m  "positions": "{\"TRUMPUSDT\":1,\"BTCUSDT\":0}",[39m
[32m  "equity": "10072.55"[39m
[32m}[39m
[32m2025-07-20T19:35:33.796Z [INFO] Backtest Buy executed for TRUMPUSDT: 1.0000 at 10.12. Cash: 4990.01, Position: 1.0000[39m
[32m2025-07-20T19:35:33.798Z [INFO] Equity updated {[39m
[32m  "totalCash": "10072.57",[39m
[32m  "positions": "{\"TRUMPUSDT\":0,\"BTCUSDT\":0}",[39m
[32m  "equity": "10072.57"[39m
[32m}[39m
[32m2025-07-20T19:35:33.799Z [INFO] Backtest Sell executed for TRUMPUSDT: 1.0000 at 10.18. Cash: 5000.18, Position: 0.0000, Profit: 0.05[39m
[32m2025-07-20T19:35:33.802Z [INFO] Equity updated {[39m
[32m  "totalCash": "5009.33",[39m
[32m  "positions": "{\"TRUMPUSDT\":0,\"BTCUSDT\":0.101387}",[39m
[32m  "equity": "10081.72"[39m
[32m}[39m
[32m2025-07-20T19:35:33.804Z [INFO] Backtest Buy executed for BTCUSDT: 0.1014 at 49879.91. Cash: 9.15, Position: 0.1014[39m
[32m2025-07-20T19:35:33.805Z [INFO] Equity updated {[39m
[32m  "totalCash": "10090.83",[39m
[32m  "positions": "{\"TRUMPUSDT\":0,\"BTCUSDT\":0}",[39m
[32m  "equity": "10090.83"[39m
[32m}[39m
[32m2025-07-20T19:35:33.807Z [INFO] Backtest Sell executed for BTCUSDT: 0.1014 at 50180.09. Cash: 5090.65, Position: 0.0000, Profit: 24.33[39m
[32m2025-07-20T19:35:33.819Z [INFO] Backtest completed with multi-symbol support {[39m
[32m  "metrics": {[39m
[32m    "TRUMPUSDT": {[39m
[32m      "totalProfit": 0.48,[39m
[32m      "tradeCount": 12,[39m
[32m      "winRate": 83.33,[39m
[32m      "profitFactor": null,[39m
[32m      "averageTradeProfit": 0.0404,[39m
[32m      "sharpeRatio": 2.236,[39m
[32m      "sortinoRatio": 0,[39m
[32m      "maxDrawdown": 0.9,[39m
[32m      "calmarRatio": 0,[39m
[32m      "totalVolumeTraded": 101[39m
[32m    },[39m
[32m    "BTCUSDT": {[39m
[32m      "totalProfit": 241.55,[39m
[32m      "tradeCount": 12,[39m
[32m      "winRate": 83.33,[39m
[32m      "profitFactor": null,[39m
[32m      "averageTradeProfit": 20.1294,[39m
[32m      "sharpeRatio": 2.2359,[39m
[32m      "sortinoRatio": 0,[39m
[32m      "maxDrawdown": 0.9,[39m
[32m      "calmarRatio": 0,[39m
[32m      "totalVolumeTraded": 50361.27[39m
[32m    },[39m
[32m    "aggregate": {[39m
[32m      "sharpeRatio": 2.23595,[39m
[32m      "sortinoRatio": 0,[39m
[32m      "maxDrawdown": 0.9,[39m
[32m      "winRate": 83.33,[39m
[32m      "profitFactor": null,[39m
[32m      "calmarRatio": 0,[39m
[32m      "totalProfit": 242.03,[39m
[32m      "finalEquity": 10090.832082399997,[39m
[32m      "totalTradeCount": 24,[39m
[32m      "averageTradeProfit": 10.084583333333333,[39m
[32m      "totalVolumeTraded": 50462.27[39m
[32m    }[39m
[32m  }[39m
[32m}[39m
[32m2025-07-20T19:37:32.713Z [INFO] Loaded historical data for TRUMPUSDT from data/historical_prices_trumpusdt.json[39m
[32m2025-07-20T19:37:32.729Z [INFO] Loaded historical data for BTCUSDT from data/historical_prices_btcusdt.json[39m
[32m2025-07-20T19:37:32.739Z [INFO] Starting backtest with 12 events across 2 symbols.[39m
[33m2025-07-20T19:37:32.743Z [WARN] Zero stop-loss distance for TRUMPUSDT. Cannot calculate order size. {[39m
[33m  "symbol": "TRUMPUSDT",[39m
[33m  "currentPrice": 10,[39m
[33m  "volatility": 0[39m
[33m}[39m
[32m2025-07-20T19:37:32.752Z [INFO] Equity updated {[39m
[32m  "totalCash": "10000.00",[39m
[32m  "positions": "{\"TRUMPUSDT\":0,\"BTCUSDT\":0}",[39m
[32m  "equity": "10000.00"[39m
[32m}[39m
[32m2025-07-20T19:37:32.759Z [INFO] Backtest Buy executed for TRUMPUSDT: 0.0000 at 9.97. Cash: 5000.00, Position: 0.0000[39m
[32m2025-07-20T19:37:32.767Z [INFO] Equity updated {[39m
[32m  "totalCash": "10000.00",[39m
[32m  "positions": "{\"TRUMPUSDT\":0,\"BTCUSDT\":0}",[39m
[32m  "equity": "10000.00"[39m
[32m}[39m
[32m2025-07-20T19:37:32.769Z [INFO] Backtest Sell executed for TRUMPUSDT: 0.0000 at 10.03. Cash: 5000.00, Position: 0.0000, Profit: 0.00[39m
[33m2025-07-20T19:37:32.770Z [WARN] Zero stop-loss distance for BTCUSDT. Cannot calculate order size. {[39m
[33m  "symbol": "BTCUSDT",[39m
[33m  "currentPrice": 50000,[39m
[33m  "volatility": 0[39m
[33m}[39m
[32m2025-07-20T19:37:32.772Z [INFO] Equity updated {[39m
[32m  "totalCash": "10000.00",[39m
[32m  "positions": "{\"TRUMPUSDT\":0,\"BTCUSDT\":0}",[39m
[32m  "equity": "10000.00"[39m
[32m}[39m
[32m2025-07-20T19:37:32.773Z [INFO] Backtest Buy executed for BTCUSDT: 0.0000 at 49850.00. Cash: 5000.00, Position: 0.0000[39m
[32m2025-07-20T19:37:32.774Z [INFO] Equity updated {[39m
[32m  "totalCash": "10000.00",[39m
[32m  "positions": "{\"TRUMPUSDT\":0,\"BTCUSDT\":0}",[39m
[32m  "equity": "10000.00"[39m
[32m}[39m
[32m2025-07-20T19:37:32.774Z [INFO] Backtest Sell executed for BTCUSDT: 0.0000 at 50150.00. Cash: 5000.00, Position: 0.0000, Profit: 0.00[39m
[32m2025-07-20T19:37:32.776Z [INFO] Equity updated {[39m
[32m  "totalCash": "9989.97",[39m
[32m  "positions": "{\"TRUMPUSDT\":1,\"BTCUSDT\":0}",[39m
[32m  "equity": "10000.02"[39m
[32m}[39m
[32m2025-07-20T19:37:32.776Z [INFO] Backtest Buy executed for TRUMPUSDT: 1.0000 at 10.02. Cash: 4989.97, Position: 1.0000[39m
[32m2025-07-20T19:37:32.777Z [INFO] Equity updated {[39m
[32m  "totalCash": "10000.04",[39m
[32m  "positions": "{\"TRUMPUSDT\":0,\"BTCUSDT\":0}",[39m
[32m  "equity": "10000.04"[39m
[32m}[39m
[32m2025-07-20T19:37:32.777Z [INFO] Backtest Sell executed for TRUMPUSDT: 1.0000 at 10.08. Cash: 5000.04, Position: 0.0000, Profit: 0.05[39m
[32m2025-07-20T19:37:32.779Z [INFO] Equity updated {[39m
[32m  "totalCash": "5009.05",[39m
[32m  "positions": "{\"TRUMPUSDT\":0,\"BTCUSDT\":0.09998}",[39m
[32m  "equity": "10009.05"[39m
[32m}[39m
[32m2025-07-20T19:37:32.780Z [INFO] Backtest Buy executed for BTCUSDT: 0.1000 at 49859.97. Cash: 9.02, Position: 0.1000[39m
[32m2025-07-20T19:37:32.780Z [INFO] Equity updated {[39m
[32m  "totalCash": "10018.04",[39m
[32m  "positions": "{\"TRUMPUSDT\":0,\"BTCUSDT\":0}",[39m
[32m  "equity": "10018.04"[39m
[32m}[39m
[32m2025-07-20T19:37:32.781Z [INFO] Backtest Sell executed for BTCUSDT: 0.1000 at 50160.03. Cash: 5018.00, Position: 0.0000, Profit: 23.98[39m
[32m2025-07-20T19:37:32.782Z [INFO] Equity updated {[39m
[32m  "totalCash": "10007.95",[39m
[32m  "positions": "{\"TRUMPUSDT\":1,\"BTCUSDT\":0}",[39m
[32m  "equity": "10018.05"[39m
[32m}[39m
[32m2025-07-20T19:37:32.782Z [INFO] Backtest Buy executed for TRUMPUSDT: 1.0000 at 10.07. Cash: 4989.95, Position: 1.0000[39m
[32m2025-07-20T19:37:32.783Z [INFO] Equity updated {[39m
[32m  "totalCash": "10018.07",[39m
[32m  "positions": "{\"TRUMPUSDT\":0,\"BTCUSDT\":0}",[39m
[32m  "equity": "10018.07"[39m
[32m}[39m
[32m2025-07-20T19:37:32.783Z [INFO] Backtest Sell executed for TRUMPUSDT: 1.0000 at 10.13. Cash: 5000.07, Position: 0.0000, Profit: 0.05[39m
[32m2025-07-20T19:37:32.784Z [INFO] Equity updated {[39m
[32m  "totalCash": "5009.12",[39m
[32m  "positions": "{\"TRUMPUSDT\":0,\"BTCUSDT\":0.10032}",[39m
[32m  "equity": "10027.12"[39m
[32m}[39m
[32m2025-07-20T19:37:32.785Z [INFO] Backtest Buy executed for BTCUSDT: 0.1003 at 49869.94. Cash: 9.04, Position: 0.1003[39m
[32m2025-07-20T19:37:32.785Z [INFO] Equity updated {[39m
[32m  "totalCash": "10036.14",[39m
[32m  "positions": "{\"TRUMPUSDT\":0,\"BTCUSDT\":0}",[39m
[32m  "equity": "10036.14"[39m
[32m}[39m
[32m2025-07-20T19:37:32.785Z [INFO] Backtest Sell executed for BTCUSDT: 0.1003 at 50170.06. Cash: 5036.06, Position: 0.0000, Profit: 24.07[39m
[32m2025-07-20T19:37:32.786Z [INFO] Equity updated {[39m
[32m  "totalCash": "10026.08",[39m
[32m  "positions": "{\"TRUMPUSDT\":1,\"BTCUSDT\":0}",[39m
[32m  "equity": "10036.16"[39m
[32m}[39m
[32m2025-07-20T19:37:32.786Z [INFO] Backtest Buy executed for TRUMPUSDT: 1.0000 at 10.05. Cash: 4990.01, Position: 1.0000[39m
[32m2025-07-20T19:37:32.787Z [INFO] Equity updated {[39m
[32m  "totalCash": "10036.17",[39m
[32m  "positions": "{\"TRUMPUSDT\":0,\"BTCUSDT\":0}",[39m
[32m  "equity": "10036.17"[39m
[32m}[39m
[32m2025-07-20T19:37:32.787Z [INFO] Backtest Sell executed for TRUMPUSDT: 1.0000 at 10.11. Cash: 5000.11, Position: 0.0000, Profit: 0.05[39m
[32m2025-07-20T19:37:32.788Z [INFO] Equity updated {[39m
[32m  "totalCash": "5009.20",[39m
[32m  "positions": "{\"TRUMPUSDT\":0,\"BTCUSDT\":0.100691}",[39m
[32m  "equity": "10045.26"[39m
[32m}[39m
[32m2025-07-20T19:37:32.788Z [INFO] Backtest Buy executed for BTCUSDT: 0.1007 at 49864.96. Cash: 9.09, Position: 0.1007[39m
[32m2025-07-20T19:37:32.788Z [INFO] Equity updated {[39m
[32m  "totalCash": "10054.30",[39m
[32m  "positions": "{\"TRUMPUSDT\":0,\"BTCUSDT\":0}",[39m
[32m  "equity": "10054.30"[39m
[32m}[39m
[32m2025-07-20T19:37:32.789Z [INFO] Backtest Sell executed for BTCUSDT: 0.1007 at 50165.04. Cash: 5054.19, Position: 0.0000, Profit: 24.15[39m
[32m2025-07-20T19:37:32.790Z [INFO] Equity updated {[39m
[32m  "totalCash": "10044.20",[39m
[32m  "positions": "{\"TRUMPUSDT\":1,\"BTCUSDT\":0}",[39m
[32m  "equity": "10054.32"[39m
[32m}[39m
[32m2025-07-20T19:37:32.790Z [INFO] Backtest Buy executed for TRUMPUSDT: 1.0000 at 10.09. Cash: 4990.01, Position: 1.0000[39m
[32m2025-07-20T19:37:32.790Z [INFO] Equity updated {[39m
[32m  "totalCash": "10054.34",[39m
[32m  "positions": "{\"TRUMPUSDT\":0,\"BTCUSDT\":0}",[39m
[32m  "equity": "10054.34"[39m
[32m}[39m
[32m2025-07-20T19:37:32.791Z [INFO] Backtest Sell executed for TRUMPUSDT: 1.0000 at 10.15. Cash: 5000.15, Position: 0.0000, Profit: 0.05[39m
[32m2025-07-20T19:37:32.792Z [INFO] Equity updated {[39m
[32m  "totalCash": "5009.28",[39m
[32m  "positions": "{\"TRUMPUSDT\":0,\"BTCUSDT\":0.101033}",[39m
[32m  "equity": "10063.46"[39m
[32m}[39m
[32m2025-07-20T19:37:32.792Z [INFO] Backtest Buy executed for BTCUSDT: 0.1010 at 49874.93. Cash: 9.13, Position: 0.1010[39m
[32m2025-07-20T19:37:32.793Z [INFO] Equity updated {[39m
[32m  "totalCash": "10072.53",[39m
[32m  "positions": "{\"TRUMPUSDT\":0,\"BTCUSDT\":0}",[39m
[32m  "equity": "10072.53"[39m
[32m}[39m
[32m2025-07-20T19:37:32.793Z [INFO] Backtest Sell executed for BTCUSDT: 0.1010 at 50175.07. Cash: 5072.39, Position: 0.0000, Profit: 24.24[39m
[32m2025-07-20T19:37:32.794Z [INFO] Equity updated {[39m
[32m  "totalCash": "10062.40",[39m
[32m  "positions": "{\"TRUMPUSDT\":1,\"BTCUSDT\":0}",[39m
[32m  "equity": "10072.55"[39m
[32m}[39m
[32m2025-07-20T19:37:32.794Z [INFO] Backtest Buy executed for TRUMPUSDT: 1.0000 at 10.12. Cash: 4990.01, Position: 1.0000[39m
[32m2025-07-20T19:37:32.794Z [INFO] Equity updated {[39m
[32m  "totalCash": "10072.57",[39m
[32m  "positions": "{\"TRUMPUSDT\":0,\"BTCUSDT\":0}",[39m
[32m  "equity": "10072.57"[39m
[32m}[39m
[32m2025-07-20T19:37:32.795Z [INFO] Backtest Sell executed for TRUMPUSDT: 1.0000 at 10.18. Cash: 5000.18, Position: 0.0000, Profit: 0.05[39m
[32m2025-07-20T19:37:32.796Z [INFO] Equity updated {[39m
[32m  "totalCash": "5009.33",[39m
[32m  "positions": "{\"TRUMPUSDT\":0,\"BTCUSDT\":0.101387}",[39m
[32m  "equity": "10081.72"[39m
[32m}[39m
[32m2025-07-20T19:37:32.797Z [INFO] Backtest Buy executed for BTCUSDT: 0.1014 at 49879.91. Cash: 9.15, Position: 0.1014[39m
[32m2025-07-20T19:37:32.797Z [INFO] Equity updated {[39m
[32m  "totalCash": "10090.83",[39m
[32m  "positions": "{\"TRUMPUSDT\":0,\"BTCUSDT\":0}",[39m
[32m  "equity": "10090.83"[39m
[32m}[39m
[32m2025-07-20T19:37:32.797Z [INFO] Backtest Sell executed for BTCUSDT: 0.1014 at 50180.09. Cash: 5090.65, Position: 0.0000, Profit: 24.33[39m
[32m2025-07-20T19:37:32.808Z [INFO] Backtest completed with multi-symbol support {[39m
[32m  "metrics": {[39m
[32m    "TRUMPUSDT": {[39m
[32m      "totalProfit": 0.48,[39m
[32m      "tradeCount": 12,[39m
[32m      "winRate": 83.33,[39m
[32m      "profitFactor": null,[39m
[32m      "averageTradeProfit": 0.0404,[39m
[32m      "sharpeRatio": 2.236,[39m
[32m      "sortinoRatio": 0,[39m
[32m      "maxDrawdown": 0.9,[39m
[32m      "calmarRatio": 0,[39m
[32m      "totalVolumeTraded": 101[39m
[32m    },[39m
[32m    "BTCUSDT": {[39m
[32m      "totalProfit": 241.55,[39m
[32m      "tradeCount": 12,[39m
[32m      "winRate": 83.33,[39m
[32m      "profitFactor": null,[39m
[32m      "averageTradeProfit": 20.1294,[39m
[32m      "sharpeRatio": 2.2359,[39m
[32m      "sortinoRatio": 0,[39m
[32m      "maxDrawdown": 0.9,[39m
[32m      "calmarRatio": 0,[39m
[32m      "totalVolumeTraded": 50361.27[39m
[32m    },[39m
[32m    "aggregate": {[39m
[32m      "sharpeRatio": 2.23595,[39m
[32m      "sortinoRatio": 0,[39m
[32m      "maxDrawdown": 0.9,[39m
[32m      "winRate": 83.33,[39m
[32m      "profitFactor": null,[39m
[32m      "calmarRatio": 0,[39m
[32m      "totalProfit": 242.03,[39m
[32m      "finalEquity": 10090.832082399997,[39m
[32m      "totalTradeCount": 24,[39m
[32m      "averageTradeProfit": 10.084583333333333,[39m
[32m      "totalVolumeTraded": 50462.27[39m
[32m    }[39m
[32m  }[39m
[32m}[39m
[32m2025-07-20T19:39:23.218Z [INFO] Loaded historical data for TRUMPUSDT from data/historical_prices_trumpusdt.json[39m
[32m2025-07-20T19:39:23.232Z [INFO] Loaded historical data for BTCUSDT from data/historical_prices_btcusdt.json[39m
[32m2025-07-20T19:39:23.237Z [INFO] Starting backtest with 12 events across 2 symbols.[39m
[33m2025-07-20T19:39:23.242Z [WARN] Zero stop-loss distance for TRUMPUSDT. Cannot calculate order size. {[39m
[33m  "symbol": "TRUMPUSDT",[39m
[33m  "currentPrice": 10,[39m
[33m  "volatility": 0[39m
[33m}[39m
[32m2025-07-20T19:39:23.248Z [INFO] Equity updated {[39m
[32m  "totalCash": "10000.00",[39m
[32m  "positions": "{\"TRUMPUSDT\":0,\"BTCUSDT\":0}",[39m
[32m  "equity": "10000.00"[39m
[32m}[39m
[32m2025-07-20T19:39:23.250Z [INFO] Backtest Buy executed for TRUMPUSDT: 0.0000 at 9.97. Cash: 5000.00, Position: 0.0000[39m
[32m2025-07-20T19:39:23.251Z [INFO] Equity updated {[39m
[32m  "totalCash": "10000.00",[39m
[32m  "positions": "{\"TRUMPUSDT\":0,\"BTCUSDT\":0}",[39m
[32m  "equity": "10000.00"[39m
[32m}[39m
[32m2025-07-20T19:39:23.253Z [INFO] Backtest Sell executed for TRUMPUSDT: 0.0000 at 10.03. Cash: 5000.00, Position: 0.0000, Profit: 0.00[39m
[33m2025-07-20T19:39:23.254Z [WARN] Zero stop-loss distance for BTCUSDT. Cannot calculate order size. {[39m
[33m  "symbol": "BTCUSDT",[39m
[33m  "currentPrice": 50000,[39m
[33m  "volatility": 0[39m
[33m}[39m
[32m2025-07-20T19:39:23.255Z [INFO] Equity updated {[39m
[32m  "totalCash": "10000.00",[39m
[32m  "positions": "{\"TRUMPUSDT\":0,\"BTCUSDT\":0}",[39m
[32m  "equity": "10000.00"[39m
[32m}[39m
[32m2025-07-20T19:39:23.257Z [INFO] Backtest Buy executed for BTCUSDT: 0.0000 at 49850.00. Cash: 5000.00, Position: 0.0000[39m
[32m2025-07-20T19:39:23.262Z [INFO] Equity updated {[39m
[32m  "totalCash": "10000.00",[39m
[32m  "positions": "{\"TRUMPUSDT\":0,\"BTCUSDT\":0}",[39m
[32m  "equity": "10000.00"[39m
[32m}[39m
[32m2025-07-20T19:39:23.263Z [INFO] Backtest Sell executed for BTCUSDT: 0.0000 at 50150.00. Cash: 5000.00, Position: 0.0000, Profit: 0.00[39m
[32m2025-07-20T19:39:23.265Z [INFO] Equity updated {[39m
[32m  "totalCash": "9989.97",[39m
[32m  "positions": "{\"TRUMPUSDT\":1,\"BTCUSDT\":0}",[39m
[32m  "equity": "10000.02"[39m
[32m}[39m
[32m2025-07-20T19:39:23.266Z [INFO] Backtest Buy executed for TRUMPUSDT: 1.0000 at 10.02. Cash: 4989.97, Position: 1.0000[39m
[32m2025-07-20T19:39:23.266Z [INFO] Equity updated {[39m
[32m  "totalCash": "10000.04",[39m
[32m  "positions": "{\"TRUMPUSDT\":0,\"BTCUSDT\":0}",[39m
[32m  "equity": "10000.04"[39m
[32m}[39m
[32m2025-07-20T19:39:23.267Z [INFO] Backtest Sell executed for TRUMPUSDT: 1.0000 at 10.08. Cash: 5000.04, Position: 0.0000, Profit: 0.05[39m
[32m2025-07-20T19:39:23.270Z [INFO] Equity updated {[39m
[32m  "totalCash": "5009.05",[39m
[32m  "positions": "{\"TRUMPUSDT\":0,\"BTCUSDT\":0.09998}",[39m
[32m  "equity": "10009.05"[39m
[32m}[39m
[32m2025-07-20T19:39:23.271Z [INFO] Backtest Buy executed for BTCUSDT: 0.1000 at 49859.97. Cash: 9.02, Position: 0.1000[39m
[32m2025-07-20T19:39:23.271Z [INFO] Equity updated {[39m
[32m  "totalCash": "10018.04",[39m
[32m  "positions": "{\"TRUMPUSDT\":0,\"BTCUSDT\":0}",[39m
[32m  "equity": "10018.04"[39m
[32m}[39m
[32m2025-07-20T19:39:23.272Z [INFO] Backtest Sell executed for BTCUSDT: 0.1000 at 50160.03. Cash: 5018.00, Position: 0.0000, Profit: 23.98[39m
[32m2025-07-20T19:39:23.273Z [INFO] Equity updated {[39m
[32m  "totalCash": "10007.95",[39m
[32m  "positions": "{\"TRUMPUSDT\":1,\"BTCUSDT\":0}",[39m
[32m  "equity": "10018.05"[39m
[32m}[39m
[32m2025-07-20T19:39:23.273Z [INFO] Backtest Buy executed for TRUMPUSDT: 1.0000 at 10.07. Cash: 4989.95, Position: 1.0000[39m
[32m2025-07-20T19:39:23.275Z [INFO] Equity updated {[39m
[32m  "totalCash": "10018.07",[39m
[32m  "positions": "{\"TRUMPUSDT\":0,\"BTCUSDT\":0}",[39m
[32m  "equity": "10018.07"[39m
[32m}[39m
[32m2025-07-20T19:39:23.275Z [INFO] Backtest Sell executed for TRUMPUSDT: 1.0000 at 10.13. Cash: 5000.07, Position: 0.0000, Profit: 0.05[39m
[32m2025-07-20T19:39:23.277Z [INFO] Equity updated {[39m
[32m  "totalCash": "5009.12",[39m
[32m  "positions": "{\"TRUMPUSDT\":0,\"BTCUSDT\":0.10032}",[39m
[32m  "equity": "10027.12"[39m
[32m}[39m
[32m2025-07-20T19:39:23.277Z [INFO] Backtest Buy executed for BTCUSDT: 0.1003 at 49869.94. Cash: 9.04, Position: 0.1003[39m
[32m2025-07-20T19:39:23.278Z [INFO] Equity updated {[39m
[32m  "totalCash": "10036.14",[39m
[32m  "positions": "{\"TRUMPUSDT\":0,\"BTCUSDT\":0}",[39m
[32m  "equity": "10036.14"[39m
[32m}[39m
[32m2025-07-20T19:39:23.279Z [INFO] Backtest Sell executed for BTCUSDT: 0.1003 at 50170.06. Cash: 5036.06, Position: 0.0000, Profit: 24.07[39m
[32m2025-07-20T19:39:23.280Z [INFO] Equity updated {[39m
[32m  "totalCash": "10026.08",[39m
[32m  "positions": "{\"TRUMPUSDT\":1,\"BTCUSDT\":0}",[39m
[32m  "equity": "10036.16"[39m
[32m}[39m
[32m2025-07-20T19:39:23.281Z [INFO] Backtest Buy executed for TRUMPUSDT: 1.0000 at 10.05. Cash: 4990.01, Position: 1.0000[39m
[32m2025-07-20T19:39:23.282Z [INFO] Equity updated {[39m
[32m  "totalCash": "10036.17",[39m
[32m  "positions": "{\"TRUMPUSDT\":0,\"BTCUSDT\":0}",[39m
[32m  "equity": "10036.17"[39m
[32m}[39m
[32m2025-07-20T19:39:23.282Z [INFO] Backtest Sell executed for TRUMPUSDT: 1.0000 at 10.11. Cash: 5000.11, Position: 0.0000, Profit: 0.05[39m
[32m2025-07-20T19:39:23.283Z [INFO] Equity updated {[39m
[32m  "totalCash": "5009.20",[39m
[32m  "positions": "{\"TRUMPUSDT\":0,\"BTCUSDT\":0.100691}",[39m
[32m  "equity": "10045.26"[39m
[32m}[39m
[32m2025-07-20T19:39:23.284Z [INFO] Backtest Buy executed for BTCUSDT: 0.1007 at 49864.96. Cash: 9.09, Position: 0.1007[39m
[32m2025-07-20T19:39:23.284Z [INFO] Equity updated {[39m
[32m  "totalCash": "10054.30",[39m
[32m  "positions": "{\"TRUMPUSDT\":0,\"BTCUSDT\":0}",[39m
[32m  "equity": "10054.30"[39m
[32m}[39m
[32m2025-07-20T19:39:23.285Z [INFO] Backtest Sell executed for BTCUSDT: 0.1007 at 50165.04. Cash: 5054.19, Position: 0.0000, Profit: 24.15[39m
[32m2025-07-20T19:39:23.287Z [INFO] Equity updated {[39m
[32m  "totalCash": "10044.20",[39m
[32m  "positions": "{\"TRUMPUSDT\":1,\"BTCUSDT\":0}",[39m
[32m  "equity": "10054.32"[39m
[32m}[39m
[32m2025-07-20T19:39:23.287Z [INFO] Backtest Buy executed for TRUMPUSDT: 1.0000 at 10.09. Cash: 4990.01, Position: 1.0000[39m
[32m2025-07-20T19:39:23.288Z [INFO] Equity updated {[39m
[32m  "totalCash": "10054.34",[39m
[32m  "positions": "{\"TRUMPUSDT\":0,\"BTCUSDT\":0}",[39m
[32m  "equity": "10054.34"[39m
[32m}[39m
[32m2025-07-20T19:39:23.288Z [INFO] Backtest Sell executed for TRUMPUSDT: 1.0000 at 10.15. Cash: 5000.15, Position: 0.0000, Profit: 0.05[39m
[32m2025-07-20T19:39:23.293Z [INFO] Equity updated {[39m
[32m  "totalCash": "5009.28",[39m
[32m  "positions": "{\"TRUMPUSDT\":0,\"BTCUSDT\":0.101033}",[39m
[32m  "equity": "10063.46"[39m
[32m}[39m
[32m2025-07-20T19:39:23.294Z [INFO] Backtest Buy executed for BTCUSDT: 0.1010 at 49874.93. Cash: 9.13, Position: 0.1010[39m
[32m2025-07-20T19:39:23.295Z [INFO] Equity updated {[39m
[32m  "totalCash": "10072.53",[39m
[32m  "positions": "{\"TRUMPUSDT\":0,\"BTCUSDT\":0}",[39m
[32m  "equity": "10072.53"[39m
[32m}[39m
[32m2025-07-20T19:39:23.296Z [INFO] Backtest Sell executed for BTCUSDT: 0.1010 at 50175.07. Cash: 5072.39, Position: 0.0000, Profit: 24.24[39m
[32m2025-07-20T19:39:23.297Z [INFO] Equity updated {[39m
[32m  "totalCash": "10062.40",[39m
[32m  "positions": "{\"TRUMPUSDT\":1,\"BTCUSDT\":0}",[39m
[32m  "equity": "10072.55"[39m
[32m}[39m
[32m2025-07-20T19:39:23.297Z [INFO] Backtest Buy executed for TRUMPUSDT: 1.0000 at 10.12. Cash: 4990.01, Position: 1.0000[39m
[32m2025-07-20T19:39:23.298Z [INFO] Equity updated {[39m
[32m  "totalCash": "10072.57",[39m
[32m  "positions": "{\"TRUMPUSDT\":0,\"BTCUSDT\":0}",[39m
[32m  "equity": "10072.57"[39m
[32m}[39m
[32m2025-07-20T19:39:23.299Z [INFO] Backtest Sell executed for TRUMPUSDT: 1.0000 at 10.18. Cash: 5000.18, Position: 0.0000, Profit: 0.05[39m
[32m2025-07-20T19:39:23.302Z [INFO] Equity updated {[39m
[32m  "totalCash": "5009.33",[39m
[32m  "positions": "{\"TRUMPUSDT\":0,\"BTCUSDT\":0.101387}",[39m
[32m  "equity": "10081.72"[39m
[32m}[39m
[32m2025-07-20T19:39:23.303Z [INFO] Backtest Buy executed for BTCUSDT: 0.1014 at 49879.91. Cash: 9.15, Position: 0.1014[39m
[32m2025-07-20T19:39:23.304Z [INFO] Equity updated {[39m
[32m  "totalCash": "10090.83",[39m
[32m  "positions": "{\"TRUMPUSDT\":0,\"BTCUSDT\":0}",[39m
[32m  "equity": "10090.83"[39m
[32m}[39m
[32m2025-07-20T19:39:23.304Z [INFO] Backtest Sell executed for BTCUSDT: 0.1014 at 50180.09. Cash: 5090.65, Position: 0.0000, Profit: 24.33[39m
[32m2025-07-20T19:39:23.309Z [INFO] Backtest completed with multi-symbol support {[39m
[32m  "metrics": {[39m
[32m    "TRUMPUSDT": {[39m
[32m      "totalProfit": 0.48,[39m
[32m      "tradeCount": 12,[39m
[32m      "winRate": 83.33,[39m
[32m      "profitFactor": null,[39m
[32m      "averageTradeProfit": 0.0404,[39m
[32m      "sharpeRatio": 2.236,[39m
[32m      "sortinoRatio": 0,[39m
[32m      "maxDrawdown": 0.9,[39m
[32m      "calmarRatio": 0,[39m
[32m      "totalVolumeTraded": 101[39m
[32m    },[39m
[32m    "BTCUSDT": {[39m
[32m      "totalProfit": 241.55,[39m
[32m      "tradeCount": 12,[39m
[32m      "winRate": 83.33,[39m
[32m      "profitFactor": null,[39m
[32m      "averageTradeProfit": 20.1294,[39m
[32m      "sharpeRatio": 2.2359,[39m
[32m      "sortinoRatio": 0,[39m
[32m      "maxDrawdown": 0.9,[39m
[32m      "calmarRatio": 0,[39m
[32m      "totalVolumeTraded": 50361.27[39m
[32m    },[39m
[32m    "aggregate": {[39m
[32m      "sharpeRatio": 2.23595,[39m
[32m      "sortinoRatio": 0,[39m
[32m      "maxDrawdown": 0.9,[39m
[32m      "winRate": 83.33,[39m
[32m      "profitFactor": null,[39m
[32m      "calmarRatio": 0,[39m
[32m      "totalProfit": 242.03,[39m
[32m      "finalEquity": 10090.832082399997,[39m
[32m      "totalTradeCount": 24,[39m
[32m      "averageTradeProfit": 10.084583333333333,[39m
[32m      "totalVolumeTraded": 50462.27[39m
[32m    }[39m
[32m  }[39m
[32m}[39m
[32m2025-07-20T19:47:29.254Z [INFO] Loaded historical data for TRUMPUSDT from data/historical_prices_trumpusdt.json[39m
[32m2025-07-20T19:47:29.277Z [INFO] Loaded historical data for BTCUSDT from data/historical_prices_btcusdt.json[39m
[32m2025-07-20T19:47:29.285Z [INFO] Starting backtest with 12 events across 2 symbols.[39m
[33m2025-07-20T19:47:29.307Z [WARN] Zero stop-loss distance for TRUMPUSDT. Cannot calculate order size. {[39m
[33m  "symbol": "TRUMPUSDT",[39m
[33m  "currentPrice": 10,[39m
[33m  "volatility": 0[39m
[33m}[39m
[32m2025-07-20T19:47:29.369Z [INFO] Equity updated {[39m
[32m  "totalCash": "10000.00",[39m
[32m  "positions": "{\"TRUMPUSDT\":0,\"BTCUSDT\":0}",[39m
[32m  "equity": "10000.00"[39m
[32m}[39m
[32m2025-07-20T19:47:29.371Z [INFO] Backtest Buy executed for TRUMPUSDT: 0.0000 at 9.97. Cash: 5000.00, Position: 0.0000[39m
[32m2025-07-20T19:47:29.374Z [INFO] Equity updated {[39m
[32m  "totalCash": "10000.00",[39m
[32m  "positions": "{\"TRUMPUSDT\":0,\"BTCUSDT\":0}",[39m
[32m  "equity": "10000.00"[39m
[32m}[39m
[32m2025-07-20T19:47:29.374Z [INFO] Backtest Sell executed for TRUMPUSDT: 0.0000 at 10.03. Cash: 5000.00, Position: 0.0000, Profit: 0.00[39m
[33m2025-07-20T19:47:29.376Z [WARN] Zero stop-loss distance for BTCUSDT. Cannot calculate order size. {[39m
[33m  "symbol": "BTCUSDT",[39m
[33m  "currentPrice": 50000,[39m
[33m  "volatility": 0[39m
[33m}[39m
[32m2025-07-20T19:47:29.390Z [INFO] Equity updated {[39m
[32m  "totalCash": "10000.00",[39m
[32m  "positions": "{\"TRUMPUSDT\":0,\"BTCUSDT\":0}",[39m
[32m  "equity": "10000.00"[39m
[32m}[39m
[32m2025-07-20T19:47:29.438Z [INFO] Backtest Buy executed for BTCUSDT: 0.0000 at 49850.00. Cash: 5000.00, Position: 0.0000[39m
[32m2025-07-20T19:47:29.448Z [INFO] Equity updated {[39m
[32m  "totalCash": "10000.00",[39m
[32m  "positions": "{\"TRUMPUSDT\":0,\"BTCUSDT\":0}",[39m
[32m  "equity": "10000.00"[39m
[32m}[39m
[32m2025-07-20T19:47:29.449Z [INFO] Backtest Sell executed for BTCUSDT: 0.0000 at 50150.00. Cash: 5000.00, Position: 0.0000, Profit: 0.00[39m
[32m2025-07-20T19:47:29.452Z [INFO] Equity updated {[39m
[32m  "totalCash": "9989.97",[39m
[32m  "positions": "{\"TRUMPUSDT\":1,\"BTCUSDT\":0}",[39m
[32m  "equity": "10000.02"[39m
[32m}[39m
[32m2025-07-20T19:47:29.453Z [INFO] Backtest Buy executed for TRUMPUSDT: 1.0000 at 10.02. Cash: 4989.97, Position: 1.0000[39m
[32m2025-07-20T19:47:29.454Z [INFO] Equity updated {[39m
[32m  "totalCash": "10000.04",[39m
[32m  "positions": "{\"TRUMPUSDT\":0,\"BTCUSDT\":0}",[39m
[32m  "equity": "10000.04"[39m
[32m}[39m
[32m2025-07-20T19:47:29.454Z [INFO] Backtest Sell executed for TRUMPUSDT: 1.0000 at 10.08. Cash: 5000.04, Position: 0.0000, Profit: 0.05[39m
[32m2025-07-20T19:47:29.471Z [INFO] Equity updated {[39m
[32m  "totalCash": "5009.05",[39m
[32m  "positions": "{\"TRUMPUSDT\":0,\"BTCUSDT\":0.09998}",[39m
[32m  "equity": "10009.05"[39m
[32m}[39m
[32m2025-07-20T19:47:29.471Z [INFO] Backtest Buy executed for BTCUSDT: 0.1000 at 49859.97. Cash: 9.02, Position: 0.1000[39m
[32m2025-07-20T19:47:29.494Z [INFO] Equity updated {[39m
[32m  "totalCash": "10018.04",[39m
[32m  "positions": "{\"TRUMPUSDT\":0,\"BTCUSDT\":0}",[39m
[32m  "equity": "10018.04"[39m
[32m}[39m
[32m2025-07-20T19:47:29.495Z [INFO] Backtest Sell executed for BTCUSDT: 0.1000 at 50160.03. Cash: 5018.00, Position: 0.0000, Profit: 23.98[39m
[32m2025-07-20T19:47:29.500Z [INFO] Equity updated {[39m
[32m  "totalCash": "10007.95",[39m
[32m  "positions": "{\"TRUMPUSDT\":1,\"BTCUSDT\":0}",[39m
[32m  "equity": "10018.05"[39m
[32m}[39m
[32m2025-07-20T19:47:29.501Z [INFO] Backtest Buy executed for TRUMPUSDT: 1.0000 at 10.07. Cash: 4989.95, Position: 1.0000[39m
[32m2025-07-20T19:47:29.505Z [INFO] Equity updated {[39m
[32m  "totalCash": "10018.07",[39m
[32m  "positions": "{\"TRUMPUSDT\":0,\"BTCUSDT\":0}",[39m
[32m  "equity": "10018.07"[39m
[32m}[39m
[32m2025-07-20T19:47:29.508Z [INFO] Backtest Sell executed for TRUMPUSDT: 1.0000 at 10.13. Cash: 5000.07, Position: 0.0000, Profit: 0.05[39m
[32m2025-07-20T19:47:29.514Z [INFO] Equity updated {[39m
[32m  "totalCash": "5009.12",[39m
[32m  "positions": "{\"TRUMPUSDT\":0,\"BTCUSDT\":0.10032}",[39m
[32m  "equity": "10027.12"[39m
[32m}[39m
[32m2025-07-20T19:47:29.515Z [INFO] Backtest Buy executed for BTCUSDT: 0.1003 at 49869.94. Cash: 9.04, Position: 0.1003[39m
[32m2025-07-20T19:47:29.516Z [INFO] Equity updated {[39m
[32m  "totalCash": "10036.14",[39m
[32m  "positions": "{\"TRUMPUSDT\":0,\"BTCUSDT\":0}",[39m
[32m  "equity": "10036.14"[39m
[32m}[39m
[32m2025-07-20T19:47:29.516Z [INFO] Backtest Sell executed for BTCUSDT: 0.1003 at 50170.06. Cash: 5036.06, Position: 0.0000, Profit: 24.07[39m
[32m2025-07-20T19:47:29.517Z [INFO] Equity updated {[39m
[32m  "totalCash": "10026.08",[39m
[32m  "positions": "{\"TRUMPUSDT\":1,\"BTCUSDT\":0}",[39m
[32m  "equity": "10036.16"[39m
[32m}[39m
[32m2025-07-20T19:47:29.518Z [INFO] Backtest Buy executed for TRUMPUSDT: 1.0000 at 10.05. Cash: 4990.01, Position: 1.0000[39m
[32m2025-07-20T19:47:29.518Z [INFO] Equity updated {[39m
[32m  "totalCash": "10036.17",[39m
[32m  "positions": "{\"TRUMPUSDT\":0,\"BTCUSDT\":0}",[39m
[32m  "equity": "10036.17"[39m
[32m}[39m
[32m2025-07-20T19:47:29.522Z [INFO] Backtest Sell executed for TRUMPUSDT: 1.0000 at 10.11. Cash: 5000.11, Position: 0.0000, Profit: 0.05[39m
[32m2025-07-20T19:47:29.523Z [INFO] Equity updated {[39m
[32m  "totalCash": "5009.20",[39m
[32m  "positions": "{\"TRUMPUSDT\":0,\"BTCUSDT\":0.100691}",[39m
[32m  "equity": "10045.26"[39m
[32m}[39m
[32m2025-07-20T19:47:29.525Z [INFO] Backtest Buy executed for BTCUSDT: 0.1007 at 49864.96. Cash: 9.09, Position: 0.1007[39m
[32m2025-07-20T19:47:29.525Z [INFO] Equity updated {[39m
[32m  "totalCash": "10054.30",[39m
[32m  "positions": "{\"TRUMPUSDT\":0,\"BTCUSDT\":0}",[39m
[32m  "equity": "10054.30"[39m
[32m}[39m
[32m2025-07-20T19:47:29.526Z [INFO] Backtest Sell executed for BTCUSDT: 0.1007 at 50165.04. Cash: 5054.19, Position: 0.0000, Profit: 24.15[39m
[32m2025-07-20T19:47:29.528Z [INFO] Equity updated {[39m
[32m  "totalCash": "10044.20",[39m
[32m  "positions": "{\"TRUMPUSDT\":1,\"BTCUSDT\":0}",[39m
[32m  "equity": "10054.32"[39m
[32m}[39m
[32m2025-07-20T19:47:29.528Z [INFO] Backtest Buy executed for TRUMPUSDT: 1.0000 at 10.09. Cash: 4990.01, Position: 1.0000[39m
[32m2025-07-20T19:47:29.529Z [INFO] Equity updated {[39m
[32m  "totalCash": "10054.34",[39m
[32m  "positions": "{\"TRUMPUSDT\":0,\"BTCUSDT\":0}",[39m
[32m  "equity": "10054.34"[39m
[32m}[39m
[32m2025-07-20T19:47:29.529Z [INFO] Backtest Sell executed for TRUMPUSDT: 1.0000 at 10.15. Cash: 5000.15, Position: 0.0000, Profit: 0.05[39m
[32m2025-07-20T19:47:29.537Z [INFO] Equity updated {[39m
[32m  "totalCash": "5009.28",[39m
[32m  "positions": "{\"TRUMPUSDT\":0,\"BTCUSDT\":0.101033}",[39m
[32m  "equity": "10063.46"[39m
[32m}[39m
[32m2025-07-20T19:47:29.539Z [INFO] Backtest Buy executed for BTCUSDT: 0.1010 at 49874.93. Cash: 9.13, Position: 0.1010[39m
[32m2025-07-20T19:47:29.548Z [INFO] Equity updated {[39m
[32m  "totalCash": "10072.53",[39m
[32m  "positions": "{\"TRUMPUSDT\":0,\"BTCUSDT\":0}",[39m
[32m  "equity": "10072.53"[39m
[32m}[39m
[32m2025-07-20T19:47:29.549Z [INFO] Backtest Sell executed for BTCUSDT: 0.1010 at 50175.07. Cash: 5072.39, Position: 0.0000, Profit: 24.24[39m
[32m2025-07-20T19:47:29.554Z [INFO] Equity updated {[39m
[32m  "totalCash": "10062.40",[39m
[32m  "positions": "{\"TRUMPUSDT\":1,\"BTCUSDT\":0}",[39m
[32m  "equity": "10072.55"[39m
[32m}[39m
[32m2025-07-20T19:47:29.554Z [INFO] Backtest Buy executed for TRUMPUSDT: 1.0000 at 10.12. Cash: 4990.01, Position: 1.0000[39m
[32m2025-07-20T19:47:29.555Z [INFO] Equity updated {[39m
[32m  "totalCash": "10072.57",[39m
[32m  "positions": "{\"TRUMPUSDT\":0,\"BTCUSDT\":0}",[39m
[32m  "equity": "10072.57"[39m
[32m}[39m
[32m2025-07-20T19:47:29.556Z [INFO] Backtest Sell executed for TRUMPUSDT: 1.0000 at 10.18. Cash: 5000.18, Position: 0.0000, Profit: 0.05[39m
[32m2025-07-20T19:47:29.557Z [INFO] Equity updated {[39m
[32m  "totalCash": "5009.33",[39m
[32m  "positions": "{\"TRUMPUSDT\":0,\"BTCUSDT\":0.101387}",[39m
[32m  "equity": "10081.72"[39m
[32m}[39m
[32m2025-07-20T19:47:29.558Z [INFO] Backtest Buy executed for BTCUSDT: 0.1014 at 49879.91. Cash: 9.15, Position: 0.1014[39m
[32m2025-07-20T19:47:29.559Z [INFO] Equity updated {[39m
[32m  "totalCash": "10090.83",[39m
[32m  "positions": "{\"TRUMPUSDT\":0,\"BTCUSDT\":0}",[39m
[32m  "equity": "10090.83"[39m
[32m}[39m
[32m2025-07-20T19:47:29.559Z [INFO] Backtest Sell executed for BTCUSDT: 0.1014 at 50180.09. Cash: 5090.65, Position: 0.0000, Profit: 24.33[39m
[32m2025-07-20T19:47:29.576Z [INFO] Backtest completed with multi-symbol support {[39m
[32m  "metrics": {[39m
[32m    "TRUMPUSDT": {[39m
[32m      "totalProfit": 0.48,[39m
[32m      "tradeCount": 12,[39m
[32m      "winRate": 83.33,[39m
[32m      "profitFactor": null,[39m
[32m      "averageTradeProfit": 0.0404,[39m
[32m      "sharpeRatio": 2.236,[39m
[32m      "sortinoRatio": 0,[39m
[32m      "maxDrawdown": 0.9,[39m
[32m      "calmarRatio": 0,[39m
[32m      "totalVolumeTraded": 101[39m
[32m    },[39m
[32m    "BTCUSDT": {[39m
[32m      "totalProfit": 241.55,[39m
[32m      "tradeCount": 12,[39m
[32m      "winRate": 83.33,[39m
[32m      "profitFactor": null,[39m
[32m      "averageTradeProfit": 20.1294,[39m
[32m      "sharpeRatio": 2.2359,[39m
[32m      "sortinoRatio": 0,[39m
[32m      "maxDrawdown": 0.9,[39m
[32m      "calmarRatio": 0,[39m
[32m      "totalVolumeTraded": 50361.27[39m
[32m    },[39m
[32m    "aggregate": {[39m
[32m      "sharpeRatio": 2.23595,[39m
[32m      "sortinoRatio": 0,[39m
[32m      "maxDrawdown": 0.9,[39m
[32m      "winRate": 83.33,[39m
[32m      "profitFactor": null,[39m
[32m      "calmarRatio": 0,[39m
[32m      "totalProfit": 242.03,[39m
[32m      "finalEquity": 10090.832082399997,[39m
[32m      "totalTradeCount": 24,[39m
[32m      "averageTradeProfit": 10.084583333333333,[39m
[32m      "totalVolumeTraded": 50462.27[39m
[32m    }[39m
[32m  }[39m
[32m}[39m
[32m2025-07-20T19:50:17.505Z [INFO] Loaded historical data for TRUMPUSDT from data/historical_prices_trumpusdt.json[39m
[32m2025-07-20T19:50:17.581Z [INFO] Loaded historical data for BTCUSDT from data/historical_prices_btcusdt.json[39m
[32m2025-07-20T19:50:17.588Z [INFO] Starting backtest with 12 events across 2 symbols.[39m
[33m2025-07-20T19:50:17.593Z [WARN] Zero stop-loss distance for TRUMPUSDT. Cannot calculate order size. {[39m
[33m  "symbol": "TRUMPUSDT",[39m
[33m  "currentPrice": 10,[39m
[33m  "volatility": 0[39m
[33m}[39m
[32m2025-07-20T19:50:17.598Z [INFO] Equity updated {[39m
[32m  "totalCash": "10000.00",[39m
[32m  "positions": "{\"TRUMPUSDT\":0,\"BTCUSDT\":0}",[39m
[32m  "equity": "10000.00"[39m
[32m}[39m
[32m2025-07-20T19:50:17.603Z [INFO] Backtest Buy executed for TRUMPUSDT: 0.0000 at 9.97. Cash: 5000.00, Position: 0.0000[39m
[32m2025-07-20T19:50:17.608Z [INFO] Equity updated {[39m
[32m  "totalCash": "10000.00",[39m
[32m  "positions": "{\"TRUMPUSDT\":0,\"BTCUSDT\":0}",[39m
[32m  "equity": "10000.00"[39m
[32m}[39m
[32m2025-07-20T19:50:17.610Z [INFO] Backtest Sell executed for TRUMPUSDT: 0.0000 at 10.03. Cash: 5000.00, Position: 0.0000, Profit: 0.00[39m
[33m2025-07-20T19:50:17.614Z [WARN] Zero stop-loss distance for BTCUSDT. Cannot calculate order size. {[39m
[33m  "symbol": "BTCUSDT",[39m
[33m  "currentPrice": 50000,[39m
[33m  "volatility": 0[39m
[33m}[39m
[32m2025-07-20T19:50:17.617Z [INFO] Equity updated {[39m
[32m  "totalCash": "10000.00",[39m
[32m  "positions": "{\"TRUMPUSDT\":0,\"BTCUSDT\":0}",[39m
[32m  "equity": "10000.00"[39m
[32m}[39m
[32m2025-07-20T19:50:17.619Z [INFO] Backtest Buy executed for BTCUSDT: 0.0000 at 49850.00. Cash: 5000.00, Position: 0.0000[39m
[32m2025-07-20T19:50:17.623Z [INFO] Equity updated {[39m
[32m  "totalCash": "10000.00",[39m
[32m  "positions": "{\"TRUMPUSDT\":0,\"BTCUSDT\":0}",[39m
[32m  "equity": "10000.00"[39m
[32m}[39m
[32m2025-07-20T19:50:17.627Z [INFO] Backtest Sell executed for BTCUSDT: 0.0000 at 50150.00. Cash: 5000.00, Position: 0.0000, Profit: 0.00[39m
[32m2025-07-20T19:50:17.637Z [INFO] Equity updated {[39m
[32m  "totalCash": "9989.97",[39m
[32m  "positions": "{\"TRUMPUSDT\":1,\"BTCUSDT\":0}",[39m
[32m  "equity": "10000.02"[39m
[32m}[39m
[32m2025-07-20T19:50:17.637Z [INFO] Backtest Buy executed for TRUMPUSDT: 1.0000 at 10.02. Cash: 4989.97, Position: 1.0000[39m
[32m2025-07-20T19:50:17.638Z [INFO] Equity updated {[39m
[32m  "totalCash": "10000.04",[39m
[32m  "positions": "{\"TRUMPUSDT\":0,\"BTCUSDT\":0}",[39m
[32m  "equity": "10000.04"[39m
[32m}[39m
[32m2025-07-20T19:50:17.639Z [INFO] Backtest Sell executed for TRUMPUSDT: 1.0000 at 10.08. Cash: 5000.04, Position: 0.0000, Profit: 0.05[39m
[32m2025-07-20T19:50:17.645Z [INFO] Equity updated {[39m
[32m  "totalCash": "5009.05",[39m
[32m  "positions": "{\"TRUMPUSDT\":0,\"BTCUSDT\":0.09998}",[39m
[32m  "equity": "10009.05"[39m
[32m}[39m
[32m2025-07-20T19:50:17.648Z [INFO] Backtest Buy executed for BTCUSDT: 0.1000 at 49859.97. Cash: 9.02, Position: 0.1000[39m
[32m2025-07-20T19:50:17.653Z [INFO] Equity updated {[39m
[32m  "totalCash": "10018.04",[39m
[32m  "positions": "{\"TRUMPUSDT\":0,\"BTCUSDT\":0}",[39m
[32m  "equity": "10018.04"[39m
[32m}[39m
[32m2025-07-20T19:50:17.654Z [INFO] Backtest Sell executed for BTCUSDT: 0.1000 at 50160.03. Cash: 5018.00, Position: 0.0000, Profit: 23.98[39m
[32m2025-07-20T19:50:17.659Z [INFO] Equity updated {[39m
[32m  "totalCash": "10007.95",[39m
[32m  "positions": "{\"TRUMPUSDT\":1,\"BTCUSDT\":0}",[39m
[32m  "equity": "10018.05"[39m
[32m}[39m
[32m2025-07-20T19:50:17.661Z [INFO] Backtest Buy executed for TRUMPUSDT: 1.0000 at 10.07. Cash: 4989.95, Position: 1.0000[39m
[32m2025-07-20T19:50:17.668Z [INFO] Equity updated {[39m
[32m  "totalCash": "10018.07",[39m
[32m  "positions": "{\"TRUMPUSDT\":0,\"BTCUSDT\":0}",[39m
[32m  "equity": "10018.07"[39m
[32m}[39m
[32m2025-07-20T19:50:17.669Z [INFO] Backtest Sell executed for TRUMPUSDT: 1.0000 at 10.13. Cash: 5000.07, Position: 0.0000, Profit: 0.05[39m
[32m2025-07-20T19:50:17.670Z [INFO] Equity updated {[39m
[32m  "totalCash": "5009.12",[39m
[32m  "positions": "{\"TRUMPUSDT\":0,\"BTCUSDT\":0.10032}",[39m
[32m  "equity": "10027.12"[39m
[32m}[39m
[32m2025-07-20T19:50:17.671Z [INFO] Backtest Buy executed for BTCUSDT: 0.1003 at 49869.94. Cash: 9.04, Position: 0.1003[39m
[32m2025-07-20T19:50:17.672Z [INFO] Equity updated {[39m
[32m  "totalCash": "10036.14",[39m
[32m  "positions": "{\"TRUMPUSDT\":0,\"BTCUSDT\":0}",[39m
[32m  "equity": "10036.14"[39m
[32m}[39m
[32m2025-07-20T19:50:17.673Z [INFO] Backtest Sell executed for BTCUSDT: 0.1003 at 50170.06. Cash: 5036.06, Position: 0.0000, Profit: 24.07[39m
[32m2025-07-20T19:50:17.680Z [INFO] Equity updated {[39m
[32m  "totalCash": "10026.08",[39m
[32m  "positions": "{\"TRUMPUSDT\":1,\"BTCUSDT\":0}",[39m
[32m  "equity": "10036.16"[39m
[32m}[39m
[32m2025-07-20T19:50:17.681Z [INFO] Backtest Buy executed for TRUMPUSDT: 1.0000 at 10.05. Cash: 4990.01, Position: 1.0000[39m
[32m2025-07-20T19:50:17.682Z [INFO] Equity updated {[39m
[32m  "totalCash": "10036.17",[39m
[32m  "positions": "{\"TRUMPUSDT\":0,\"BTCUSDT\":0}",[39m
[32m  "equity": "10036.17"[39m
[32m}[39m
[32m2025-07-20T19:50:17.683Z [INFO] Backtest Sell executed for TRUMPUSDT: 1.0000 at 10.11. Cash: 5000.11, Position: 0.0000, Profit: 0.05[39m
[32m2025-07-20T19:50:17.685Z [INFO] Equity updated {[39m
[32m  "totalCash": "5009.20",[39m
[32m  "positions": "{\"TRUMPUSDT\":0,\"BTCUSDT\":0.100691}",[39m
[32m  "equity": "10045.26"[39m
[32m}[39m
[32m2025-07-20T19:50:17.686Z [INFO] Backtest Buy executed for BTCUSDT: 0.1007 at 49864.96. Cash: 9.09, Position: 0.1007[39m
[32m2025-07-20T19:50:17.686Z [INFO] Equity updated {[39m
[32m  "totalCash": "10054.30",[39m
[32m  "positions": "{\"TRUMPUSDT\":0,\"BTCUSDT\":0}",[39m
[32m  "equity": "10054.30"[39m
[32m}[39m
[32m2025-07-20T19:50:17.686Z [INFO] Backtest Sell executed for BTCUSDT: 0.1007 at 50165.04. Cash: 5054.19, Position: 0.0000, Profit: 24.15[39m
[32m2025-07-20T19:50:17.688Z [INFO] Equity updated {[39m
[32m  "totalCash": "10044.20",[39m
[32m  "positions": "{\"TRUMPUSDT\":1,\"BTCUSDT\":0}",[39m
[32m  "equity": "10054.32"[39m
[32m}[39m
[32m2025-07-20T19:50:17.689Z [INFO] Backtest Buy executed for TRUMPUSDT: 1.0000 at 10.09. Cash: 4990.01, Position: 1.0000[39m
[32m2025-07-20T19:50:17.690Z [INFO] Equity updated {[39m
[32m  "totalCash": "10054.34",[39m
[32m  "positions": "{\"TRUMPUSDT\":0,\"BTCUSDT\":0}",[39m
[32m  "equity": "10054.34"[39m
[32m}[39m
[32m2025-07-20T19:50:17.691Z [INFO] Backtest Sell executed for TRUMPUSDT: 1.0000 at 10.15. Cash: 5000.15, Position: 0.0000, Profit: 0.05[39m
[32m2025-07-20T19:50:17.700Z [INFO] Equity updated {[39m
[32m  "totalCash": "5009.28",[39m
[32m  "positions": "{\"TRUMPUSDT\":0,\"BTCUSDT\":0.101033}",[39m
[32m  "equity": "10063.46"[39m
[32m}[39m
[32m2025-07-20T19:50:17.701Z [INFO] Backtest Buy executed for BTCUSDT: 0.1010 at 49874.93. Cash: 9.13, Position: 0.1010[39m
[32m2025-07-20T19:50:17.703Z [INFO] Equity updated {[39m
[32m  "totalCash": "10072.53",[39m
[32m  "positions": "{\"TRUMPUSDT\":0,\"BTCUSDT\":0}",[39m
[32m  "equity": "10072.53"[39m
[32m}[39m
[32m2025-07-20T19:50:17.704Z [INFO] Backtest Sell executed for BTCUSDT: 0.1010 at 50175.07. Cash: 5072.39, Position: 0.0000, Profit: 24.24[39m
[32m2025-07-20T19:50:17.714Z [INFO] Equity updated {[39m
[32m  "totalCash": "10062.40",[39m
[32m  "positions": "{\"TRUMPUSDT\":1,\"BTCUSDT\":0}",[39m
[32m  "equity": "10072.55"[39m
[32m}[39m
[32m2025-07-20T19:50:17.717Z [INFO] Backtest Buy executed for TRUMPUSDT: 1.0000 at 10.12. Cash: 4990.01, Position: 1.0000[39m
[32m2025-07-20T19:50:17.717Z [INFO] Equity updated {[39m
[32m  "totalCash": "10072.57",[39m
[32m  "positions": "{\"TRUMPUSDT\":0,\"BTCUSDT\":0}",[39m
[32m  "equity": "10072.57"[39m
[32m}[39m
[32m2025-07-20T19:50:17.720Z [INFO] Backtest Sell executed for TRUMPUSDT: 1.0000 at 10.18. Cash: 5000.18, Position: 0.0000, Profit: 0.05[39m
[32m2025-07-20T19:50:17.723Z [INFO] Equity updated {[39m
[32m  "totalCash": "5009.33",[39m
[32m  "positions": "{\"TRUMPUSDT\":0,\"BTCUSDT\":0.101387}",[39m
[32m  "equity": "10081.72"[39m
[32m}[39m
[32m2025-07-20T19:50:17.724Z [INFO] Backtest Buy executed for BTCUSDT: 0.1014 at 49879.91. Cash: 9.15, Position: 0.1014[39m
[32m2025-07-20T19:50:17.725Z [INFO] Equity updated {[39m
[32m  "totalCash": "10090.83",[39m
[32m  "positions": "{\"TRUMPUSDT\":0,\"BTCUSDT\":0}",[39m
[32m  "equity": "10090.83"[39m
[32m}[39m
[32m2025-07-20T19:50:17.725Z [INFO] Backtest Sell executed for BTCUSDT: 0.1014 at 50180.09. Cash: 5090.65, Position: 0.0000, Profit: 24.33[39m
[32m2025-07-20T19:50:17.745Z [INFO] Backtest completed with multi-symbol support {[39m
[32m  "metrics": {[39m
[32m    "TRUMPUSDT": {[39m
[32m      "totalProfit": 0.48,[39m
[32m      "tradeCount": 12,[39m
[32m      "winRate": 83.33,[39m
[32m      "profitFactor": null,[39m
[32m      "averageTradeProfit": 0.0404,[39m
[32m      "sharpeRatio": 2.236,[39m
[32m      "sortinoRatio": 0,[39m
[32m      "maxDrawdown": 0.9,[39m
[32m      "calmarRatio": 0,[39m
[32m      "totalVolumeTraded": 101[39m
[32m    },[39m
[32m    "BTCUSDT": {[39m
[32m      "totalProfit": 241.55,[39m
[32m      "tradeCount": 12,[39m
[32m      "winRate": 83.33,[39m
[32m      "profitFactor": null,[39m
[32m      "averageTradeProfit": 20.1294,[39m
[32m      "sharpeRatio": 2.2359,[39m
[32m      "sortinoRatio": 0,[39m
[32m      "maxDrawdown": 0.9,[39m
[32m      "calmarRatio": 0,[39m
[32m      "totalVolumeTraded": 50361.27[39m
[32m    },[39m
[32m    "aggregate": {[39m
[32m      "sharpeRatio": 2.23595,[39m
[32m      "sortinoRatio": 0,[39m
[32m      "maxDrawdown": 0.9,[39m
[32m      "winRate": 83.33,[39m
[32m      "profitFactor": null,[39m
[32m      "calmarRatio": 0,[39m
[32m      "totalProfit": 242.03,[39m
[32m      "finalEquity": 10090.832082399997,[39m
[32m      "totalTradeCount": 24,[39m
[32m      "averageTradeProfit": 10.084583333333333,[39m
[32m      "totalVolumeTraded": 50462.27[39m
[32m    }[39m
[32m  }[39m
[32m}[39m
[32m2025-07-20T19:57:53.693Z [INFO] Loaded historical data for TRUMPUSDT from data/historical_prices_trumpusdt.json[39m
[32m2025-07-20T19:57:53.710Z [INFO] Loaded historical data for BTCUSDT from data/historical_prices_btcusdt.json[39m
[32m2025-07-20T19:57:53.714Z [INFO] Starting backtest with 12 events across 2 symbols.[39m
[33m2025-07-20T19:57:53.718Z [WARN] Zero stop-loss distance for TRUMPUSDT. Cannot calculate order size. {[39m
[33m  "symbol": "TRUMPUSDT",[39m
[33m  "currentPrice": 10,[39m
[33m  "volatility": 0[39m
[33m}[39m
[32m2025-07-20T19:57:53.723Z [INFO] Equity updated {[39m
[32m  "totalCash": "10000.00",[39m
[32m  "positions": "{\"TRUMPUSDT\":0,\"BTCUSDT\":0}",[39m
[32m  "equity": "10000.00"[39m
[32m}[39m
[32m2025-07-20T19:57:53.727Z [INFO] Backtest Buy executed for TRUMPUSDT: 0.0000 at 9.97. Cash: 5000.00, Position: 0.0000[39m
[32m2025-07-20T19:57:53.729Z [INFO] Equity updated {[39m
[32m  "totalCash": "10000.00",[39m
[32m  "positions": "{\"TRUMPUSDT\":0,\"BTCUSDT\":0}",[39m
[32m  "equity": "10000.00"[39m
[32m}[39m
[32m2025-07-20T19:57:53.730Z [INFO] Backtest Sell executed for TRUMPUSDT: 0.0000 at 10.03. Cash: 5000.00, Position: 0.0000, Profit: 0.00[39m
[33m2025-07-20T19:57:53.734Z [WARN] Zero stop-loss distance for BTCUSDT. Cannot calculate order size. {[39m
[33m  "symbol": "BTCUSDT",[39m
[33m  "currentPrice": 50000,[39m
[33m  "volatility": 0[39m
[33m}[39m
[32m2025-07-20T19:57:53.736Z [INFO] Equity updated {[39m
[32m  "totalCash": "10000.00",[39m
[32m  "positions": "{\"TRUMPUSDT\":0,\"BTCUSDT\":0}",[39m
[32m  "equity": "10000.00"[39m
[32m}[39m
[32m2025-07-20T19:57:53.738Z [INFO] Backtest Buy executed for BTCUSDT: 0.0000 at 49850.00. Cash: 5000.00, Position: 0.0000[39m
[32m2025-07-20T19:57:53.738Z [INFO] Equity updated {[39m
[32m  "totalCash": "10000.00",[39m
[32m  "positions": "{\"TRUMPUSDT\":0,\"BTCUSDT\":0}",[39m
[32m  "equity": "10000.00"[39m
[32m}[39m
[32m2025-07-20T19:57:53.739Z [INFO] Backtest Sell executed for BTCUSDT: 0.0000 at 50150.00. Cash: 5000.00, Position: 0.0000, Profit: 0.00[39m
[32m2025-07-20T19:57:53.742Z [INFO] Equity updated {[39m
[32m  "totalCash": "9989.97",[39m
[32m  "positions": "{\"TRUMPUSDT\":1,\"BTCUSDT\":0}",[39m
[32m  "equity": "10000.02"[39m
[32m}[39m
[32m2025-07-20T19:57:53.743Z [INFO] Backtest Buy executed for TRUMPUSDT: 1.0000 at 10.02. Cash: 4989.97, Position: 1.0000[39m
[32m2025-07-20T19:57:53.743Z [INFO] Equity updated {[39m
[32m  "totalCash": "10000.04",[39m
[32m  "positions": "{\"TRUMPUSDT\":0,\"BTCUSDT\":0}",[39m
[32m  "equity": "10000.04"[39m
[32m}[39m
[32m2025-07-20T19:57:53.744Z [INFO] Backtest Sell executed for TRUMPUSDT: 1.0000 at 10.08. Cash: 5000.04, Position: 0.0000, Profit: 0.05[39m
[32m2025-07-20T19:57:53.745Z [INFO] Equity updated {[39m
[32m  "totalCash": "5009.05",[39m
[32m  "positions": "{\"TRUMPUSDT\":0,\"BTCUSDT\":0.09998}",[39m
[32m  "equity": "10009.05"[39m
[32m}[39m
[32m2025-07-20T19:57:53.746Z [INFO] Backtest Buy executed for BTCUSDT: 0.1000 at 49859.97. Cash: 9.02, Position: 0.1000[39m
[32m2025-07-20T19:57:53.746Z [INFO] Equity updated {[39m
[32m  "totalCash": "10018.04",[39m
[32m  "positions": "{\"TRUMPUSDT\":0,\"BTCUSDT\":0}",[39m
[32m  "equity": "10018.04"[39m
[32m}[39m
[32m2025-07-20T19:57:53.747Z [INFO] Backtest Sell executed for BTCUSDT: 0.1000 at 50160.03. Cash: 5018.00, Position: 0.0000, Profit: 23.98[39m
[32m2025-07-20T19:57:53.748Z [INFO] Equity updated {[39m
[32m  "totalCash": "10007.95",[39m
[32m  "positions": "{\"TRUMPUSDT\":1,\"BTCUSDT\":0}",[39m
[32m  "equity": "10018.05"[39m
[32m}[39m
[32m2025-07-20T19:57:53.748Z [INFO] Backtest Buy executed for TRUMPUSDT: 1.0000 at 10.07. Cash: 4989.95, Position: 1.0000[39m
[32m2025-07-20T19:57:53.749Z [INFO] Equity updated {[39m
[32m  "totalCash": "10018.07",[39m
[32m  "positions": "{\"TRUMPUSDT\":0,\"BTCUSDT\":0}",[39m
[32m  "equity": "10018.07"[39m
[32m}[39m
[32m2025-07-20T19:57:53.749Z [INFO] Backtest Sell executed for TRUMPUSDT: 1.0000 at 10.13. Cash: 5000.07, Position: 0.0000, Profit: 0.05[39m
[32m2025-07-20T19:57:53.750Z [INFO] Equity updated {[39m
[32m  "totalCash": "5009.12",[39m
[32m  "positions": "{\"TRUMPUSDT\":0,\"BTCUSDT\":0.10032}",[39m
[32m  "equity": "10027.12"[39m
[32m}[39m
[32m2025-07-20T19:57:53.750Z [INFO] Backtest Buy executed for BTCUSDT: 0.1003 at 49869.94. Cash: 9.04, Position: 0.1003[39m
[32m2025-07-20T19:57:53.750Z [INFO] Equity updated {[39m
[32m  "totalCash": "10036.14",[39m
[32m  "positions": "{\"TRUMPUSDT\":0,\"BTCUSDT\":0}",[39m
[32m  "equity": "10036.14"[39m
[32m}[39m
[32m2025-07-20T19:57:53.751Z [INFO] Backtest Sell executed for BTCUSDT: 0.1003 at 50170.06. Cash: 5036.06, Position: 0.0000, Profit: 24.07[39m
[32m2025-07-20T19:57:53.751Z [INFO] Equity updated {[39m
[32m  "totalCash": "10026.08",[39m
[32m  "positions": "{\"TRUMPUSDT\":1,\"BTCUSDT\":0}",[39m
[32m  "equity": "10036.16"[39m
[32m}[39m
[32m2025-07-20T19:57:53.751Z [INFO] Backtest Buy executed for TRUMPUSDT: 1.0000 at 10.05. Cash: 4990.01, Position: 1.0000[39m
[32m2025-07-20T19:57:53.753Z [INFO] Equity updated {[39m
[32m  "totalCash": "10036.17",[39m
[32m  "positions": "{\"TRUMPUSDT\":0,\"BTCUSDT\":0}",[39m
[32m  "equity": "10036.17"[39m
[32m}[39m
[32m2025-07-20T19:57:53.754Z [INFO] Backtest Sell executed for TRUMPUSDT: 1.0000 at 10.11. Cash: 5000.11, Position: 0.0000, Profit: 0.05[39m
[32m2025-07-20T19:57:53.755Z [INFO] Equity updated {[39m
[32m  "totalCash": "5009.20",[39m
[32m  "positions": "{\"TRUMPUSDT\":0,\"BTCUSDT\":0.100691}",[39m
[32m  "equity": "10045.26"[39m
[32m}[39m
[32m2025-07-20T19:57:53.755Z [INFO] Backtest Buy executed for BTCUSDT: 0.1007 at 49864.96. Cash: 9.09, Position: 0.1007[39m
[32m2025-07-20T19:57:53.755Z [INFO] Equity updated {[39m
[32m  "totalCash": "10054.30",[39m
[32m  "positions": "{\"TRUMPUSDT\":0,\"BTCUSDT\":0}",[39m
[32m  "equity": "10054.30"[39m
[32m}[39m
[32m2025-07-20T19:57:53.755Z [INFO] Backtest Sell executed for BTCUSDT: 0.1007 at 50165.04. Cash: 5054.19, Position: 0.0000, Profit: 24.15[39m
[32m2025-07-20T19:57:53.757Z [INFO] Equity updated {[39m
[32m  "totalCash": "10044.20",[39m
[32m  "positions": "{\"TRUMPUSDT\":1,\"BTCUSDT\":0}",[39m
[32m  "equity": "10054.32"[39m
[32m}[39m
[32m2025-07-20T19:57:53.757Z [INFO] Backtest Buy executed for TRUMPUSDT: 1.0000 at 10.09. Cash: 4990.01, Position: 1.0000[39m
[32m2025-07-20T19:57:53.758Z [INFO] Equity updated {[39m
[32m  "totalCash": "10054.34",[39m
[32m  "positions": "{\"TRUMPUSDT\":0,\"BTCUSDT\":0}",[39m
[32m  "equity": "10054.34"[39m
[32m}[39m
[32m2025-07-20T19:57:53.758Z [INFO] Backtest Sell executed for TRUMPUSDT: 1.0000 at 10.15. Cash: 5000.15, Position: 0.0000, Profit: 0.05[39m
[32m2025-07-20T19:57:53.759Z [INFO] Equity updated {[39m
[32m  "totalCash": "5009.28",[39m
[32m  "positions": "{\"TRUMPUSDT\":0,\"BTCUSDT\":0.101033}",[39m
[32m  "equity": "10063.46"[39m
[32m}[39m
[32m2025-07-20T19:57:53.760Z [INFO] Backtest Buy executed for BTCUSDT: 0.1010 at 49874.93. Cash: 9.13, Position: 0.1010[39m
[32m2025-07-20T19:57:53.760Z [INFO] Equity updated {[39m
[32m  "totalCash": "10072.53",[39m
[32m  "positions": "{\"TRUMPUSDT\":0,\"BTCUSDT\":0}",[39m
[32m  "equity": "10072.53"[39m
[32m}[39m
[32m2025-07-20T19:57:53.760Z [INFO] Backtest Sell executed for BTCUSDT: 0.1010 at 50175.07. Cash: 5072.39, Position: 0.0000, Profit: 24.24[39m
[32m2025-07-20T19:57:53.761Z [INFO] Equity updated {[39m
[32m  "totalCash": "10062.40",[39m
[32m  "positions": "{\"TRUMPUSDT\":1,\"BTCUSDT\":0}",[39m
[32m  "equity": "10072.55"[39m
[32m}[39m
[32m2025-07-20T19:57:53.762Z [INFO] Backtest Buy executed for TRUMPUSDT: 1.0000 at 10.12. Cash: 4990.01, Position: 1.0000[39m
[32m2025-07-20T19:57:53.762Z [INFO] Equity updated {[39m
[32m  "totalCash": "10072.57",[39m
[32m  "positions": "{\"TRUMPUSDT\":0,\"BTCUSDT\":0}",[39m
[32m  "equity": "10072.57"[39m
[32m}[39m
[32m2025-07-20T19:57:53.762Z [INFO] Backtest Sell executed for TRUMPUSDT: 1.0000 at 10.18. Cash: 5000.18, Position: 0.0000, Profit: 0.05[39m
[32m2025-07-20T19:57:53.765Z [INFO] Equity updated {[39m
[32m  "totalCash": "5009.33",[39m
[32m  "positions": "{\"TRUMPUSDT\":0,\"BTCUSDT\":0.101387}",[39m
[32m  "equity": "10081.72"[39m
[32m}[39m
[32m2025-07-20T19:57:53.765Z [INFO] Backtest Buy executed for BTCUSDT: 0.1014 at 49879.91. Cash: 9.15, Position: 0.1014[39m
[32m2025-07-20T19:57:53.766Z [INFO] Equity updated {[39m
[32m  "totalCash": "10090.83",[39m
[32m  "positions": "{\"TRUMPUSDT\":0,\"BTCUSDT\":0}",[39m
[32m  "equity": "10090.83"[39m
[32m}[39m
[32m2025-07-20T19:57:53.766Z [INFO] Backtest Sell executed for BTCUSDT: 0.1014 at 50180.09. Cash: 5090.65, Position: 0.0000, Profit: 24.33[39m
[32m2025-07-20T19:57:53.777Z [INFO] Backtest completed with multi-symbol support {[39m
[32m  "metrics": {[39m
[32m    "TRUMPUSDT": {[39m
[32m      "totalProfit": 0.48,[39m
[32m      "tradeCount": 12,[39m
[32m      "winRate": 83.33,[39m
[32m      "profitFactor": null,[39m
[32m      "averageTradeProfit": 0.0404,[39m
[32m      "sharpeRatio": 2.236,[39m
[32m      "sortinoRatio": 0,[39m
[32m      "maxDrawdown": 0.9,[39m
[32m      "calmarRatio": 0,[39m
[32m      "totalVolumeTraded": 101[39m
[32m    },[39m
[32m    "BTCUSDT": {[39m
[32m      "totalProfit": 241.55,[39m
[32m      "tradeCount": 12,[39m
[32m      "winRate": 83.33,[39m
[32m      "profitFactor": null,[39m
[32m      "averageTradeProfit": 20.1294,[39m
[32m      "sharpeRatio": 2.2359,[39m
[32m      "sortinoRatio": 0,[39m
[32m      "maxDrawdown": 0.9,[39m
[32m      "calmarRatio": 0,[39m
[32m      "totalVolumeTraded": 50361.27[39m
[32m    },[39m
[32m    "aggregate": {[39m
[32m      "sharpeRatio": 2.23595,[39m
[32m      "sortinoRatio": 0,[39m
[32m      "maxDrawdown": 0.9,[39m
[32m      "winRate": 83.33,[39m
[32m      "profitFactor": null,[39m
[32m      "calmarRatio": 0,[39m
[32m      "totalProfit": 242.03,[39m
[32m      "finalEquity": 10090.832082399997,[39m
[32m      "totalTradeCount": 24,[39m
[32m      "averageTradeProfit": 10.084583333333333,[39m
[32m      "totalVolumeTraded": 50462.27[39m
[32m    }[39m
[32m  }[39m
[32m}[39m
[32m2025-07-20T19:59:40.730Z [INFO] cli.tsx running at[39m
[32m2025-07-20T19:59:40.766Z [INFO] WebSocket subscriptions {[39m
[32m  "subscriptions": [[39m
[32m    {[39m
[32m      "topic": "orderbook.50.TRUMPUSDT",[39m
[32m      "category": "linear"[39m
[32m    },[39m
[32m    {[39m
[32m      "topic": "publicTrade.TRUMPUSDT",[39m
[32m      "category": "linear"[39m
[32m    },[39m
[32m    {[39m
[32m      "topic": "kline.60.TRUMPUSDT",[39m
[32m      "category": "linear"[39m
[32m    },[39m
[32m    {[39m
[32m      "topic": "orderbook.50.BTCUSDT",[39m
[32m      "category": "linear"[39m
[32m    },[39m
[32m    {[39m
[32m      "topic": "publicTrade.BTCUSDT",[39m
[32m      "category": "linear"[39m
[32m    },[39m
[32m    {[39m
[32m      "topic": "kline.60.BTCUSDT",[39m
[32m      "category": "linear"[39m
[32m    },[39m
[32m    {[39m
[32m      "topic": "orderbook.50.ETHUSDT",[39m
[32m      "category": "linear"[39m
[32m    },[39m
[32m    {[39m
[32m      "topic": "publicTrade.ETHUSDT",[39m
[32m      "category": "linear"[39m
[32m    },[39m
[32m    {[39m
[32m      "topic": "kline.60.ETHUSDT",[39m
[32m      "category": "linear"[39m
[32m    },[39m
[32m    {[39m
[32m      "topic": "execution",[39m
[32m      "category": "linear"[39m
[32m    },[39m
[32m    {[39m
[32m      "topic": "order",[39m
[32m      "category": "linear"[39m
[32m    },[39m
[32m    {[39m
[32m      "topic": "position",[39m
[32m      "category": "linear"[39m
[32m    }[39m
[32m  ][39m
[32m}[39m
[32m2025-07-20T19:59:40.768Z [INFO] BybitService initialized {[39m
[32m  "testnet": false,[39m
[32m  "symbols": [[39m
[32m    "TRUMPUSDT",[39m
[32m    "BTCUSDT",[39m
[32m    "ETHUSDT"[39m
[32m  ][39m
[32m}[39m
[32m2025-07-20T19:59:40.772Z [INFO] Backtester initialized {[39m
[32m  "symbols": [[39m
[32m    "TRUMPUSDT",[39m
[32m    "BTCUSDT",[39m
[32m    "ETHUSDT"[39m
[32m  ][39m
[32m}[39m
[31m2025-07-20T19:59:40.837Z [ERROR] Backtest failed {[39m
[31m  "error": {}[39m
[31m}[39m
[32m2025-07-20T20:00:45.348Z [INFO] Loaded historical data for TRUMPUSDT from data/historical_prices_trumpusdt.json[39m
[32m2025-07-20T20:00:45.371Z [INFO] Loaded historical data for BTCUSDT from data/historical_prices_btcusdt.json[39m
[32m2025-07-20T20:00:45.381Z [INFO] Starting backtest with 12 events across 2 symbols.[39m
[33m2025-07-20T20:00:45.384Z [WARN] Zero stop-loss distance for TRUMPUSDT. Cannot calculate order size. {[39m
[33m  "symbol": "TRUMPUSDT",[39m
[33m  "currentPrice": 10,[39m
[33m  "volatility": 0[39m
[33m}[39m
[32m2025-07-20T20:00:45.389Z [INFO] Equity updated {[39m
[32m  "totalCash": "10000.00",[39m
[32m  "positions": "{\"TRUMPUSDT\":0,\"BTCUSDT\":0}",[39m
[32m  "equity": "10000.00"[39m
[32m}[39m
[32m2025-07-20T20:00:45.391Z [INFO] Backtest Buy executed for TRUMPUSDT: 0.0000 at 9.97. Cash: 5000.00, Position: 0.0000[39m
[32m2025-07-20T20:00:45.393Z [INFO] Equity updated {[39m
[32m  "totalCash": "10000.00",[39m
[32m  "positions": "{\"TRUMPUSDT\":0,\"BTCUSDT\":0}",[39m
[32m  "equity": "10000.00"[39m
[32m}[39m
[32m2025-07-20T20:00:45.394Z [INFO] Backtest Sell executed for TRUMPUSDT: 0.0000 at 10.03. Cash: 5000.00, Position: 0.0000, Profit: 0.00[39m
[33m2025-07-20T20:00:45.396Z [WARN] Zero stop-loss distance for BTCUSDT. Cannot calculate order size. {[39m
[33m  "symbol": "BTCUSDT",[39m
[33m  "currentPrice": 50000,[39m
[33m  "volatility": 0[39m
[33m}[39m
[32m2025-07-20T20:00:45.399Z [INFO] Equity updated {[39m
[32m  "totalCash": "10000.00",[39m
[32m  "positions": "{\"TRUMPUSDT\":0,\"BTCUSDT\":0}",[39m
[32m  "equity": "10000.00"[39m
[32m}[39m
[32m2025-07-20T20:00:45.401Z [INFO] Backtest Buy executed for BTCUSDT: 0.0000 at 49850.00. Cash: 5000.00, Position: 0.0000[39m
[32m2025-07-20T20:00:45.402Z [INFO] Equity updated {[39m
[32m  "totalCash": "10000.00",[39m
[32m  "positions": "{\"TRUMPUSDT\":0,\"BTCUSDT\":0}",[39m
[32m  "equity": "10000.00"[39m
[32m}[39m
[32m2025-07-20T20:00:45.403Z [INFO] Backtest Sell executed for BTCUSDT: 0.0000 at 50150.00. Cash: 5000.00, Position: 0.0000, Profit: 0.00[39m
[32m2025-07-20T20:00:45.406Z [INFO] Equity updated {[39m
[32m  "totalCash": "9989.97",[39m
[32m  "positions": "{\"TRUMPUSDT\":1,\"BTCUSDT\":0}",[39m
[32m  "equity": "10000.02"[39m
[32m}[39m
[32m2025-07-20T20:00:45.409Z [INFO] Backtest Buy executed for TRUMPUSDT: 1.0000 at 10.02. Cash: 4989.97, Position: 1.0000[39m
[32m2025-07-20T20:00:45.410Z [INFO] Equity updated {[39m
[32m  "totalCash": "10000.04",[39m
[32m  "positions": "{\"TRUMPUSDT\":0,\"BTCUSDT\":0}",[39m
[32m  "equity": "10000.04"[39m
[32m}[39m
[32m2025-07-20T20:00:45.410Z [INFO] Backtest Sell executed for TRUMPUSDT: 1.0000 at 10.08. Cash: 5000.04, Position: 0.0000, Profit: 0.05[39m
[32m2025-07-20T20:00:45.412Z [INFO] Equity updated {[39m
[32m  "totalCash": "5009.05",[39m
[32m  "positions": "{\"TRUMPUSDT\":0,\"BTCUSDT\":0.09998}",[39m
[32m  "equity": "10009.05"[39m
[32m}[39m
[32m2025-07-20T20:00:45.413Z [INFO] Backtest Buy executed for BTCUSDT: 0.1000 at 49859.97. Cash: 9.02, Position: 0.1000[39m
[32m2025-07-20T20:00:45.414Z [INFO] Equity updated {[39m
[32m  "totalCash": "10018.04",[39m
[32m  "positions": "{\"TRUMPUSDT\":0,\"BTCUSDT\":0}",[39m
[32m  "equity": "10018.04"[39m
[32m}[39m
[32m2025-07-20T20:00:45.414Z [INFO] Backtest Sell executed for BTCUSDT: 0.1000 at 50160.03. Cash: 5018.00, Position: 0.0000, Profit: 23.98[39m
[32m2025-07-20T20:00:45.415Z [INFO] Equity updated {[39m
[32m  "totalCash": "10007.95",[39m
[32m  "positions": "{\"TRUMPUSDT\":1,\"BTCUSDT\":0}",[39m
[32m  "equity": "10018.05"[39m
[32m}[39m
[32m2025-07-20T20:00:45.415Z [INFO] Backtest Buy executed for TRUMPUSDT: 1.0000 at 10.07. Cash: 4989.95, Position: 1.0000[39m
[32m2025-07-20T20:00:45.417Z [INFO] Equity updated {[39m
[32m  "totalCash": "10018.07",[39m
[32m  "positions": "{\"TRUMPUSDT\":0,\"BTCUSDT\":0}",[39m
[32m  "equity": "10018.07"[39m
[32m}[39m
[32m2025-07-20T20:00:45.418Z [INFO] Backtest Sell executed for TRUMPUSDT: 1.0000 at 10.13. Cash: 5000.07, Position: 0.0000, Profit: 0.05[39m
[32m2025-07-20T20:00:45.419Z [INFO] Equity updated {[39m
[32m  "totalCash": "5009.12",[39m
[32m  "positions": "{\"TRUMPUSDT\":0,\"BTCUSDT\":0.10032}",[39m
[32m  "equity": "10027.12"[39m
[32m}[39m
[32m2025-07-20T20:00:45.420Z [INFO] Backtest Buy executed for BTCUSDT: 0.1003 at 49869.94. Cash: 9.04, Position: 0.1003[39m
[32m2025-07-20T20:00:45.420Z [INFO] Equity updated {[39m
[32m  "totalCash": "10036.14",[39m
[32m  "positions": "{\"TRUMPUSDT\":0,\"BTCUSDT\":0}",[39m
[32m  "equity": "10036.14"[39m
[32m}[39m
[32m2025-07-20T20:00:45.421Z [INFO] Backtest Sell executed for BTCUSDT: 0.1003 at 50170.06. Cash: 5036.06, Position: 0.0000, Profit: 24.07[39m
[32m2025-07-20T20:00:45.421Z [INFO] Equity updated {[39m
[32m  "totalCash": "10026.08",[39m
[32m  "positions": "{\"TRUMPUSDT\":1,\"BTCUSDT\":0}",[39m
[32m  "equity": "10036.16"[39m
[32m}[39m
[32m2025-07-20T20:00:45.422Z [INFO] Backtest Buy executed for TRUMPUSDT: 1.0000 at 10.05. Cash: 4990.01, Position: 1.0000[39m
[32m2025-07-20T20:00:45.422Z [INFO] Equity updated {[39m
[32m  "totalCash": "10036.17",[39m
[32m  "positions": "{\"TRUMPUSDT\":0,\"BTCUSDT\":0}",[39m
[32m  "equity": "10036.17"[39m
[32m}[39m
[32m2025-07-20T20:00:45.422Z [INFO] Backtest Sell executed for TRUMPUSDT: 1.0000 at 10.11. Cash: 5000.11, Position: 0.0000, Profit: 0.05[39m
[32m2025-07-20T20:00:45.423Z [INFO] Equity updated {[39m
[32m  "totalCash": "5009.20",[39m
[32m  "positions": "{\"TRUMPUSDT\":0,\"BTCUSDT\":0.100691}",[39m
[32m  "equity": "10045.26"[39m
[32m}[39m
[32m2025-07-20T20:00:45.423Z [INFO] Backtest Buy executed for BTCUSDT: 0.1007 at 49864.96. Cash: 9.09, Position: 0.1007[39m
[32m2025-07-20T20:00:45.424Z [INFO] Equity updated {[39m
[32m  "totalCash": "10054.30",[39m
[32m  "positions": "{\"TRUMPUSDT\":0,\"BTCUSDT\":0}",[39m
[32m  "equity": "10054.30"[39m
[32m}[39m
[32m2025-07-20T20:00:45.424Z [INFO] Backtest Sell executed for BTCUSDT: 0.1007 at 50165.04. Cash: 5054.19, Position: 0.0000, Profit: 24.15[39m
[32m2025-07-20T20:00:45.426Z [INFO] Equity updated {[39m
[32m  "totalCash": "10044.20",[39m
[32m  "positions": "{\"TRUMPUSDT\":1,\"BTCUSDT\":0}",[39m
[32m  "equity": "10054.32"[39m
[32m}[39m
[32m2025-07-20T20:00:45.426Z [INFO] Backtest Buy executed for TRUMPUSDT: 1.0000 at 10.09. Cash: 4990.01, Position: 1.0000[39m
[32m2025-07-20T20:00:45.426Z [INFO] Equity updated {[39m
[32m  "totalCash": "10054.34",[39m
[32m  "positions": "{\"TRUMPUSDT\":0,\"BTCUSDT\":0}",[39m
[32m  "equity": "10054.34"[39m
[32m}[39m
[32m2025-07-20T20:00:45.427Z [INFO] Backtest Sell executed for TRUMPUSDT: 1.0000 at 10.15. Cash: 5000.15, Position: 0.0000, Profit: 0.05[39m
[32m2025-07-20T20:00:45.428Z [INFO] Equity updated {[39m
[32m  "totalCash": "5009.28",[39m
[32m  "positions": "{\"TRUMPUSDT\":0,\"BTCUSDT\":0.101033}",[39m
[32m  "equity": "10063.46"[39m
[32m}[39m
[32m2025-07-20T20:00:45.429Z [INFO] Backtest Buy executed for BTCUSDT: 0.1010 at 49874.93. Cash: 9.13, Position: 0.1010[39m
[32m2025-07-20T20:00:45.429Z [INFO] Equity updated {[39m
[32m  "totalCash": "10072.53",[39m
[32m  "positions": "{\"TRUMPUSDT\":0,\"BTCUSDT\":0}",[39m
[32m  "equity": "10072.53"[39m
[32m}[39m
[32m2025-07-20T20:00:45.429Z [INFO] Backtest Sell executed for BTCUSDT: 0.1010 at 50175.07. Cash: 5072.39, Position: 0.0000, Profit: 24.24[39m
[32m2025-07-20T20:00:45.430Z [INFO] Equity updated {[39m
[32m  "totalCash": "10062.40",[39m
[32m  "positions": "{\"TRUMPUSDT\":1,\"BTCUSDT\":0}",[39m
[32m  "equity": "10072.55"[39m
[32m}[39m
[32m2025-07-20T20:00:45.431Z [INFO] Backtest Buy executed for TRUMPUSDT: 1.0000 at 10.12. Cash: 4990.01, Position: 1.0000[39m
[32m2025-07-20T20:00:45.431Z [INFO] Equity updated {[39m
[32m  "totalCash": "10072.57",[39m
[32m  "positions": "{\"TRUMPUSDT\":0,\"BTCUSDT\":0}",[39m
[32m  "equity": "10072.57"[39m
[32m}[39m
[32m2025-07-20T20:00:45.432Z [INFO] Backtest Sell executed for TRUMPUSDT: 1.0000 at 10.18. Cash: 5000.18, Position: 0.0000, Profit: 0.05[39m
[32m2025-07-20T20:00:45.433Z [INFO] Equity updated {[39m
[32m  "totalCash": "5009.33",[39m
[32m  "positions": "{\"TRUMPUSDT\":0,\"BTCUSDT\":0.101387}",[39m
[32m  "equity": "10081.72"[39m
[32m}[39m
[32m2025-07-20T20:00:45.434Z [INFO] Backtest Buy executed for BTCUSDT: 0.1014 at 49879.91. Cash: 9.15, Position: 0.1014[39m
[32m2025-07-20T20:00:45.434Z [INFO] Equity updated {[39m
[32m  "totalCash": "10090.83",[39m
[32m  "positions": "{\"TRUMPUSDT\":0,\"BTCUSDT\":0}",[39m
[32m  "equity": "10090.83"[39m
[32m}[39m
[32m2025-07-20T20:00:45.435Z [INFO] Backtest Sell executed for BTCUSDT: 0.1014 at 50180.09. Cash: 5090.65, Position: 0.0000, Profit: 24.33[39m
[32m2025-07-20T20:00:45.439Z [INFO] Backtest completed with multi-symbol support {[39m
[32m  "metrics": {[39m
[32m    "TRUMPUSDT": {[39m
[32m      "totalProfit": 0.48,[39m
[32m      "tradeCount": 12,[39m
[32m      "winRate": 83.33,[39m
[32m      "profitFactor": null,[39m
[32m      "averageTradeProfit": 0.0404,[39m
[32m      "sharpeRatio": 2.236,[39m
[32m      "sortinoRatio": 0,[39m
[32m      "maxDrawdown": 0.9,[39m
[32m      "calmarRatio": 0,[39m
[32m      "totalVolumeTraded": 101[39m
[32m    },[39m
[32m    "BTCUSDT": {[39m
[32m      "totalProfit": 241.55,[39m
[32m      "tradeCount": 12,[39m
[32m      "winRate": 83.33,[39m
[32m      "profitFactor": null,[39m
[32m      "averageTradeProfit": 20.1294,[39m
[32m      "sharpeRatio": 2.2359,[39m
[32m      "sortinoRatio": 0,[39m
[32m      "maxDrawdown": 0.9,[39m
[32m      "calmarRatio": 0,[39m
[32m      "totalVolumeTraded": 50361.27[39m
[32m    },[39m
[32m    "aggregate": {[39m
[32m      "sharpeRatio": 2.23595,[39m
[32m      "sortinoRatio": 0,[39m
[32m      "maxDrawdown": 0.9,[39m
[32m      "winRate": 83.33,[39m
[32m      "profitFactor": null,[39m
[32m      "calmarRatio": 0,[39m
[32m      "totalProfit": 242.03,[39m
[32m      "finalEquity": 10090.832082399997,[39m
[32m      "totalTradeCount": 24,[39m
[32m      "averageTradeProfit": 10.084583333333333,[39m
[32m      "totalVolumeTraded": 50462.27[39m
[32m    }[39m
[32m  }[39m
[32m}[39m
[32m2025-07-20T20:00:46.198Z [INFO] WebSocket subscriptions {[39m
[32m  "subscriptions": [[39m
[32m    {[39m
[32m      "topic": "orderbook.50.TRUMPUSDT",[39m
[32m      "category": "linear"[39m
[32m    },[39m
[32m    {[39m
[32m      "topic": "publicTrade.TRUMPUSDT",[39m
[32m      "category": "linear"[39m
[32m    },[39m
[32m    {[39m
[32m      "topic": "kline.60.TRUMPUSDT",[39m
[32m      "category": "linear"[39m
[32m    },[39m
[32m    {[39m
[32m      "topic": "orderbook.50.BTCUSDT",[39m
[32m      "category": "linear"[39m
[32m    },[39m
[32m    {[39m
[32m      "topic": "publicTrade.BTCUSDT",[39m
[32m      "category": "linear"[39m
[32m    },[39m
[32m    {[39m
[32m      "topic": "kline.60.BTCUSDT",[39m
[32m      "category": "linear"[39m
[32m    },[39m
[32m    {[39m
[32m      "topic": "orderbook.50.ETHUSDT",[39m
[32m      "category": "linear"[39m
[32m    },[39m
[32m    {[39m
[32m      "topic": "publicTrade.ETHUSDT",[39m
[32m      "category": "linear"[39m
[32m    },[39m
[32m    {[39m
[32m      "topic": "kline.60.ETHUSDT",[39m
[32m      "category": "linear"[39m
[32m    },[39m
[32m    {[39m
[32m      "topic": "execution",[39m
[32m      "category": "linear"[39m
[32m    },[39m
[32m    {[39m
[32m      "topic": "order",[39m
[32m      "category": "linear"[39m
[32m    },[39m
[32m    {[39m
[32m      "topic": "position",[39m
[32m      "category": "linear"[39m
[32m    }[39m
[32m  ][39m
[32m}[39m
[32m2025-07-20T20:00:46.403Z [INFO] WebSocket subscriptions {[39m
[32m  "subscriptions": [[39m
[32m    {[39m
[32m      "topic": "orderbook.50.BTCUSDT",[39m
[32m      "category": "linear"[39m
[32m    },[39m
[32m    {[39m
[32m      "topic": "publicTrade.BTCUSDT",[39m
[32m      "category": "linear"[39m
[32m    },[39m
[32m    {[39m
[32m      "topic": "kline.undefined.BTCUSDT",[39m
[32m      "category": "linear"[39m
[32m    },[39m
[32m    {[39m
[32m      "topic": "execution",[39m
[32m      "category": "linear"[39m
[32m    },[39m
[32m    {[39m
[32m      "topic": "order",[39m
[32m      "category": "linear"[39m
[32m    },[39m
[32m    {[39m
[32m      "topic": "position",[39m
[32m      "category": "linear"[39m
[32m    }[39m
[32m  ][39m
[32m}[39m
[32m2025-07-20T20:00:46.420Z [INFO] BybitService initialized {[39m
[32m  "testnet": true,[39m
[32m  "symbols": [[39m
[32m    "BTCUSDT"[39m
[32m  ][39m
[32m}[39m
[32m2025-07-20T20:00:46.436Z [INFO] Order placed: Buy 0.010000 BTCUSDT at $50000.00 {[39m
[32m  "symbol": "BTCUSDT"[39m
[32m}[39m
[32m2025-07-20T20:00:46.447Z [INFO] WebSocket subscriptions {[39m
[32m  "subscriptions": [[39m
[32m    {[39m
[32m      "topic": "orderbook.50.BTCUSDT",[39m
[32m      "category": "linear"[39m
[32m    },[39m
[32m    {[39m
[32m      "topic": "publicTrade.BTCUSDT",[39m
[32m      "category": "linear"[39m
[32m    },[39m
[32m    {[39m
[32m      "topic": "kline.undefined.BTCUSDT",[39m
[32m      "category": "linear"[39m
[32m    },[39m
[32m    {[39m
[32m      "topic": "execution",[39m
[32m      "category": "linear"[39m
[32m    },[39m
[32m    {[39m
[32m      "topic": "order",[39m
[32m      "category": "linear"[39m
[32m    },[39m
[32m    {[39m
[32m      "topic": "position",[39m
[32m      "category": "linear"[39m
[32m    }[39m
[32m  ][39m
[32m}[39m
[32m2025-07-20T20:00:46.448Z [INFO] BybitService initialized {[39m
[32m  "testnet": true,[39m
[32m  "symbols": [[39m
[32m    "BTCUSDT"[39m
[32m  ][39m
[32m}[39m
[32m2025-07-20T20:00:46.459Z [INFO] Order cancelled: mock_order_id {[39m
[32m  "symbol": "BTCUSDT"[39m
[32m}[39m
[32m2025-07-20T20:00:46.217Z [INFO] BybitService initialized {[39m
[32m  "testnet": false,[39m
[32m  "symbols": [[39m
[32m    "TRUMPUSDT",[39m
[32m    "BTCUSDT",[39m
[32m    "ETHUSDT"[39m
[32m  ][39m
[32m}[39m
[32m2025-07-20T20:00:46.222Z [INFO] Backtester initialized {[39m
[32m  "symbols": [[39m
[32m    "TRUMPUSDT",[39m
[32m    "BTCUSDT",[39m
[32m    "ETHUSDT"[39m
[32m  ][39m
[32m}[39m
[32m2025-07-20T20:03:53.249Z [INFO] WebSocket subscriptions {[39m
[32m  "subscriptions": [[39m
[32m    {[39m
[32m      "topic": "orderbook.50.BTCUSDT",[39m
[32m      "category": "linear"[39m
[32m    },[39m
[32m    {[39m
[32m      "topic": "publicTrade.BTCUSDT",[39m
[32m      "category": "linear"[39m
[32m    },[39m
[32m    {[39m
[32m      "topic": "kline.undefined.BTCUSDT",[39m
[32m      "category": "linear"[39m
[32m    },[39m
[32m    {[39m
[32m      "topic": "execution",[39m
[32m      "category": "linear"[39m
[32m    },[39m
[32m    {[39m
[32m      "topic": "order",[39m
[32m      "category": "linear"[39m
[32m    },[39m
[32m    {[39m
[32m      "topic": "position",[39m
[32m      "category": "linear"[39m
[32m    }[39m
[32m  ][39m
[32m}[39m
[32m2025-07-20T20:03:53.278Z [INFO] BybitService initialized {[39m
[32m  "testnet": true,[39m
[32m  "symbols": [[39m
[32m    "BTCUSDT"[39m
[32m  ][39m
[32m}[39m
[32m2025-07-20T20:03:53.303Z [INFO] Order placed: Buy 0.010000 BTCUSDT at $50000.00 {[39m
[32m  "symbol": "BTCUSDT"[39m
[32m}[39m
[32m2025-07-20T20:03:53.320Z [INFO] WebSocket subscriptions {[39m
[32m  "subscriptions": [[39m
[32m    {[39m
[32m      "topic": "orderbook.50.BTCUSDT",[39m
[32m      "category": "linear"[39m
[32m    },[39m
[32m    {[39m
[32m      "topic": "publicTrade.BTCUSDT",[39m
[32m      "category": "linear"[39m
[32m    },[39m
[32m    {[39m
[32m      "topic": "kline.undefined.BTCUSDT",[39m
[32m      "category": "linear"[39m
[32m    },[39m
[32m    {[39m
[32m      "topic": "execution",[39m
[32m      "category": "linear"[39m
[32m    },[39m
[32m    {[39m
[32m      "topic": "order",[39m
[32m      "category": "linear"[39m
[32m    },[39m
[32m    {[39m
[32m      "topic": "position",[39m
[32m      "category": "linear"[39m
[32m    }[39m
[32m  ][39m
[32m}[39m
[32m2025-07-20T20:03:53.324Z [INFO] BybitService initialized {[39m
[32m  "testnet": true,[39m
[32m  "symbols": [[39m
[32m    "BTCUSDT"[39m
[32m  ][39m
[32m}[39m
[32m2025-07-20T20:03:53.334Z [INFO] Order cancelled: mock_order_id {[39m
[32m  "symbol": "BTCUSDT"[39m
[32m}[39m
[32m2025-07-20T20:03:53.531Z [INFO] Loaded historical data for TRUMPUSDT from data/historical_prices_trumpusdt.json[39m
[32m2025-07-20T20:03:53.548Z [INFO] Loaded historical data for BTCUSDT from data/historical_prices_btcusdt.json[39m
[32m2025-07-20T20:03:53.554Z [INFO] Starting backtest with 12 events across 2 symbols.[39m
[33m2025-07-20T20:03:53.559Z [WARN] Zero stop-loss distance for TRUMPUSDT. Cannot calculate order size. {[39m
[33m  "symbol": "TRUMPUSDT",[39m
[33m  "currentPrice": 10,[39m
[33m  "volatility": 0[39m
[33m}[39m
[32m2025-07-20T20:03:53.571Z [INFO] Equity updated {[39m
[32m  "totalCash": "10000.00",[39m
[32m  "positions": "{\"TRUMPUSDT\":0,\"BTCUSDT\":0}",[39m
[32m  "equity": "10000.00"[39m
[32m}[39m
[32m2025-07-20T20:03:53.573Z [INFO] Backtest Buy executed for TRUMPUSDT: 0.0000 at 9.97. Cash: 5000.00, Position: 0.0000[39m
[32m2025-07-20T20:03:53.575Z [INFO] Equity updated {[39m
[32m  "totalCash": "10000.00",[39m
[32m  "positions": "{\"TRUMPUSDT\":0,\"BTCUSDT\":0}",[39m
[32m  "equity": "10000.00"[39m
[32m}[39m
[32m2025-07-20T20:03:53.575Z [INFO] Backtest Sell executed for TRUMPUSDT: 0.0000 at 10.03. Cash: 5000.00, Position: 0.0000, Profit: 0.00[39m
[33m2025-07-20T20:03:53.581Z [WARN] Zero stop-loss distance for BTCUSDT. Cannot calculate order size. {[39m
[33m  "symbol": "BTCUSDT",[39m
[33m  "currentPrice": 50000,[39m
[33m  "volatility": 0[39m
[33m}[39m
[32m2025-07-20T20:03:53.583Z [INFO] Equity updated {[39m
[32m  "totalCash": "10000.00",[39m
[32m  "positions": "{\"TRUMPUSDT\":0,\"BTCUSDT\":0}",[39m
[32m  "equity": "10000.00"[39m
[32m}[39m
[32m2025-07-20T20:03:53.585Z [INFO] Backtest Buy executed for BTCUSDT: 0.0000 at 49850.00. Cash: 5000.00, Position: 0.0000[39m
[32m2025-07-20T20:03:53.586Z [INFO] Equity updated {[39m
[32m  "totalCash": "10000.00",[39m
[32m  "positions": "{\"TRUMPUSDT\":0,\"BTCUSDT\":0}",[39m
[32m  "equity": "10000.00"[39m
[32m}[39m
[32m2025-07-20T20:03:53.587Z [INFO] Backtest Sell executed for BTCUSDT: 0.0000 at 50150.00. Cash: 5000.00, Position: 0.0000, Profit: 0.00[39m
[32m2025-07-20T20:03:53.591Z [INFO] Equity updated {[39m
[32m  "totalCash": "9989.97",[39m
[32m  "positions": "{\"TRUMPUSDT\":1,\"BTCUSDT\":0}",[39m
[32m  "equity": "10000.02"[39m
[32m}[39m
[32m2025-07-20T20:03:53.592Z [INFO] Backtest Buy executed for TRUMPUSDT: 1.0000 at 10.02. Cash: 4989.97, Position: 1.0000[39m
[32m2025-07-20T20:03:53.593Z [INFO] Equity updated {[39m
[32m  "totalCash": "10000.04",[39m
[32m  "positions": "{\"TRUMPUSDT\":0,\"BTCUSDT\":0}",[39m
[32m  "equity": "10000.04"[39m
[32m}[39m
[32m2025-07-20T20:03:53.593Z [INFO] Backtest Sell executed for TRUMPUSDT: 1.0000 at 10.08. Cash: 5000.04, Position: 0.0000, Profit: 0.05[39m
[32m2025-07-20T20:03:53.595Z [INFO] Equity updated {[39m
[32m  "totalCash": "5009.05",[39m
[32m  "positions": "{\"TRUMPUSDT\":0,\"BTCUSDT\":0.09998}",[39m
[32m  "equity": "10009.05"[39m
[32m}[39m
[32m2025-07-20T20:03:53.595Z [INFO] Backtest Buy executed for BTCUSDT: 0.1000 at 49859.97. Cash: 9.02, Position: 0.1000[39m
[32m2025-07-20T20:03:53.596Z [INFO] Equity updated {[39m
[32m  "totalCash": "10018.04",[39m
[32m  "positions": "{\"TRUMPUSDT\":0,\"BTCUSDT\":0}",[39m
[32m  "equity": "10018.04"[39m
[32m}[39m
[32m2025-07-20T20:03:53.596Z [INFO] Backtest Sell executed for BTCUSDT: 0.1000 at 50160.03. Cash: 5018.00, Position: 0.0000, Profit: 23.98[39m
[32m2025-07-20T20:03:53.598Z [INFO] Equity updated {[39m
[32m  "totalCash": "10007.95",[39m
[32m  "positions": "{\"TRUMPUSDT\":1,\"BTCUSDT\":0}",[39m
[32m  "equity": "10018.05"[39m
[32m}[39m
[32m2025-07-20T20:03:53.599Z [INFO] Backtest Buy executed for TRUMPUSDT: 1.0000 at 10.07. Cash: 4989.95, Position: 1.0000[39m
[32m2025-07-20T20:03:53.600Z [INFO] Equity updated {[39m
[32m  "totalCash": "10018.07",[39m
[32m  "positions": "{\"TRUMPUSDT\":0,\"BTCUSDT\":0}",[39m
[32m  "equity": "10018.07"[39m
[32m}[39m
[32m2025-07-20T20:03:53.600Z [INFO] Backtest Sell executed for TRUMPUSDT: 1.0000 at 10.13. Cash: 5000.07, Position: 0.0000, Profit: 0.05[39m
[32m2025-07-20T20:03:53.601Z [INFO] Equity updated {[39m
[32m  "totalCash": "5009.12",[39m
[32m  "positions": "{\"TRUMPUSDT\":0,\"BTCUSDT\":0.10032}",[39m
[32m  "equity": "10027.12"[39m
[32m}[39m
[32m2025-07-20T20:03:53.601Z [INFO] Backtest Buy executed for BTCUSDT: 0.1003 at 49869.94. Cash: 9.04, Position: 0.1003[39m
[32m2025-07-20T20:03:53.602Z [INFO] Equity updated {[39m
[32m  "totalCash": "10036.14",[39m
[32m  "positions": "{\"TRUMPUSDT\":0,\"BTCUSDT\":0}",[39m
[32m  "equity": "10036.14"[39m
[32m}[39m
[32m2025-07-20T20:03:53.602Z [INFO] Backtest Sell executed for BTCUSDT: 0.1003 at 50170.06. Cash: 5036.06, Position: 0.0000, Profit: 24.07[39m
[32m2025-07-20T20:03:53.603Z [INFO] Equity updated {[39m
[32m  "totalCash": "10026.08",[39m
[32m  "positions": "{\"TRUMPUSDT\":1,\"BTCUSDT\":0}",[39m
[32m  "equity": "10036.16"[39m
[32m}[39m
[32m2025-07-20T20:03:53.603Z [INFO] Backtest Buy executed for TRUMPUSDT: 1.0000 at 10.05. Cash: 4990.01, Position: 1.0000[39m
[32m2025-07-20T20:03:53.603Z [INFO] Equity updated {[39m
[32m  "totalCash": "10036.17",[39m
[32m  "positions": "{\"TRUMPUSDT\":0,\"BTCUSDT\":0}",[39m
[32m  "equity": "10036.17"[39m
[32m}[39m
[32m2025-07-20T20:03:53.604Z [INFO] Backtest Sell executed for TRUMPUSDT: 1.0000 at 10.11. Cash: 5000.11, Position: 0.0000, Profit: 0.05[39m
[32m2025-07-20T20:03:53.604Z [INFO] Equity updated {[39m
[32m  "totalCash": "5009.20",[39m
[32m  "positions": "{\"TRUMPUSDT\":0,\"BTCUSDT\":0.100691}",[39m
[32m  "equity": "10045.26"[39m
[32m}[39m
[32m2025-07-20T20:03:53.605Z [INFO] Backtest Buy executed for BTCUSDT: 0.1007 at 49864.96. Cash: 9.09, Position: 0.1007[39m
[32m2025-07-20T20:03:53.605Z [INFO] Equity updated {[39m
[32m  "totalCash": "10054.30",[39m
[32m  "positions": "{\"TRUMPUSDT\":0,\"BTCUSDT\":0}",[39m
[32m  "equity": "10054.30"[39m
[32m}[39m
[32m2025-07-20T20:03:53.605Z [INFO] Backtest Sell executed for BTCUSDT: 0.1007 at 50165.04. Cash: 5054.19, Position: 0.0000, Profit: 24.15[39m
[32m2025-07-20T20:03:53.606Z [INFO] Equity updated {[39m
[32m  "totalCash": "10044.20",[39m
[32m  "positions": "{\"TRUMPUSDT\":1,\"BTCUSDT\":0}",[39m
[32m  "equity": "10054.32"[39m
[32m}[39m
[32m2025-07-20T20:03:53.607Z [INFO] Backtest Buy executed for TRUMPUSDT: 1.0000 at 10.09. Cash: 4990.01, Position: 1.0000[39m
[32m2025-07-20T20:03:53.607Z [INFO] Equity updated {[39m
[32m  "totalCash": "10054.34",[39m
[32m  "positions": "{\"TRUMPUSDT\":0,\"BTCUSDT\":0}",[39m
[32m  "equity": "10054.34"[39m
[32m}[39m
[32m2025-07-20T20:03:53.607Z [INFO] Backtest Sell executed for TRUMPUSDT: 1.0000 at 10.15. Cash: 5000.15, Position: 0.0000, Profit: 0.05[39m
[32m2025-07-20T20:03:53.608Z [INFO] Equity updated {[39m
[32m  "totalCash": "5009.28",[39m
[32m  "positions": "{\"TRUMPUSDT\":0,\"BTCUSDT\":0.101033}",[39m
[32m  "equity": "10063.46"[39m
[32m}[39m
[32m2025-07-20T20:03:53.609Z [INFO] Backtest Buy executed for BTCUSDT: 0.1010 at 49874.93. Cash: 9.13, Position: 0.1010[39m
[32m2025-07-20T20:03:53.610Z [INFO] Equity updated {[39m
[32m  "totalCash": "10072.53",[39m
[32m  "positions": "{\"TRUMPUSDT\":0,\"BTCUSDT\":0}",[39m
[32m  "equity": "10072.53"[39m
[32m}[39m
[32m2025-07-20T20:03:53.611Z [INFO] Backtest Sell executed for BTCUSDT: 0.1010 at 50175.07. Cash: 5072.39, Position: 0.0000, Profit: 24.24[39m
[32m2025-07-20T20:03:53.611Z [INFO] Equity updated {[39m
[32m  "totalCash": "10062.40",[39m
[32m  "positions": "{\"TRUMPUSDT\":1,\"BTCUSDT\":0}",[39m
[32m  "equity": "10072.55"[39m
[32m}[39m
[32m2025-07-20T20:03:53.612Z [INFO] Backtest Buy executed for TRUMPUSDT: 1.0000 at 10.12. Cash: 4990.01, Position: 1.0000[39m
[32m2025-07-20T20:03:53.612Z [INFO] Equity updated {[39m
[32m  "totalCash": "10072.57",[39m
[32m  "positions": "{\"TRUMPUSDT\":0,\"BTCUSDT\":0}",[39m
[32m  "equity": "10072.57"[39m
[32m}[39m
[32m2025-07-20T20:03:53.613Z [INFO] Backtest Sell executed for TRUMPUSDT: 1.0000 at 10.18. Cash: 5000.18, Position: 0.0000, Profit: 0.05[39m
[32m2025-07-20T20:03:53.614Z [INFO] Equity updated {[39m
[32m  "totalCash": "5009.33",[39m
[32m  "positions": "{\"TRUMPUSDT\":0,\"BTCUSDT\":0.101387}",[39m
[32m  "equity": "10081.72"[39m
[32m}[39m
[32m2025-07-20T20:03:53.614Z [INFO] Backtest Buy executed for BTCUSDT: 0.1014 at 49879.91. Cash: 9.15, Position: 0.1014[39m
[32m2025-07-20T20:03:53.615Z [INFO] Equity updated {[39m
[32m  "totalCash": "10090.83",[39m
[32m  "positions": "{\"TRUMPUSDT\":0,\"BTCUSDT\":0}",[39m
[32m  "equity": "10090.83"[39m
[32m}[39m
[32m2025-07-20T20:03:53.615Z [INFO] Backtest Sell executed for BTCUSDT: 0.1014 at 50180.09. Cash: 5090.65, Position: 0.0000, Profit: 24.33[39m
[32m2025-07-20T20:03:53.619Z [INFO] Backtest completed with multi-symbol support {[39m
[32m  "metrics": {[39m
[32m    "TRUMPUSDT": {[39m
[32m      "totalProfit": 0.48,[39m
[32m      "tradeCount": 12,[39m
[32m      "winRate": 83.33,[39m
[32m      "profitFactor": null,[39m
[32m      "averageTradeProfit": 0.0404,[39m
[32m      "sharpeRatio": 2.236,[39m
[32m      "sortinoRatio": 0,[39m
[32m      "maxDrawdown": 0.9,[39m
[32m      "calmarRatio": 0,[39m
[32m      "totalVolumeTraded": 101[39m
[32m    },[39m
[32m    "BTCUSDT": {[39m
[32m      "totalProfit": 241.55,[39m
[32m      "tradeCount": 12,[39m
[32m      "winRate": 83.33,[39m
[32m      "profitFactor": null,[39m
[32m      "averageTradeProfit": 20.1294,[39m
[32m      "sharpeRatio": 2.2359,[39m
[32m      "sortinoRatio": 0,[39m
[32m      "maxDrawdown": 0.9,[39m
[32m      "calmarRatio": 0,[39m
[32m      "totalVolumeTraded": 50361.27[39m
[32m    },[39m
[32m    "aggregate": {[39m
[32m      "sharpeRatio": 2.23595,[39m
[32m      "sortinoRatio": 0,[39m
[32m      "maxDrawdown": 0.9,[39m
[32m      "winRate": 83.33,[39m
[32m      "profitFactor": null,[39m
[32m      "calmarRatio": 0,[39m
[32m      "totalProfit": 242.03,[39m
[32m      "finalEquity": 10090.832082399997,[39m
[32m      "totalTradeCount": 24,[39m
[32m      "averageTradeProfit": 10.084583333333333,[39m
[32m      "totalVolumeTraded": 50462.27[39m
[32m    }[39m
[32m  }[39m
[32m}[39m
[32m2025-07-20T20:03:55.410Z [INFO] WebSocket subscriptions {[39m
[32m  "subscriptions": [[39m
[32m    {[39m
[32m      "topic": "orderbook.50.TRUMPUSDT",[39m
[32m      "category": "linear"[39m
[32m    },[39m
[32m    {[39m
[32m      "topic": "publicTrade.TRUMPUSDT",[39m
[32m      "category": "linear"[39m
[32m    },[39m
[32m    {[39m
[32m      "topic": "kline.60.TRUMPUSDT",[39m
[32m      "category": "linear"[39m
[32m    },[39m
[32m    {[39m
[32m      "topic": "orderbook.50.BTCUSDT",[39m
[32m      "category": "linear"[39m
[32m    },[39m
[32m    {[39m
[32m      "topic": "publicTrade.BTCUSDT",[39m
[32m      "category": "linear"[39m
[32m    },[39m
[32m    {[39m
[32m      "topic": "kline.60.BTCUSDT",[39m
[32m      "category": "linear"[39m
[32m    },[39m
[32m    {[39m
[32m      "topic": "orderbook.50.ETHUSDT",[39m
[32m      "category": "linear"[39m
[32m    },[39m
[32m    {[39m
[32m      "topic": "publicTrade.ETHUSDT",[39m
[32m      "category": "linear"[39m
[32m    },[39m
[32m    {[39m
[32m      "topic": "kline.60.ETHUSDT",[39m
[32m      "category": "linear"[39m
[32m    },[39m
[32m    {[39m
[32m      "topic": "execution",[39m
[32m      "category": "linear"[39m
[32m    },[39m
[32m    {[39m
[32m      "topic": "order",[39m
[32m      "category": "linear"[39m
[32m    },[39m
[32m    {[39m
[32m      "topic": "position",[39m
[32m      "category": "linear"[39m
[32m    }[39m
[32m  ][39m
[32m}[39m
[32m2025-07-20T20:03:55.452Z [INFO] BybitService initialized {[39m
[32m  "testnet": false,[39m
[32m  "symbols": [[39m
[32m    "TRUMPUSDT",[39m
[32m    "BTCUSDT",[39m
[32m    "ETHUSDT"[39m
[32m  ][39m
[32m}[39m
[32m2025-07-20T20:03:55.472Z [INFO] Backtester initialized {[39m
[32m  "symbols": [[39m
[32m    "TRUMPUSDT",[39m
[32m    "BTCUSDT",[39m
[32m    "ETHUSDT"[39m
[32m  ][39m
[32m}[39m
[31m2025-07-20T20:18:41.527Z [ERROR] Fetch orderbook failed {[39m
[31m  "symbol": "TRUMPUSDT",[39m
[31m  "error": "read ECONNABORTED"[39m
[31m}[39m
[31m2025-07-20T20:20:49.666Z [ERROR] Fetch orderbook failed {[39m
[31m  "symbol": "BTCUSDT",[39m
[31m  "error": "getaddrinfo ENOTFOUND api.bybit.com"[39m
[31m}[39m
[31m2025-07-20T20:20:50.015Z [ERROR] Fetch orderbook failed {[39m
[31m  "symbol": "ETHUSDT",[39m
[31m  "error": "Forbidden"[39m
[31m}[39m
[31m2025-07-20T20:20:50.281Z [ERROR] Fetch orderbook failed {[39m
[31m  "symbol": "TRUMPUSDT",[39m
[31m  "error": "Forbidden"[39m
[31m}[39m
[31m2025-07-20T20:20:50.783Z [ERROR] Fetch orderbook failed {[39m
[31m  "symbol": "BTCUSDT",[39m
[31m  "error": "Forbidden"[39m
[31m}[39m
[31m2025-07-20T20:20:51.271Z [ERROR] Fetch orderbook failed {[39m
[31m  "symbol": "ETHUSDT",[39m
[31m  "error": "Forbidden"[39m
[31m}[39m
[31m2025-07-20T20:20:51.768Z [ERROR] Fetch orderbook failed {[39m
[31m  "symbol": "TRUMPUSDT",[39m
[31m  "error": "Forbidden"[39m
[31m}[39m
[31m2025-07-20T20:20:52.288Z [ERROR] Fetch orderbook failed {[39m
[31m  "symbol": "BTCUSDT",[39m
[31m  "error": "Forbidden"[39m
[31m}[39m
[31m2025-07-20T20:20:52.791Z [ERROR] Fetch orderbook failed {[39m
[31m  "symbol": "ETHUSDT",[39m
[31m  "error": "Forbidden"[39m
[31m}[39m
[31m2025-07-20T20:20:53.315Z [ERROR] Fetch orderbook failed {[39m
[31m  "symbol": "TRUMPUSDT",[39m
[31m  "error": "Forbidden"[39m
[31m}[39m
[31m2025-07-20T20:20:53.837Z [ERROR] Fetch orderbook failed {[39m
[31m  "symbol": "BTCUSDT",[39m
[31m  "error": "Forbidden"[39m
[31m}[39m
[31m2025-07-20T20:20:54.276Z [ERROR] Fetch orderbook failed {[39m
[31m  "symbol": "ETHUSDT",[39m
[31m  "error": "Forbidden"[39m
[31m}[39m
[31m2025-07-20T20:20:54.829Z [ERROR] Fetch orderbook failed {[39m
[31m  "symbol": "TRUMPUSDT",[39m
[31m  "error": "Forbidden"[39m
[31m}[39m
[31m2025-07-20T20:20:55.296Z [ERROR] Fetch orderbook failed {[39m
[31m  "symbol": "BTCUSDT",[39m
[31m  "error": "Forbidden"[39m
[31m}[39m
[31m2025-07-20T20:20:55.810Z [ERROR] Fetch orderbook failed {[39m
[31m  "symbol": "ETHUSDT",[39m
[31m  "error": "Forbidden"[39m
[31m}[39m
[31m2025-07-20T20:20:56.305Z [ERROR] Fetch orderbook failed {[39m
[31m  "symbol": "TRUMPUSDT",[39m
[31m  "error": "Forbidden"[39m
[31m}[39m
[31m2025-07-20T20:20:56.826Z [ERROR] Fetch orderbook failed {[39m
[31m  "symbol": "BTCUSDT",[39m
[31m  "error": "Forbidden"[39m
[31m}[39m
[31m2025-07-20T20:20:57.301Z [ERROR] Fetch orderbook failed {[39m
[31m  "symbol": "ETHUSDT",[39m
[31m  "error": "Forbidden"[39m
[31m}[39m
[31m2025-07-20T20:20:57.844Z [ERROR] Fetch orderbook failed {[39m
[31m  "symbol": "TRUMPUSDT",[39m
[31m  "error": "Forbidden"[39m
[31m}[39m
[31m2025-07-20T20:20:58.316Z [ERROR] Fetch orderbook failed {[39m
[31m  "symbol": "BTCUSDT",[39m
[31m  "error": "Forbidden"[39m
[31m}[39m
[31m2025-07-20T20:20:58.795Z [ERROR] Fetch orderbook failed {[39m
[31m  "symbol": "ETHUSDT",[39m
[31m  "error": "Forbidden"[39m
[31m}[39m
[31m2025-07-20T20:20:59.364Z [ERROR] Fetch orderbook failed {[39m
[31m  "symbol": "TRUMPUSDT",[39m
[31m  "error": "Forbidden"[39m
[31m}[39m
[31m2025-07-20T20:20:59.850Z [ERROR] Fetch orderbook failed {[39m
[31m  "symbol": "BTCUSDT",[39m
[31m  "error": "Forbidden"[39m
[31m}[39m
[31m2025-07-20T20:21:00.310Z [ERROR] Fetch orderbook failed {[39m
[31m  "symbol": "ETHUSDT",[39m
[31m  "error": "Forbidden"[39m
[31m}[39m
[31m2025-07-20T20:21:00.822Z [ERROR] Fetch orderbook failed {[39m
[31m  "symbol": "TRUMPUSDT",[39m
[31m  "error": "Forbidden"[39m
[31m}[39m
[31m2025-07-20T20:21:01.324Z [ERROR] Fetch orderbook failed {[39m
[31m  "symbol": "BTCUSDT",[39m
[31m  "error": "Forbidden"[39m
[31m}[39m
[31m2025-07-20T20:21:01.834Z [ERROR] Fetch orderbook failed {[39m
[31m  "symbol": "ETHUSDT",[39m
[31m  "error": "Forbidden"[39m
[31m}[39m
[31m2025-07-20T20:21:02.318Z [ERROR] Fetch orderbook failed {[39m
[31m  "symbol": "TRUMPUSDT",[39m
[31m  "error": "Forbidden"[39m
[31m}[39m
[31m2025-07-20T20:21:02.828Z [ERROR] Fetch orderbook failed {[39m
[31m  "symbol": "BTCUSDT",[39m
[31m  "error": "Forbidden"[39m
[31m}[39m
[31m2025-07-20T20:21:03.327Z [ERROR] Fetch orderbook failed {[39m
[31m  "symbol": "ETHUSDT",[39m
[31m  "error": "Forbidden"[39m
[31m}[39m
[31m2025-07-20T20:21:03.808Z [ERROR] Fetch orderbook failed {[39m
[31m  "symbol": "TRUMPUSDT",[39m
[31m  "error": "Forbidden"[39m
[31m}[39m
[31m2025-07-20T20:21:04.317Z [ERROR] Fetch orderbook failed {[39m
[31m  "symbol": "BTCUSDT",[39m
[31m  "error": "Forbidden"[39m
[31m}[39m
[31m2025-07-20T20:21:04.827Z [ERROR] Fetch orderbook failed {[39m
[31m  "symbol": "ETHUSDT",[39m
[31m  "error": "Forbidden"[39m
[31m}[39m
[31m2025-07-20T20:21:05.329Z [ERROR] Fetch orderbook failed {[39m
[31m  "symbol": "TRUMPUSDT",[39m
[31m  "error": "Forbidden"[39m
[31m}[39m
[31m2025-07-20T20:21:05.828Z [ERROR] Fetch orderbook failed {[39m
[31m  "symbol": "BTCUSDT",[39m
[31m  "error": "Forbidden"[39m
[31m}[39m
[31m2025-07-20T20:21:06.329Z [ERROR] Fetch orderbook failed {[39m
[31m  "symbol": "ETHUSDT",[39m
[31m  "error": "Forbidden"[39m
[31m}[39m
[31m2025-07-20T20:21:06.831Z [ERROR] Fetch orderbook failed {[39m
[31m  "symbol": "TRUMPUSDT",[39m
[31m  "error": "Forbidden"[39m
[31m}[39m
[31m2025-07-20T20:21:07.338Z [ERROR] Fetch orderbook failed {[39m
[31m  "symbol": "BTCUSDT",[39m
[31m  "error": "Forbidden"[39m
[31m}[39m
[31m2025-07-20T20:21:08.026Z [ERROR] Fetch orderbook failed {[39m
[31m  "symbol": "ETHUSDT",[39m
[31m  "error": "Forbidden"[39m
[31m}[39m
[31m2025-07-20T20:21:08.485Z [ERROR] Fetch orderbook failed {[39m
[31m  "symbol": "TRUMPUSDT",[39m
[31m  "error": "Forbidden"[39m
[31m}[39m
[31m2025-07-20T20:21:08.983Z [ERROR] Fetch orderbook failed {[39m
[31m  "symbol": "BTCUSDT",[39m
[31m  "error": "Forbidden"[39m
[31m}[39m
[31m2025-07-20T20:21:09.499Z [ERROR] Fetch orderbook failed {[39m
[31m  "symbol": "ETHUSDT",[39m
[31m  "error": "Forbidden"[39m
[31m}[39m
[31m2025-07-20T20:21:10.010Z [ERROR] Fetch orderbook failed {[39m
[31m  "symbol": "TRUMPUSDT",[39m
[31m  "error": "Forbidden"[39m
[31m}[39m
[31m2025-07-20T20:21:10.513Z [ERROR] Fetch orderbook failed {[39m
[31m  "symbol": "BTCUSDT",[39m
[31m  "error": "Forbidden"[39m
[31m}[39m
[31m2025-07-20T20:21:11.015Z [ERROR] Fetch orderbook failed {[39m
[31m  "symbol": "ETHUSDT",[39m
[31m  "error": "Forbidden"[39m
[31m}[39m
[31m2025-07-20T20:21:11.539Z [ERROR] Fetch orderbook failed {[39m
[31m  "symbol": "TRUMPUSDT",[39m
[31m  "error": "Forbidden"[39m
[31m}[39m
[31m2025-07-20T20:21:12.021Z [ERROR] Fetch orderbook failed {[39m
[31m  "symbol": "BTCUSDT",[39m
[31m  "error": "Forbidden"[39m
[31m}[39m
[31m2025-07-20T20:21:12.551Z [ERROR] Fetch orderbook failed {[39m
[31m  "symbol": "ETHUSDT",[39m
[31m  "error": "Forbidden"[39m
[31m}[39m
[31m2025-07-20T20:21:13.056Z [ERROR] Fetch orderbook failed {[39m
[31m  "symbol": "TRUMPUSDT",[39m
[31m  "error": "Forbidden"[39m
[31m}[39m
[31m2025-07-20T20:21:13.559Z [ERROR] Fetch orderbook failed {[39m
[31m  "symbol": "BTCUSDT",[39m
[31m  "error": "Forbidden"[39m
[31m}[39m
[31m2025-07-20T20:21:14.051Z [ERROR] Fetch orderbook failed {[39m
[31m  "symbol": "ETHUSDT",[39m
[31m  "error": "Forbidden"[39m
[31m}[39m
[31m2025-07-20T20:21:14.583Z [ERROR] Fetch orderbook failed {[39m
[31m  "symbol": "TRUMPUSDT",[39m
[31m  "error": "Forbidden"[39m
[31m}[39m
[31m2025-07-20T20:21:15.113Z [ERROR] Fetch orderbook failed {[39m
[31m  "symbol": "BTCUSDT",[39m
[31m  "error": "Forbidden"[39m
[31m}[39m
[31m2025-07-20T20:21:15.576Z [ERROR] Fetch orderbook failed {[39m
[31m  "symbol": "ETHUSDT",[39m
[31m  "error": "Forbidden"[39m
[31m}[39m
[31m2025-07-20T20:21:16.096Z [ERROR] Fetch orderbook failed {[39m
[31m  "symbol": "TRUMPUSDT",[39m
[31m  "error": "Forbidden"[39m
[31m}[39m
[31m2025-07-20T20:21:16.658Z [ERROR] Fetch orderbook failed {[39m
[31m  "symbol": "BTCUSDT",[39m
[31m  "error": "Forbidden"[39m
[31m}[39m
[31m2025-07-20T20:21:17.173Z [ERROR] Fetch orderbook failed {[39m
[31m  "symbol": "ETHUSDT",[39m
[31m  "error": "Forbidden"[39m
[31m}[39m
[31m2025-07-20T20:21:17.690Z [ERROR] Fetch orderbook failed {[39m
[31m  "symbol": "TRUMPUSDT",[39m
[31m  "error": "Forbidden"[39m
[31m}[39m
[31m2025-07-20T20:21:18.188Z [ERROR] Fetch orderbook failed {[39m
[31m  "symbol": "BTCUSDT",[39m
[31m  "error": "Forbidden"[39m
[31m}[39m
[31m2025-07-20T20:21:18.662Z [ERROR] Fetch orderbook failed {[39m
[31m  "symbol": "ETHUSDT",[39m
[31m  "error": "Forbidden"[39m
[31m}[39m
[31m2025-07-20T20:21:19.179Z [ERROR] Fetch orderbook failed {[39m
[31m  "symbol": "TRUMPUSDT",[39m
[31m  "error": "Forbidden"[39m
[31m}[39m
[31m2025-07-20T20:21:19.681Z [ERROR] Fetch orderbook failed {[39m
[31m  "symbol": "BTCUSDT",[39m
[31m  "error": "Forbidden"[39m
[31m}[39m
[31m2025-07-20T20:21:20.189Z [ERROR] Fetch orderbook failed {[39m
[31m  "symbol": "ETHUSDT",[39m
[31m  "error": "Forbidden"[39m
[31m}[39m
[31m2025-07-20T20:21:20.702Z [ERROR] Fetch orderbook failed {[39m
[31m  "symbol": "TRUMPUSDT",[39m
[31m  "error": "Forbidden"[39m
[31m}[39m
[31m2025-07-20T20:21:21.202Z [ERROR] Fetch orderbook failed {[39m
[31m  "symbol": "BTCUSDT",[39m
[31m  "error": "Forbidden"[39m
[31m}[39m
